0;0;0;0;land;false;unknown;0
1;205;22;1;land;false;mountain;7
2;229;28;1;land;false;mountain;7
3;172;36;1;land;false;plains;7
4;167;6;1;land;false;plains;7
5;190;45;1;land;false;plains;7
6;172;22;1;land;false;hills;7
7;202;39;1;land;true;hills;7
8;196;53;1;land;true;mountain;7
9;179;38;1;land;false;plains;7
10;223;45;1;land;false;plains;7
11;217;58;1;land;false;plains;7
12;166;51;1;land;false;plains;7
13;231;57;1;land;false;plains;7
14;216;56;1;land;false;mountain;7
15;181;14;1;land;false;plains;7
16;239;30;1;land;false;hills;7
17;184;8;1;land;true;plains;7
18;183;18;1;land;false;plains;7
19;220;36;1;land;false;hills;7
20;211;56;1;land;false;plains;7
21;177;56;1;land;false;hills;7
22;210;54;1;land;false;plains;7
23;188;36;1;land;false;plains;7
24;233;21;1;land;false;mountain;7
25;180;15;1;land;false;plains;7
26;240;36;1;land;false;plains;7
27;172;1;1;land;false;hills;7
28;223;25;1;land;true;hills;7
29;173;11;1;land;false;plains;7
30;188;48;1;land;false;mountain;7
31;204;11;1;land;false;plains;7
32;211;30;1;land;false;plains;7
33;200;40;1;land;false;mountain;7
34;227;1;1;land;false;plains;7
35;167;9;1;land;true;plains;7
36;204;54;1;land;false;mountain;7
37;188;23;1;land;false;plains;7
38;227;30;1;land;true;hills;7
39;237;1;1;land;true;plains;7
40;220;3;1;land;false;mountain;7
41;214;29;1;land;false;hills;7
42;179;42;1;land;false;mountain;7
43;170;41;1;land;false;plains;7
44;187;23;1;land;false;hills;7
45;207;1;1;land;false;hills;7
46;207;16;1;land;false;plains;7
47;60;92;1;land;false;plains;7
48;85;55;1;land;false;plains;7
49;38;61;1;land;false;plains;7
50;80;23;1;land;false;hills;7
51;77;18;1;land;false;hills;7
52;19;84;1;land;false;plains;7
53;72;27;1;land;false;plains;7
54;61;48;1;land;false;plains;7
55;74;88;1;land;false;plains;7
56;225;60;1;land;false;urban;7
57;201;16;1;land;true;forest;7
58;229;21;1;land;false;forest;7
59;216;13;1;land;false;urban;7
60;191;12;1;land;true;forest;7
61;54;102;1;land;true;plains;7
62;50;130;1;land;true;hills;7
63;4;106;1;land;false;plains;7
64;57;149;1;land;true;plains;7
65;20;99;1;land;true;hills;7
66;33;131;1;land;true;plains;7
67;54;131;1;land;false;plains;7
68;43;161;1;land;true;hills;7
69;67;154;1;land;true;plains;7
70;56;155;1;land;true;plains;7
71;69;129;1;land;true;hills;7
72;26;135;1;land;true;hills;7
73;3;169;1;land;true;hills;7
74;5;167;1;land;false;plains;7
75;24;160;1;land;false;plains;7
76;63;113;1;land;false;plains;7
77;66;129;1;land;false;plains;7
78;65;95;1;land;false;plains;7
79;47;118;1;land;false;plains;7
80;29;118;1;land;false;plains;7
81;26;155;1;land;false;plains;7
82;60;108;1;land;false;hills;7
83;4;94;1;land;false;plains;7
84;65;132;1;land;false;plains;7
85;50;108;1;land;false;plains;7
86;34;154;1;land;false;plains;7
87;17;146;1;land;false;plains;7
88;36;157;1;land;false;plains;7
89;58;117;1;land;false;hills;7
90;58;92;1;land;false;plains;7
91;23;104;1;land;false;plains;7
92;11;112;1;land;false;plains;7
93;58;111;1;land;false;plains;7
94;25;117;1;land;false;plains;7
95;7;158;1;land;false;plains;7
96;28;146;1;land;false;plains;7
97;28;156;1;land;false;plains;7
98;31;165;1;land;false;plains;7
99;26;103;1;land;false;plains;7
100;1;154;1;land;false;hills;7
101;35;140;1;land;false;hills;7
102;54;115;1;land;false;plains;7
103;0;126;1;land;false;plains;7
104;47;139;1;land;false;plains;7
105;10;148;1;land;false;urban;7
106;62;167;1;land;false;plains;7
107;43;88;1;land;false;plains;7
108;8;97;1;land;false;plains;7
109;32;114;1;land;false;plains;7
110;54;159;1;land;false;urban;7
111;9;159;1;land;false;plains;7
112;34;144;1;land;false;hills;7
113;21;153;1;land;false;plains;7
114;11;147;1;land;false;plains;7
115;35;96;1;land;false;hills;7
116;56;91;1;land;false;hills;7
117;34;121;1;land;false;plains;7
118;34;112;1;land;false;plains;7
119;53;109;1;land;false;plains;7
120;50;94;1;land;false;plains;7
121;2;146;1;land;false;plains;7
122;55;144;1;land;false;hills;7
123;35;111;1;land;false;hills;7
124;11;127;1;land;false;plains;7
125;42;136;1;land;false;plains;7
126;34;153;1;land;false;hills;7
127;65;135;1;land;false;plains;7
128;62;117;1;land;false;hills;7
129;5;155;1;land;false;plains;7
130;42;158;1;land;false;plains;7
131;24;123;1;land;false;hills;7
132;11;95;1;land;false;plains;7
133;43;136;1;land;false;plains;7
134;20;123;1;land;false;plains;7
135;21;124;1;land;false;plains;7
136;15;149;1;land;false;plains;7
137;7;95;1;land;false;plains;7
138;44;139;1;land;false;hills;7
139;42;109;1;land;false;hills;7
140;23;138;1;land;false;plains;7
141;5;138;1;land;false;plains;7
142;1;150;1;land;false;plains;7
143;37;118;1;land;false;plains;7
144;49;132;1;land;false;plains;7
145;7;89;1;land;false;plains;7
146;22;142;1;land;false;hills;7
147;28;165;1;land;false;plains;7
148;28;131;1;land;false;plains;7
149;41;156;1;land;false;plains;7
150;29;252;1;land;false;plains;7
151;62;229;1;land;false;mountain;7
152;57;233;1;land;false;plains;7
153;15;185;1;land;false;plains;7
154;56;200;1;land;false;plains;7
155;103;225;1;land;false;hills;7
156;76;208;1;land;false;desert;7
157;92;235;1;land;false;desert;7
158;54;208;1;land;false;mountain;7
159;131;201;1;land;false;plains;7
160;102;200;1;land;false;plains;7
161;128;234;1;land;false;desert;7
162;112;233;1;land;false;plains;7
163;74;232;1;land;false;mountain;7
164;81;239;1;land;false;desert;7
165;83;239;1;land;false;desert;7
166;80;197;1;land;false;plains;7
167;125;239;1;land;false;hills;7
168;125;199;1;land;false;desert;7
169;83;246;1;land;false;desert;7
170;82;202;1;land;false;plains;7
171;109;232;1;land;false;plains;7
172;68;244;1;land;false;hills;7
173;59;227;1;land;false;hills;7
174;81;252;1;land;false;hills;7
175;109;246;1;land;false;hills;7
176;127;208;1;land;false;desert;7
177;99;206;1;land;false;plains;7
178;92;204;1;land;false;mountain;7
179;97;228;1;land;false;desert;7
180;53;207;1;land;false;hills;7
181;62;221;1;land;false;hills;7
182;108;220;1;land;false;plains;7
183;146;160;1;land;false;plains;7
184;126;159;1;land;true;mountain;7
185;149;135;1;land;false;mountain;7
186;136;179;1;land;false;hills;7
187;127;156;1;land;true;hills;7
188;130;145;1;land;true;hills;7
189;173;193;1;land;true;hills;7
190;135;204;1;land;false;hills;7
191;174;196;1;land;false;hills;7
192;186;215;1;land;false;mountain;7
193;213;153;1;land;false;mountain;7
194;193;175;1;land;false;hills;7
195;190;210;1;land;false;mountain;7
196;187;190;1;land;false;mountain;7
197;148;219;1;land;false;mountain;7
198;191;175;1;land;false;mountain;7
199;155;166;1;land;false;mountain;7
200;156;150;1;land;false;mountain;7
201;237;142;1;land;false;hills;7
202;208;135;1;land;false;hills;7
203;226;119;1;land;false;urban;7
204;194;126;1;land;false;plains;7
205;213;64;1;land;false;mountain;7
206;168;101;1;land;false;hills;7
207;236;81;1;land;false;mountain;7
208;186;66;1;land;false;hills;7
209;187;90;1;land;false;plains;7
210;194;102;1;land;false;plains;7
211;187;134;1;land;false;hills;7
212;182;102;1;land;false;hills;7
213;201;88;1;land;false;hills;7
214;206;102;1;land;false;hills;7
215;115;215;1;land;false;mountain;7
216;150;218;1;land;false;hills;7
217;163;249;1;land;false;hills;7
218;176;247;1;land;false;hills;7
219;161;233;1;land;false;mountain;7
220;144;220;1;land;false;mountain;7
221;100;251;1;land;false;hills;7
222;171;214;1;land;false;mountain;7
223;175;217;1;land;false;hills;7
224;169;245;1;land;false;mountain;7
225;151;222;1;land;false;hills;7
226;165;244;1;land;false;hills;7
227;123;229;1;land;false;plains;7
228;119;222;1;land;false;mountain;7
229;103;237;1;land;false;mountain;7
230;133;222;1;land;false;hills;7
231;30;214;1;land;false;hills;7
232;5;187;1;land;false;hills;7
233;3;217;1;land;false;plains;7
234;21;235;1;land;false;plains;7
235;15;182;1;land;false;plains;7
236;23;224;1;land;false;hills;7
237;38;243;1;land;false;hills;7
238;12;226;1;land;false;plains;7
239;22;180;1;land;false;plains;7
240;21;209;1;land;false;hills;7
241;37;221;1;land;false;plains;7
242;56;204;1;land;false;urban;7
243;27;242;1;land;false;desert;7
244;33;171;1;land;false;plains;7
245;36;175;1;land;false;plains;7
246;51;179;1;land;false;urban;7
247;34;211;1;land;false;hills;7
248;54;202;1;land;false;plains;7
249;157;96;1;land;false;urban;7
250;169;53;1;land;false;plains;7
251;127;116;1;land;false;urban;7
252;181;86;1;land;false;plains;7
253;131;101;1;land;false;urban;7
254;175;81;1;land;false;plains;7
255;181;115;1;land;false;plains;7
256;179;62;1;land;false;plains;7
257;141;54;1;land;false;plains;7
258;158;63;1;land;false;forest;7
259;195;188;1;land;false;hills;7
260;152;206;1;land;false;forest;7
261;200;205;1;land;false;forest;7
262;191;153;1;land;false;forest;7
263;178;148;1;land;false;forest;7
264;204;152;1;land;false;urban;7
265;163;151;1;land;false;urban;7
266;197;177;1;land;false;forest;7
267;160;193;1;land;false;forest;7
268;158;177;1;land;false;hills;7
269;189;174;1;land;false;forest;7
270;157;182;1;land;false;forest;7
271;171;216;1;land;false;urban;7
272;157;214;1;land;false;forest;7
273;166;159;1;land;false;forest;7
274;112;87;1;land;false;plains;7
275;113;43;1;land;false;hills;7
276;103;46;1;land;false;plains;7
277;74;83;1;land;false;plains;7
278;83;87;1;land;false;hills;7
279;103;25;1;land;false;plains;7
280;69;23;1;land;false;desert;7
281;48;99;1;land;false;hills;7
282;108;51;1;land;false;urban;7
283;71;55;1;land;false;plains;7
284;110;85;1;land;false;plains;7
285;102;93;1;land;false;hills;7
286;90;35;1;land;false;plains;7
287;54;93;1;land;false;desert;7
288;93;92;1;land;false;plains;7
289;76;57;1;land;false;plains;7
290;119;69;1;land;false;plains;7
291;123;51;1;land;false;urban;7
292;106;80;1;land;false;hills;7
293;71;30;1;land;false;desert;7
294;105;36;1;land;false;hills;7
295;69;53;1;land;false;plains;7
296;98;101;1;land;false;plains;7
297;102;42;1;land;false;hills;7
298;77;61;1;land;false;hills;7
299;75;54;1;land;false;hills;7
300;56;42;1;land;false;hills;7
301;83;70;1;land;false;plains;7
302;70;37;1;land;false;hills;7
303;116;46;1;land;false;plains;7
304;63;41;1;land;false;hills;7
305;61;32;1;land;false;plains;7
306;83;26;1;land;false;desert;7
307;97;92;1;land;false;desert;7
308;45;72;1;land;false;hills;7
309;74;28;1;land;false;plains;7
310;114;81;1;land;false;plains;7
311;77;59;1;land;false;desert;7
312;86;92;1;land;false;desert;7
313;120;81;1;land;false;desert;7
314;108;83;1;land;false;plains;7
315;58;82;1;land;false;plains;7
316;123;48;1;land;false;desert;7
317;113;69;1;land;false;hills;7
318;54;90;1;land;false;urban;7
319;75;65;1;land;false;hills;7
320;93;25;1;land;false;desert;7
321;115;69;1;land;false;desert;7
322;123;46;1;land;false;hills;7
323;107;85;1;land;false;mountain;7
324;101;46;1;land;false;plains;7
325;48;30;1;land;false;plains;7
326;83;83;1;land;false;desert;7
327;54;34;1;land;false;plains;7
328;85;91;1;land;false;hills;7
329;102;64;1;land;false;desert;7
330;222;58;1;land;false;plains;7
331;202;57;1;land;false;plains;7
332;227;14;1;land;false;plains;7
333;222;0;1;land;false;plains;7
334;197;47;1;land;false;plains;7
335;245;25;1;land;false;plains;7
336;216;26;1;land;false;plains;7
337;197;54;1;land;false;urban;7
338;204;29;1;land;false;urban;7
339;223;17;1;land;false;plains;7
340;241;42;1;land;false;plains;7
341;206;39;1;land;false;plains;7
342;204;10;1;land;false;plains;7
343;219;15;1;land;false;plains;7
344;249;18;1;land;false;hills;7
345;193;54;1;land;false;plains;7
346;240;15;1;land;false;plains;7
347;221;4;1;land;false;plains;7
348;236;36;1;land;false;plains;7
349;220;37;1;land;false;plains;7
350;236;15;1;land;false;plains;7
351;204;19;1;land;false;plains;7
352;254;12;1;land;false;plains;7
353;229;53;1;land;false;plains;7
354;195;57;1;land;false;plains;7
355;208;5;1;land;false;plains;7
356;250;27;1;land;false;plains;7
357;198;49;1;land;false;plains;7
358;22;0;1;land;false;plains;7
359;22;20;1;land;false;plains;7
360;3;68;1;land;false;forest;7
361;32;44;1;land;false;plains;7
362;51;32;1;land;false;urban;7
363;25;17;1;land;false;plains;7
364;22;35;1;land;false;plains;7
365;49;2;1;land;false;forest;7
366;49;53;1;land;false;forest;7
367;29;29;1;land;false;plains;7
368;29;51;1;land;false;plains;7
369;16;58;1;land;false;plains;7
370;27;20;1;land;false;urban;7
371;250;86;1;land;false;plains;7
372;247;134;1;land;false;plains;7
373;254;124;1;land;false;urban;7
374;218;89;1;land;false;urban;7
375;254;77;1;land;false;plains;7
376;249;107;1;land;false;plains;7
377;239;79;1;land;false;plains;7
378;210;114;1;land;false;mountain;7
379;164;114;1;land;false;mountain;7
380;141;91;1;land;false;plains;7
381;204;65;1;land;false;plains;7
382;200;71;1;land;false;hills;7
383;139;107;1;land;false;plains;7
384;156;85;1;land;false;plains;7
385;155;53;1;land;false;urban;7
386;206;80;1;land;false;plains;7
387;195;69;1;land;false;hills;7
388;180;91;1;land;false;plains;7
389;198;91;1;land;false;hills;7
390;211;106;1;land;false;plains;7
391;168;67;1;land;false;mountain;7
392;208;51;1;land;false;plains;7
393;191;110;1;land;false;hills;7
394;138;96;1;land;false;hills;7
395;139;82;1;land;false;plains;7
396;204;101;1;land;false;plains;7
397;153;82;1;land;false;plains;7
398;181;88;1;land;false;urban;7
399;208;92;1;land;true;plains;7
400;182;123;1;land;false;forest;7
401;243;96;1;land;false;forest;7
402;230;108;1;land;true;plains;7
403;229;82;1;land;false;urban;7
404;244;132;1;land;false;plains;7
405;218;81;1;land;false;urban;7
406;209;63;1;land;false;plains;7
407;99;60;1;land;false;urban;7
408;151;64;1;land;false;urban;7
409;139;109;1;land;false;plains;7
410;150;95;1;land;false;plains;7
411;119;40;1;land;false;plains;7
412;100;43;1;land;false;plains;7
413;155;103;1;land;false;plains;7
414;98;77;1;land;false;plains;7
415;96;82;1;land;false;plains;7
416;113;36;1;land;false;urban;7
417;157;75;1;land;false;plains;7
418;112;240;1;land;false;mountain;7
419;107;213;1;land;false;plains;7
420;77;242;1;land;false;hills;7
421;102;212;1;land;false;mountain;7
422;102;234;1;land;false;hills;7
423;97;240;1;land;false;hills;7
424;132;69;1;land;false;mountain;7
425;148;81;1;land;false;mountain;7
426;106;108;1;land;false;hills;7
427;113;66;1;land;false;plains;7
428;112;39;1;land;false;hills;7
429;146;51;1;land;false;hills;7
430;142;92;1;land;false;plains;7
431;162;84;1;land;false;hills;7
432;143;103;1;land;false;mountain;7
433;157;58;1;land;false;mountain;7
434;125;39;1;land;false;hills;7
435;134;86;1;land;false;plains;7
436;107;43;1;land;false;hills;7
437;131;74;1;land;false;plains;7
438;165;54;1;land;false;mountain;7
439;121;63;1;land;false;mountain;7
440;128;38;1;land;false;mountain;7
441;147;105;1;land;false;desert;7
442;129;41;1;land;false;hills;7
443;115;97;1;land;false;mountain;7
444;92;48;1;land;false;plains;7
445;38;86;1;land;false;plains;7
446;28;37;1;land;false;plains;7
447;69;21;1;land;false;plains;7
448;48;46;1;land;false;hills;7
449;94;64;1;land;false;hills;7
450;69;58;1;land;false;plains;7
451;17;47;1;land;false;plains;7
452;30;18;1;land;false;plains;7
453;83;40;1;land;false;mountain;7
454;19;20;1;land;false;hills;7
455;25;49;1;land;false;plains;7
456;62;16;1;land;false;plains;7
457;29;24;1;land;false;plains;7
458;58;42;1;land;false;plains;7
459;55;43;1;land;false;plains;7
460;28;50;1;land;false;mountain;7
461;36;25;1;land;false;hills;7
462;64;72;1;land;false;plains;7
463;87;45;1;land;false;plains;7
464;55;45;1;land;false;plains;7
465;117;76;1;land;false;urban;7
466;115;27;1;land;false;mountain;7
467;106;89;1;land;false;hills;7
468;78;33;1;land;false;mountain;7
469;71;90;1;land;false;mountain;7
470;86;59;1;land;false;mountain;7
471;57;39;1;land;false;mountain;7
472;111;95;1;land;false;plains;7
473;83;61;1;land;false;mountain;7
474;136;93;1;land;false;hills;7
475;112;72;1;land;false;mountain;7
476;90;25;1;land;false;hills;7
477;115;51;1;land;false;hills;7
478;98;42;1;land;false;mountain;7
479;90;74;1;land;false;plains;7
480;135;91;1;land;false;hills;7
481;95;24;1;land;false;hills;7
482;73;99;1;land;false;mountain;7
483;72;67;1;land;false;plains;7
484;69;47;1;land;false;urban;7
485;64;57;1;land;false;mountain;7
486;111;97;1;land;false;mountain;7
487;110;45;1;land;false;mountain;7
488;122;89;1;land;false;hills;7
489;128;60;1;land;false;mountain;7
490;78;97;1;land;false;mountain;7
491;92;73;1;land;false;mountain;7
492;112;44;1;land;false;hills;7
493;70;169;1;land;false;hills;7
494;128;113;1;land;false;plains;7
495;137;163;1;land;false;plains;7
496;106;118;1;land;false;plains;7
497;79;178;1;land;false;plains;7
498;135;185;1;land;false;plains;7
499;90;113;1;land;false;plains;7
500;72;132;1;land;false;hills;7
501;134;167;1;land;false;hills;7
502;79;125;1;land;false;plains;7
503;139;171;1;land;false;plains;7
504;105;153;1;land;false;plains;7
505;145;179;1;land;false;plains;7
506;124;189;1;land;false;plains;7
507;125;177;1;land;false;plains;7
508;71;120;1;land;false;plains;7
509;100;142;1;land;false;plains;7
510;131;179;1;land;false;hills;7
511;71;189;1;land;false;plains;7
512;77;114;1;land;false;hills;7
513;86;189;1;land;false;hills;7
514;206;8;1;land;false;forest;7
515;204;38;1;land;false;hills;7
516;144;41;1;land;false;hills;7
517;203;7;1;land;false;hills;7
518;159;20;1;land;false;hills;7
519;168;35;1;land;false;forest;7
520;146;3;1;land;false;mountain;7
521;171;15;1;land;false;hills;7
522;150;4;1;land;false;forest;7
523;105;226;1;land;false;mountain;7
524;60;205;1;land;false;mountain;7
525;101;215;1;land;false;mountain;7
526;72;251;1;land;false;mountain;7
527;127;234;1;land;false;mountain;7
528;132;216;1;land;false;mountain;7
529;119;241;1;land;false;mountain;7
530;117;194;1;land;false;hills;7
531;56;194;1;land;false;hills;7
532;163;194;1;land;false;plains;7
533;155;136;1;land;true;plains;7
534;152;178;1;land;false;plains;7
535;136;166;1;land;true;desert;7
536;155;129;1;land;false;plains;7
537;195;156;1;land;false;desert;7
538;181;132;1;land;true;desert;7
539;171;127;1;land;false;plains;7
540;132;137;1;land;false;plains;7
541;180;156;1;land;false;plains;7
542;191;139;1;land;false;urban;7
543;157;143;1;land;true;plains;7
544;127;183;1;land;true;desert;7
545;138;201;1;land;false;urban;7
546;195;137;1;land;false;urban;7
547;129;187;1;land;false;plains;7
548;149;161;1;land;true;urban;7
549;128;182;1;land;true;desert;7
550;131;154;1;land;false;plains;7
551;122;195;1;land;false;plains;7
552;154;139;1;land;false;plains;7
553;152;128;1;land;false;plains;7
554;184;158;1;land;false;plains;7
555;144;143;1;land;false;plains;7
556;195;195;1;land;false;urban;7
557;167;190;1;land;false;plains;7
558;234;198;1;land;false;plains;7
559;236;214;1;land;false;plains;7
560;199;185;1;land;false;plains;7
561;220;153;1;land;false;plains;7
562;211;172;1;land;false;plains;7
563;190;150;1;land;false;plains;7
564;236;155;1;land;false;plains;7
565;237;197;1;land;false;plains;7
566;191;214;1;land;false;plains;7
567;169;214;1;land;false;hills;7
568;165;212;1;land;false;plains;7
569;206;196;1;land;false;plains;7
570;161;198;1;land;false;hills;7
571;233;216;1;land;false;plains;7
572;194;189;1;land;false;plains;7
573;214;174;1;land;false;plains;7
574;170;162;1;land;false;plains;7
575;201;163;1;land;false;plains;7
576;225;218;1;land;false;plains;7
577;46;80;1;land;false;hills;7
578;54;71;1;land;false;hills;7
579;28;9;1;land;false;plains;7
580;66;10;1;land;false;plains;7
581;40;80;1;land;false;plains;7
582;28;78;1;land;false;desert;7
583;23;55;1;land;false;plains;7
584;35;55;1;land;false;hills;7
585;44;27;1;land;false;plains;7
586;19;24;1;land;false;plains;7
587;67;33;1;land;false;plains;7
588;85;81;1;land;false;plains;7
589;30;83;1;land;false;desert;7
590;33;7;1;land;false;plains;7
591;42;73;1;land;true;hills;7
592;28;47;1;land;false;plains;7
593;64;27;1;land;false;plains;7
594;10;64;1;land;false;hills;7
595;41;75;1;land;false;hills;7
596;79;45;1;land;false;plains;7
597;83;18;1;land;false;plains;7
598;78;37;1;land;false;plains;7
599;53;68;1;land;false;hills;7
600;85;49;1;land;true;hills;7
601;60;85;1;land;false;plains;7
602;77;66;1;land;false;plains;7
603;84;16;1;land;false;plains;7
604;11;60;1;land;false;plains;7
605;72;12;1;land;false;plains;7
606;36;28;1;land;false;desert;7
607;190;100;1;land;false;mountain;7
608;233;94;1;land;true;plains;7
609;193;133;1;land;false;plains;7
610;223;135;1;land;false;plains;7
611;242;67;1;land;false;hills;7
612;175;96;1;land;true;plains;7
613;225;78;1;land;false;plains;7
614;198;61;1;land;true;plains;7
615;206;78;1;land;false;hills;7
616;234;88;1;land;false;hills;7
617;191;102;1;land;false;hills;7
618;237;89;1;land;false;plains;7
619;184;132;1;land;false;plains;7
620;230;132;1;land;false;hills;7
621;190;89;1;land;false;plains;7
622;225;89;1;land;false;plains;7
623;185;84;1;land;false;plains;7
624;176;122;1;land;false;plains;7
625;246;120;1;land;false;plains;7
626;237;105;1;land;false;plains;7
627;183;131;1;land;false;plains;7
628;206;77;1;land;false;plains;7
629;229;114;1;land;false;plains;7
630;234;79;1;land;true;plains;7
631;236;137;1;land;false;plains;7
632;204;111;1;land;false;hills;7
633;243;73;1;land;false;plains;7
634;223;122;1;land;false;plains;7
635;226;73;1;land;false;plains;7
636;183;121;1;land;false;plains;7
637;228;65;1;land;true;plains;7
638;246;93;1;land;false;plains;7
639;238;103;1;land;false;hills;7
640;220;78;1;land;true;plains;7
641;182;133;1;land;true;plains;7
642;209;91;1;land;false;mountain;7
643;168;93;1;land;false;plains;7
644;185;111;1;land;false;plains;7
645;182;86;1;land;false;plains;7
646;160;86;1;land;true;plains;7
647;210;68;1;land;true;desert;7
648;164;79;1;land;false;plains;7
649;175;121;1;land;false;plains;7
650;156;75;1;land;false;plains;7
651;228;129;1;land;true;desert;7
652;210;67;1;land;false;hills;7
653;202;91;1;land;false;plains;7
654;211;101;1;land;false;hills;7
655;222;60;1;land;true;desert;7
656;205;106;1;land;false;plains;7
657;228;53;1;land;false;hills;7
658;232;132;1;land;false;plains;7
659;41;234;1;land;false;plains;7
660;67;218;1;land;false;urban;7
661;29;229;1;land;false;urban;7
662;19;246;1;land;false;plains;7
663;73;216;1;land;false;plains;7
664;65;228;1;land;false;plains;7
665;64;200;1;land;false;hills;7
666;50;177;1;land;false;urban;7
667;32;179;1;land;false;hills;7
668;21;239;1;land;false;plains;7
669;54;179;1;land;false;plains;7
670;51;240;1;land;false;hills;7
671;42;179;1;land;false;hills;7
672;61;242;1;land;false;hills;7
673;68;206;1;land;false;hills;7
674;72;195;1;land;false;plains;7
675;11;223;1;land;false;urban;7
676;31;243;1;land;false;hills;7
677;30;208;1;land;false;plains;7
678;73;229;1;land;false;plains;7
679;79;247;1;land;false;plains;7
680;39;240;1;land;false;plains;7
681;86;201;1;land;false;plains;7
682;241;126;1;land;true;hills;7
683;236;95;1;land;true;plains;7
684;216;110;1;land;false;plains;7
685;203;68;1;land;false;hills;7
686;231;136;1;land;true;plains;7
687;243;70;1;land;true;hills;7
688;231;75;1;land;false;mountain;7
689;246;143;1;land;false;hills;7
690;208;72;1;land;true;plains;7
691;239;72;1;land;true;hills;7
692;226;142;1;land;false;plains;7
693;208;145;1;land;false;plains;7
694;211;95;1;land;false;hills;7
695;205;99;1;land;false;hills;7
696;181;220;1;land;false;hills;7
697;212;162;1;land;false;plains;7
698;253;162;1;land;true;plains;7
699;187;203;1;land;true;plains;7
700;237;221;1;land;false;hills;7
701;185;159;1;land;false;hills;7
702;207;175;1;land;false;plains;7
703;199;200;1;land;false;plains;7
704;184;176;1;land;false;plains;7
705;201;167;1;land;true;plains;7
706;221;216;1;land;false;plains;7
707;251;171;1;land;false;plains;7
708;185;211;1;land;false;hills;7
709;250;156;1;land;false;plains;7
710;236;216;1;land;false;plains;7
711;211;187;1;land;true;plains;7
712;228;195;1;land;false;plains;7
713;184;166;1;land;false;plains;7
714;254;212;1;land;true;plains;7
715;184;212;1;land;false;plains;7
716;231;194;1;land;false;hills;7
717;252;171;1;land;false;plains;7
718;191;198;1;land;false;plains;7
719;219;150;1;land;false;plains;7
720;199;215;1;land;false;plains;7
721;41;181;1;land;false;urban;7
722;13;204;1;land;false;plains;7
723;6;186;1;land;false;plains;7
724;13;184;1;land;false;plains;7
725;6;211;1;land;false;plains;7
726;2;193;1;land;false;plains;7
727;29;224;1;land;false;plains;7
728;18;194;1;land;false;plains;7
729;12;235;1;land;false;plains;7
730;6;192;1;land;false;plains;7
731;43;216;1;land;false;plains;7
732;10;221;1;land;false;plains;7
733;2;197;1;land;false;plains;7
734;5;207;1;land;false;plains;7
735;45;225;1;land;false;plains;7
736;8;199;1;land;false;plains;7
737;20;161;1;land;false;plains;7
738;16;237;1;land;false;plains;7
739;34;172;1;land;false;plains;7
740;34;234;1;land;false;hills;7
741;23;167;1;land;false;plains;7
742;7;235;1;land;false;plains;7
743;1;173;1;land;false;plains;7
744;24;191;1;land;false;plains;7
745;38;168;1;land;false;plains;7
746;19;187;1;land;false;plains;7
747;40;188;1;land;false;plains;7
748;33;168;1;land;false;plains;7
749;41;190;1;land;false;plains;7
750;27;210;1;land;false;plains;7
751;8;164;1;land;false;plains;7
752;31;161;1;land;false;plains;7
753;40;235;1;land;false;plains;7
754;15;237;1;land;false;plains;7
755;25;213;1;land;false;plains;7
756;23;164;1;land;false;plains;7
757;15;188;1;land;false;plains;7
758;41;232;1;land;false;plains;7
759;0;225;1;land;false;plains;7
760;60;38;1;land;false;plains;7
761;67;56;1;land;false;hills;7
762;50;33;1;land;false;plains;7
763;16;2;1;land;false;hills;7
764;50;7;1;land;false;plains;7
765;7;75;1;land;false;plains;7
766;30;13;1;land;false;hills;7
767;234;35;1;land;false;plains;7
768;189;19;1;land;false;urban;7
769;195;3;1;land;false;plains;7
770;192;11;1;land;false;plains;7
771;226;42;1;land;false;hills;7
772;188;27;1;land;false;plains;7
773;214;0;1;land;false;plains;7
774;222;10;1;land;false;plains;7
775;241;24;1;land;false;hills;7
776;204;3;1;land;false;plains;7
777;223;42;1;land;false;plains;7
778;171;38;1;land;false;plains;7
779;193;12;1;land;false;hills;7
780;174;37;1;land;false;hills;7
781;208;39;1;land;false;plains;7
782;233;8;1;land;false;hills;7
783;225;5;1;land;false;hills;7
784;222;33;1;land;false;plains;7
785;186;27;1;land;false;hills;7
786;175;28;1;land;false;plains;7
787;227;41;1;land;false;hills;7
788;87;107;1;land;false;hills;7
789;94;162;1;land;false;plains;7
790;92;155;1;land;false;plains;7
791;57;108;1;land;false;plains;7
792;71;109;1;land;false;plains;7
793;66;170;1;land;false;hills;7
794;65;166;1;land;false;hills;7
795;22;163;1;land;false;hills;7
796;40;93;1;land;false;hills;7
797;39;150;1;land;false;hills;7
798;61;148;1;land;false;plains;7
799;87;109;1;land;false;hills;7
800;22;116;1;land;false;hills;7
801;93;153;1;land;false;plains;7
802;81;158;1;land;false;hills;7
803;61;100;1;land;false;plains;7
804;34;160;1;land;false;plains;7
805;37;94;1;land;false;plains;7
806;54;130;1;land;false;mountain;7
807;56;136;1;land;false;hills;7
808;243;9;1;land;false;mountain;7
809;217;55;1;land;false;mountain;7
810;224;50;1;land;false;hills;7
811;235;11;1;land;false;hills;7
812;215;28;1;land;false;hills;7
813;228;13;1;land;false;hills;7
814;221;28;1;land;false;mountain;7
815;247;2;1;land;false;mountain;7
816;209;49;1;land;false;hills;7
817;245;29;1;land;false;mountain;7
818;228;45;1;land;false;mountain;7
819;235;34;1;land;false;mountain;7
820;247;43;1;land;false;mountain;7
821;220;63;1;land;false;mountain;7
822;209;39;1;land;false;mountain;7
823;208;37;1;land;false;mountain;7
824;213;34;1;land;false;hills;7
825;220;1;1;land;false;hills;7
826;222;13;1;land;false;mountain;7
827;232;47;1;land;false;mountain;7
828;40;192;1;land;false;hills;7
829;41;228;1;land;false;mountain;7
830;38;233;1;land;false;plains;7
831;27;213;1;land;false;mountain;7
832;12;194;1;land;false;plains;7
833;50;183;1;land;false;plains;7
834;45;180;1;land;false;plains;7
835;1;168;1;land;false;plains;7
836;31;169;1;land;false;hills;7
837;14;173;1;land;false;plains;7
838;47;216;1;land;false;hills;7
839;11;171;1;land;false;plains;7
840;9;234;1;land;false;hills;7
841;23;172;1;land;false;hills;7
842;4;164;1;land;false;plains;7
843;40;170;1;land;false;mountain;7
844;5;194;1;land;false;hills;7
845;40;208;1;land;false;hills;7
846;25;203;1;land;false;plains;7
847;50;192;1;land;false;mountain;7
848;48;197;1;land;false;hills;7
849;20;189;1;land;false;plains;7
850;32;195;1;land;false;hills;7
851;50;213;1;land;false;hills;7
852;38;181;1;land;false;hills;7
853;43;202;1;land;false;plains;7
854;1;165;1;land;false;hills;7
855;18;224;1;land;false;plains;7
856;26;85;1;land;false;plains;7
857;61;94;1;land;false;plains;7
858;26;124;1;land;false;plains;7
859;24;145;1;land;false;plains;7
860;56;111;1;land;false;plains;7
861;23;123;1;land;false;plains;7
862;29;85;1;land;false;plains;7
863;53;97;1;land;false;urban;7
864;60;129;1;land;false;plains;7
865;25;127;1;land;false;plains;7
866;55;157;1;land;false;plains;7
867;55;83;1;land;false;plains;7
868;20;108;1;land;false;urban;7
869;13;82;1;land;false;plains;7
870;2;101;1;land;false;plains;7
871;53;156;1;land;false;plains;7
872;48;81;1;land;false;plains;7
873;21;117;1;land;false;plains;7
874;53;113;1;land;false;plains;7
875;28;92;1;land;false;plains;7
876;31;149;1;land;false;plains;7
877;62;135;1;land;false;plains;7
878;53;141;1;land;false;plains;7
879;91;150;1;land;false;plains;7
880;26;161;1;land;false;plains;7
881;72;163;1;land;false;urban;7
882;82;161;1;land;false;plains;7
883;102;101;1;land;false;plains;7
884;253;168;1;land;false;mountain;7
885;216;168;1;land;false;hills;7
886;221;213;1;land;false;mountain;7
887;253;194;1;land;false;hills;7
888;230;184;1;land;false;hills;7
889;247;207;1;land;false;hills;7
890;252;223;1;land;false;mountain;7
891;34;191;1;land;false;urban;7
892;44;191;1;land;true;plains;7
893;32;191;1;land;true;plains;7
894;8;204;1;land;false;urban;7
895;40;32;1;land;false;urban;7
896;49;20;1;land;false;plains;7
897;75;71;1;land;false;plains;7
898;34;58;1;land;false;plains;7
899;94;63;1;land;false;plains;7
900;72;25;1;land;false;plains;7
901;51;83;1;land;false;urban;7
902;39;44;1;land;false;plains;7
903;39;61;1;land;false;plains;7
904;47;69;1;land;false;plains;7
905;79;37;1;land;false;plains;7
906;90;13;1;land;false;urban;7
907;22;73;1;land;false;urban;7
908;27;23;1;land;false;urban;7
909;54;67;1;land;false;plains;7
910;71;25;1;land;false;plains;7
911;76;53;1;land;false;urban;7
912;37;76;1;land;false;plains;7
913;76;33;1;land;false;plains;7
914;45;60;1;land;false;plains;7
915;92;68;1;land;false;plains;7
916;154;234;1;land;false;plains;7
917;194;227;1;land;false;urban;7
918;145;223;1;land;false;plains;7
919;187;237;1;land;false;plains;7
920;188;242;1;land;false;hills;7
921;174;254;1;land;false;plains;7
922;161;245;1;land;false;plains;7
923;141;246;1;land;false;plains;7
924;156;244;1;land;false;mountain;7
925;128;231;1;land;false;plains;7
926;150;216;1;land;false;plains;7
927;185;252;1;land;false;mountain;7
928;155;242;1;land;false;plains;7
929;176;245;1;land;false;urban;7
930;155;85;1;land;false;desert;7
931;131;92;1;land;false;plains;7
932;182;68;1;land;false;desert;7
933;159;105;1;land;false;desert;7
934;127;109;1;land;true;plains;7
935;124;85;1;land;false;plains;7
936;145;97;1;land;false;desert;7
937;134;42;1;land;true;plains;7
938;137;44;1;land;false;desert;7
939;146;71;1;land;false;plains;7
940;144;43;1;land;false;desert;7
941;126;112;1;land;false;desert;7
942;171;40;1;land;true;plains;7
943;165;81;1;land;false;plains;7
944;182;63;1;land;false;desert;7
945;167;64;1;land;true;desert;7
946;147;48;1;land;false;desert;7
947;140;61;1;land;true;plains;7
948;158;112;1;land;false;desert;7
949;186;78;1;land;false;plains;7
950;182;48;1;land;true;plains;7
951;151;66;1;land;false;plains;7
952;136;106;1;land;true;desert;7
953;138;68;1;land;false;plains;7
954;131;110;1;land;false;plains;7
955;153;113;1;land;true;desert;7
956;143;89;1;land;false;desert;7
957;155;109;1;land;true;desert;7
958;185;108;1;land;false;desert;7
959;163;82;1;land;true;plains;7
960;179;89;1;land;false;desert;7
961;158;94;1;land;false;desert;7
962;15;1;1;land;false;hills;7
963;55;46;1;land;false;plains;7
964;12;48;1;land;false;hills;7
965;68;17;1;land;false;hills;7
966;9;50;1;land;false;plains;7
967;65;64;1;land;false;mountain;7
968;56;63;1;land;false;hills;7
969;8;21;1;land;false;hills;7
970;54;11;1;land;false;mountain;7
971;30;8;1;land;false;hills;7
972;85;187;1;land;false;plains;7
973;80;173;1;land;false;hills;7
974;82;172;1;land;false;plains;7
975;71;155;1;land;false;forest;7
976;40;124;1;land;false;hills;7
977;60;175;1;land;false;forest;7
978;36;164;1;land;false;forest;7
979;17;157;1;land;false;mountain;7
980;47;177;1;land;false;plains;7
981;68;162;1;land;false;plains;7
982;83;183;1;land;false;plains;7
983;83;175;1;land;false;hills;7
984;82;142;1;land;false;hills;7
985;26;112;1;land;false;hills;7
986;37;142;1;land;false;hills;7
987;49;174;1;land;false;plains;7
988;38;145;1;land;false;mountain;7
989;56;147;1;land;false;forest;7
990;72;174;1;land;false;forest;7
991;72;160;1;land;false;hills;7
992;231;155;1;land;false;hills;7
993;222;89;1;land;false;hills;7
994;232;153;1;land;false;hills;7
995;205;117;1;land;false;hills;7
996;231;117;1;land;false;hills;7
997;231;157;1;land;false;mountain;7
998;232;122;1;land;false;hills;7
999;251;120;1;land;false;hills;7
1000;232;94;1;land;false;hills;7
1001;238;107;1;land;false;mountain;7
1002;248;110;1;land;false;hills;7
1003;219;146;1;land;false;hills;7
1004;206;144;1;land;false;mountain;7
1005;231;133;1;land;false;hills;7
1006;215;145;1;land;false;hills;7
1007;233;158;1;land;false;hills;7
1008;237;108;1;land;false;hills;7
1009;192;90;1;land;false;hills;7
1010;87;194;1;land;false;plains;7
1011;70;214;1;land;false;hills;7
1012;72;199;1;land;true;plains;7
1013;67;219;1;land;false;mountain;7
1014;58;232;1;land;false;plains;7
1015;110;238;1;land;true;plains;7
1016;82;225;1;land;false;plains;7
1017;120;190;1;land;true;hills;7
1018;128;253;1;land;false;plains;7
1019;124;212;1;land;false;plains;7
1020;68;184;1;land;false;plains;7
1021;101;203;1;land;true;plains;7
1022;78;185;1;land;false;plains;7
1023;88;251;1;land;true;plains;7
1024;98;222;1;land;false;hills;7
1025;62;200;1;land;false;plains;7
1026;94;226;1;land;false;plains;7
1027;53;194;1;land;true;plains;7
1028;74;228;1;land;false;plains;7
1029;83;196;1;land;false;plains;7
1030;122;247;1;land;false;mountain;7
1031;88;233;1;land;false;plains;7
1032;76;228;1;land;false;plains;7
1033;85;238;1;land;false;plains;7
1034;111;244;1;land;false;plains;7
1035;118;216;1;land;false;plains;7
1036;73;218;1;land;false;hills;7
1037;61;183;1;land;false;hills;7
1038;99;254;1;land;false;plains;7
1039;118;219;1;land;false;plains;7
1040;113;195;1;land;false;plains;7
1041;103;236;1;land;false;plains;7
1042;65;199;1;land;false;plains;7
1043;81;215;1;land;false;plains;7
1044;57;213;1;land;false;plains;7
1045;105;188;1;land;true;plains;7
1046;68;240;1;land;false;plains;7
1047;113;230;1;land;false;plains;7
1048;69;210;1;land;false;plains;7
1049;82;231;1;land;false;plains;7
1050;105;236;1;land;false;plains;7
1051;59;209;1;land;true;plains;7
1052;57;188;1;land;false;plains;7
1053;105;242;1;land;false;plains;7
1054;97;235;1;land;false;plains;7
1055;107;224;1;land;false;plains;7
1056;59;241;1;land;false;plains;7
1057;63;209;1;land;true;hills;7
1058;71;188;1;land;false;plains;7
1059;70;223;1;land;true;plains;7
1060;92;201;1;land;false;plains;7
1061;86;218;1;land;false;plains;7
1062;124;241;1;land;false;plains;7
1063;121;242;1;land;false;plains;7
1064;117;208;1;land;false;plains;7
1065;107;238;1;land;false;plains;7
1066;99;215;1;land;false;plains;7
1067;79;251;1;land;true;hills;7
1068;50;225;1;land;false;plains;7
1069;77;196;1;land;false;plains;7
1070;49;239;1;land;true;plains;7
1071;87;249;1;land;false;mountain;7
1072;63;233;1;land;false;plains;7
1073;122;249;1;land;true;plains;7
1074;82;245;1;land;false;plains;7
1075;113;204;1;land;false;plains;7
1076;50;229;1;land;false;plains;7
1077;54;217;1;land;false;plains;7
1078;95;43;1;land;false;hills;7
1079;32;62;1;land;false;mountain;7
1080;29;84;1;land;false;plains;7
1081;52;61;1;land;false;plains;7
1082;25;80;1;land;false;plains;7
1083;57;88;1;land;false;plains;7
1084;78;47;1;land;false;hills;7
1085;66;62;1;land;false;hills;7
1086;75;30;1;land;false;plains;7
1087;95;46;1;land;false;hills;7
1088;42;89;1;land;false;hills;7
1089;32;72;1;land;false;plains;7
1090;62;51;1;land;false;hills;7
1091;91;81;1;land;false;hills;7
1092;69;73;1;land;false;plains;7
1093;46;66;1;land;false;hills;7
1094;35;138;1;land;false;plains;7
1095;55;109;1;land;false;plains;7
1096;50;109;1;land;false;plains;7
1097;46;94;1;land;false;plains;7
1098;41;162;1;land;false;urban;7
1099;101;152;1;land;false;plains;7
1100;89;93;1;land;false;urban;7
1101;99;147;1;land;false;plains;7
1102;84;98;1;land;false;urban;7
1103;60;239;1;land;false;mountain;7
1104;64;223;1;land;true;hills;7
1105;74;213;1;land;false;hills;7
1106;51;230;1;land;false;mountain;7
1107;90;253;1;land;true;hills;7
1108;64;217;1;land;true;hills;7
1109;104;228;1;land;true;mountain;7
1110;114;235;1;land;false;mountain;7
1111;117;237;1;land;false;hills;7
1112;66;233;1;land;true;plains;7
1113;99;234;1;land;false;hills;7
1114;135;29;1;land;false;hills;7
1115;101;44;1;land;false;plains;7
1116;107;11;1;land;false;hills;7
1117;127;0;1;land;true;desert;7
1118;107;23;1;land;false;hills;7
1119;98;0;1;land;false;desert;7
1120;144;22;1;land;false;plains;7
1121;143;43;1;land;true;desert;7
1122;162;10;1;land;true;desert;7
1123;119;1;1;land;true;desert;7
1124;155;0;1;land;false;desert;7
1125;104;0;1;land;false;plains;7
1126;110;37;1;land;false;desert;7
1127;128;15;1;land;true;desert;7
1128;104;39;1;land;false;desert;7
1129;159;22;1;land;false;desert;7
1130;138;30;1;land;false;desert;7
1131;108;11;1;land;false;desert;7
1132;129;36;1;land;false;plains;7
1133;250;211;1;land;false;plains;7
1134;240;208;1;land;false;urban;7
1135;220;204;1;land;false;plains;7
1136;229;213;1;land;false;urban;7
1137;221;220;1;land;false;plains;7
1138;224;186;1;land;false;hills;7
1139;216;193;1;land;false;hills;7
1140;247;200;1;land;false;plains;7
1141;216;237;1;land;false;plains;7
1142;226;229;1;land;false;plains;7
1143;221;189;1;land;false;mountain;7
1144;235;252;1;land;false;plains;7
1145;216;224;1;land;false;plains;7
1146;246;211;1;land;false;urban;7
1147;232;211;1;land;false;plains;7
1148;243;199;1;land;false;plains;7
1149;250;242;1;land;false;plains;7
1150;220;249;1;land;false;plains;7
1151;228;234;1;land;false;mountain;7
1152;224;246;1;land;false;plains;7
1153;239;181;1;land;false;plains;7
1154;217;202;1;land;false;hills;7
1155;236;185;1;land;false;hills;7
1156;224;223;1;land;false;plains;7
1157;235;253;1;land;false;plains;7
1158;243;181;1;land;false;urban;7
1159;230;249;1;land;false;plains;7
1160;57;109;1;land;true;plains;7
1161;68;123;1;land;true;plains;7
1162;35;149;1;land;false;plains;7
1163;68;90;1;land;true;plains;7
1164;48;86;1;land;false;plains;7
1165;47;135;1;land;true;plains;7
1166;30;129;1;land;false;plains;7
1167;28;124;1;land;true;plains;7
1168;2;147;1;land;false;plains;7
1169;0;147;1;land;true;plains;7
1170;15;110;1;land;true;plains;7
1171;51;146;1;land;true;plains;7
1172;63;156;1;land;false;plains;7
1173;9;145;1;land;false;plains;7
1174;34;117;1;land;false;plains;7
1175;46;130;1;land;true;plains;7
1176;38;107;1;land;true;plains;7
1177;33;110;1;land;true;plains;7
1178;66;81;1;land;false;plains;7
1179;29;135;1;land;false;plains;7
1180;19;120;1;land;false;plains;7
1181;10;103;1;land;false;plains;7
1182;32;133;1;land;false;plains;7
1183;11;117;1;land;false;plains;7
1184;9;82;1;land;false;plains;7
1185;6;155;1;land;true;plains;7
1186;47;115;1;land;false;plains;7
1187;32;143;1;land;true;plains;7
1188;59;153;1;land;false;plains;7
1189;51;102;1;land;true;plains;7
1190;55;153;1;land;true;plains;7
1191;46;156;1;land;true;plains;7
1192;16;92;1;land;false;plains;7
1193;1;121;1;land;false;plains;7
1194;48;91;1;land;false;plains;7
1195;45;150;1;land;true;plains;7
1196;34;131;1;land;true;plains;7
1197;32;96;1;land;true;plains;7
1198;29;133;1;land;true;plains;7
1199;33;130;1;land;true;plains;7
1200;19;109;1;land;false;plains;7
1201;55;84;1;land;false;plains;7
1202;59;78;1;land;true;plains;7
1203;46;155;1;land;false;plains;7
1204;44;84;1;land;false;plains;7
1205;35;84;1;land;false;plains;7
1206;71;227;1;land;false;forest;7
1207;32;206;1;land;false;mountain;7
1208;47;242;1;land;false;hills;7
1209;30;227;1;land;false;urban;7
1210;36;218;1;land;false;mountain;7
1211;48;250;1;land;false;hills;7
1212;27;236;1;land;false;mountain;7
1213;54;238;1;land;false;forest;7
1214;184;44;1;land;false;plains;7
1215;191;109;1;land;false;urban;7
1216;127;49;1;land;false;plains;7
1217;129;77;1;land;false;plains;7
1218;177;43;1;land;false;urban;7
1219;161;99;1;land;false;plains;7
1220;155;115;1;land;false;plains;7
1221;193;90;1;land;false;urban;7
1222;216;62;1;land;false;plains;7
1223;169;118;1;land;false;plains;7
1224;212;122;1;land;false;plains;7
1225;167;110;1;land;false;urban;7
1226;242;66;1;land;false;hills;7
1227;237;128;1;land;false;plains;7
1228;230;106;1;land;false;urban;7
1229;234;85;1;land;false;plains;7
1230;198;60;1;land;false;hills;7
1231;107;42;1;land;false;plains;7
1232;115;28;1;land;false;plains;7
1233;110;46;1;land;false;hills;7
1234;67;22;1;land;false;plains;7
1235;57;72;1;land;false;plains;7
1236;92;82;1;land;false;hills;7
1237;55;27;1;land;false;plains;7
1238;107;29;1;land;false;plains;7
1239;42;28;1;land;false;hills;7
1240;52;31;1;land;false;plains;7
1241;98;47;1;land;false;urban;7
1242;95;16;1;land;false;hills;7
1243;93;69;1;land;false;plains;7
1244;43;11;1;land;false;plains;7
1245;46;76;1;land;false;hills;7
1246;64;52;1;land;false;plains;7
1247;69;46;1;land;false;plains;7
1248;106;15;1;land;false;plains;7
1249;125;174;1;land;false;plains;7
1250;133;150;1;land;false;plains;7
1251;144;185;1;land;true;plains;7
1252;80;144;1;land;false;plains;7
1253;103;177;1;land;false;hills;7
1254;134;166;1;land;false;plains;7
1255;84;195;1;land;true;desert;7
1256;102;176;1;land;false;plains;7
1257;147;159;1;land;true;hills;7
1258;87;139;1;land;true;hills;7
1259;91;136;1;land;false;hills;7
1260;92;178;1;land;false;hills;7
1261;116;148;1;land;false;hills;7
1262;83;185;1;land;false;plains;7
1263;150;162;1;land;false;plains;7
1264;156;187;1;land;true;desert;7
1265;105;200;1;land;false;hills;7
1266;107;161;1;land;false;hills;7
1267;101;167;1;land;false;forest;7
1268;129;160;1;land;false;urban;7
1269;118;211;1;land;false;plains;7
1270;97;167;1;land;false;plains;7
1271;104;177;1;land;true;plains;7
1272;132;188;1;land;false;plains;7
1273;121;181;1;land;false;hills;7
1274;101;127;1;land;false;hills;7
1275;84;122;1;land;false;hills;7
1276;116;165;1;land;false;hills;7
1277;106;158;1;land;false;plains;7
1278;94;139;1;land;false;mountain;7
1279;42;132;1;land;false;mountain;7
1280;62;120;1;land;false;hills;7
1281;109;124;1;land;false;mountain;7
1282;217;27;1;land;false;hills;7
1283;221;13;1;land;false;plains;7
1284;186;14;1;land;false;hills;7
1285;182;36;1;land;false;plains;7
1286;162;28;1;land;false;plains;7
1287;195;14;1;land;false;plains;7
1288;202;38;1;land;false;plains;7
1289;184;20;1;land;false;plains;7
1290;218;10;1;land;false;plains;7
1291;197;7;1;land;false;plains;7
1292;162;39;1;land;false;plains;7
1293;167;32;1;land;false;plains;7
1294;201;37;1;land;false;plains;7
1295;163;13;1;land;false;plains;7
1296;182;32;1;land;false;plains;7
1297;186;13;1;land;false;plains;7
1298;195;21;1;land;false;hills;7
1299;175;30;1;land;false;plains;7
1300;184;25;1;land;false;plains;7
1301;170;7;1;land;false;plains;7
1302;238;19;1;land;false;plains;7
1303;167;10;1;land;false;plains;7
1304;175;18;1;land;false;plains;7
1305;202;40;1;land;false;hills;7
1306;178;1;1;land;false;plains;7
1307;227;34;1;land;false;plains;7
1308;199;32;1;land;false;plains;7
1309;206;22;1;land;false;plains;7
1310;230;2;1;land;false;plains;7
1311;183;32;1;land;false;hills;7
1312;200;33;1;land;false;plains;7
1313;204;33;1;land;false;plains;7
1314;179;16;1;land;false;mountain;7
1315;173;34;1;land;false;plains;7
1316;217;23;1;land;false;hills;7
1317;224;35;1;land;false;plains;7
1318;213;6;1;land;false;plains;7
1319;208;35;1;land;false;plains;7
1320;180;11;1;land;false;plains;7
1321;234;21;1;land;false;plains;7
1322;205;35;1;land;false;plains;7
1323;215;25;1;land;false;plains;7
1324;237;14;1;land;false;plains;7
1325;194;40;1;land;false;plains;7
1326;200;14;1;land;false;plains;7
1327;229;31;1;land;false;plains;7
1328;203;19;1;land;false;mountain;7
1329;232;0;1;land;false;hills;7
1330;228;39;1;land;false;plains;7
1331;170;29;1;land;false;hills;7
1332;174;24;1;land;false;plains;7
1333;161;26;1;land;false;plains;7
1334;183;22;1;land;false;plains;7
1335;233;22;1;land;false;plains;7
1336;181;15;1;land;false;hills;7
1337;184;42;1;land;false;plains;7
1338;198;18;1;land;false;plains;7
1339;234;20;1;land;false;hills;7
1340;236;20;1;land;false;plains;7
1341;226;38;1;land;false;plains;7
1342;218;42;1;land;false;hills;7
1343;203;41;1;land;false;hills;7
1344;206;21;1;land;false;plains;7
1345;235;3;1;land;false;plains;7
1346;200;20;1;land;false;plains;7
1347;188;18;1;land;false;plains;7
1348;197;41;1;land;false;plains;7
1349;193;22;1;land;false;hills;7
1350;166;17;1;land;false;plains;7
1351;191;24;1;land;false;plains;7
1352;223;11;1;land;false;plains;7
1353;202;41;1;land;false;plains;7
1354;220;9;1;land;false;hills;7
1355;234;91;1;land;false;mountain;7
1356;197;148;1;land;false;plains;7
1357;187;114;1;land;false;plains;7
1358;189;81;1;land;false;plains;7
1359;219;138;1;land;false;plains;7
1360;184;152;1;land;false;mountain;7
1361;172;148;1;land;false;mountain;7
1362;244;143;1;land;false;plains;7
1363;211;126;1;land;false;mountain;7
1364;222;30;1;land;false;urban;7
1365;242;43;1;land;false;plains;7
1366;216;42;1;land;false;urban;7
1367;210;26;1;land;false;plains;7
1368;229;32;1;land;false;plains;7
1369;208;50;1;land;false;urban;7
1370;248;22;1;land;false;plains;7
1371;234;133;1;land;false;hills;7
1372;240;170;1;land;false;plains;7
1373;246;170;1;land;false;mountain;7
1374;238;165;1;land;false;plains;7
1375;250;123;1;land;false;plains;7
1376;236;157;1;land;false;hills;7
1377;233;154;1;land;false;plains;7
1378;105;208;1;land;false;hills;7
1379;140;195;1;land;false;plains;7
1380;105;243;1;land;false;plains;7
1381;122;214;1;land;false;plains;7
1382;112;234;1;land;false;hills;7
1383;151;227;1;land;false;hills;7
1384;141;217;1;land;false;plains;7
1385;151;252;1;land;false;plains;7
1386;86;249;1;land;false;plains;7
1387;90;213;1;land;false;plains;7
1388;87;197;1;land;false;plains;7
1389;109;206;1;land;false;plains;7
1390;125;195;1;land;false;plains;7
1391;131;253;1;land;false;plains;7
1392;152;226;1;land;false;plains;7
1393;134;223;1;land;false;hills;7
1394;96;201;1;land;false;hills;7
1395;106;206;1;land;false;plains;7
1396;107;194;1;land;false;urban;7
1397;93;218;1;land;false;plains;7
1398;109;209;1;land;false;plains;7
1399;83;235;1;land;false;plains;7
1400;116;200;1;land;false;hills;7
1401;88;222;1;land;false;plains;7
1402;110;219;1;land;false;hills;7
1403;87;207;1;land;false;plains;7
1404;149;231;1;land;false;hills;7
1405;135;195;1;land;false;hills;7
1406;151;201;1;land;false;plains;7
1407;84;230;1;land;false;plains;7
1408;119;230;1;land;false;plains;7
1409;96;221;1;land;false;hills;7
1410;112;218;1;land;false;plains;7
1411;112;236;1;land;false;urban;7
1412;95;197;1;land;false;plains;7
1413;130;205;1;land;false;plains;7
1414;102;235;1;land;false;hills;7
1415;118;231;1;land;false;plains;7
1416;84;242;1;land;false;hills;7
1417;86;242;1;land;false;plains;7
1418;170;209;1;land;false;plains;7
1419;174;225;1;land;false;plains;7
1420;145;248;1;land;false;plains;7
1421;140;228;1;land;true;plains;7
1422;195;235;1;land;false;plains;7
1423;179;234;1;land;false;plains;7
1424;148;206;1;land;true;plains;7
1425;184;217;1;land;false;plains;7
1426;158;244;1;land;false;plains;7
1427;172;240;1;land;false;plains;7
1428;179;246;1;land;false;urban;7
1429;188;112;1;land;false;plains;7
1430;157;120;1;land;false;plains;7
1431;210;140;1;land;false;plains;7
1432;133;143;1;land;false;plains;7
1433;138;133;1;land;false;plains;7
1434;164;68;1;land;false;plains;7
1435;172;131;1;land;false;urban;7
1436;203;104;1;land;false;hills;7
1437;132;83;1;land;false;hills;7
1438;137;107;1;land;false;plains;7
1439;134;116;1;land;false;hills;7
1440;209;93;1;land;false;plains;7
1441;178;127;1;land;false;plains;7
1442;164;76;1;land;false;plains;7
1443;170;96;1;land;false;hills;7
1444;165;104;1;land;false;plains;7
1445;205;86;1;land;false;plains;7
1446;190;123;1;land;false;plains;7
1447;137;72;1;land;false;hills;7
1448;148;122;1;land;false;plains;7
1449;146;72;1;land;false;plains;7
1450;168;127;1;land;false;plains;7
1451;167;104;1;land;false;plains;7
1452;157;84;1;land;false;urban;7
1453;192;140;1;land;false;plains;7
1454;134;101;1;land;false;plains;7
1455;167;107;1;land;false;hills;7
1456;189;73;1;land;false;hills;7
1457;183;91;1;land;false;plains;7
1458;137;128;1;land;false;plains;7
1459;166;140;1;land;false;plains;7
1460;135;108;1;land;false;plains;7
1461;177;140;1;land;false;hills;7
1462;190;108;1;land;false;plains;7
1463;132;142;1;land;false;hills;7
1464;155;140;1;land;false;plains;7
1465;181;133;1;land;false;plains;7
1466;178;18;1;land;false;hills;7
1467;164;61;1;land;false;hills;7
1468;179;19;1;land;true;plains;7
1469;158;34;1;land;false;hills;7
1470;188;55;1;land;true;hills;7
1471;193;45;1;land;false;hills;7
1472;155;30;1;land;false;hills;7
1473;221;23;1;land;false;mountain;7
1474;194;34;1;land;false;hills;7
1475;126;138;1;land;false;plains;7
1476;178;189;1;land;false;hills;7
1477;146;179;1;land;false;mountain;7
1478;174;171;1;land;false;plains;7
1479;151;139;1;land;false;plains;7
1480;112;167;1;land;false;plains;7
1481;135;152;1;land;false;plains;7
1482;178;164;1;land;false;hills;7
1483;35;233;1;land;false;plains;7
1484;10;198;1;land;false;plains;7
1485;62;214;1;land;false;urban;7
1486;7;189;1;land;false;plains;7
1487;59;196;1;land;false;forest;7
1488;85;106;1;land;true;urban;7
1489;96;164;1;land;false;hills;7
1490;26;90;1;land;false;plains;7
1491;83;115;1;land;false;plains;7
1492;90;130;1;land;false;hills;7
1493;71;105;1;land;false;mountain;7
1494;95;155;1;land;false;mountain;7
1495;229;220;1;land;false;plains;7
1496;209;175;1;land;false;plains;7
1497;186;231;1;land;false;plains;7
1498;238;241;1;land;false;plains;7
1499;211;241;1;land;false;plains;7
1500;232;241;1;land;false;plains;7
1501;221;205;1;land;false;plains;7
1502;209;217;1;land;false;plains;7
1503;170;184;1;land;false;plains;7
1504;176;177;1;land;false;plains;7
1505;182;167;1;land;false;plains;7
1506;182;192;1;land;false;plains;7
1507;240;89;1;land;false;urban;7
1508;215;62;1;land;false;plains;7
1509;218;64;1;land;false;plains;7
1510;206;97;1;land;false;plains;7
1511;223;111;1;land;false;plains;7
1512;236;58;1;land;false;plains;7
1513;214;94;1;land;true;plains;7
1514;226;121;1;land;false;plains;7
1515;242;75;1;land;true;plains;7
1516;186;101;1;land;false;urban;7
1517;234;115;1;land;false;plains;7
1518;211;128;1;land;false;plains;7
1519;245;58;1;land;false;plains;7
1520;203;133;1;land;false;plains;7
1521;18;242;1;land;false;plains;7
1522;25;250;1;land;false;plains;7
1523;47;204;1;land;false;plains;7
1524;0;219;1;land;false;plains;7
1525;25;202;1;land;false;plains;7
1526;43;236;1;land;false;plains;7
1527;25;219;1;land;false;plains;7
1528;52;250;1;land;false;plains;7
1529;50;232;1;land;false;plains;7
1530;45;216;1;land;false;plains;7
1531;21;232;1;land;false;plains;7
1532;48;189;1;land;false;plains;7
1533;18;218;1;land;false;plains;7
1534;30;213;1;land;false;plains;7
1535;29;194;1;land;false;plains;7
1536;41;248;1;land;false;plains;7
1537;156;215;1;land;true;plains;7
1538;162;204;1;land;true;plains;7
1539;119;215;1;land;true;urban;7
1540;164;189;1;land;false;urban;7
1541;166;185;1;land;true;plains;7
1542;209;185;1;land;false;forest;7
1543;203;205;1;land;false;hills;7
1544;186;174;1;land;false;hills;7
1545;183;234;1;land;false;mountain;7
1546;162;202;1;land;false;hills;7
1547;170;157;1;land;false;hills;7
1548;168;215;1;land;false;hills;7
1549;205;161;1;land;false;mountain;7
1550;208;179;1;land;false;hills;7
1551;200;163;1;land;false;mountain;7
1552;203;171;1;land;false;hills;7
1553;153;167;1;land;false;hills;7
1554;201;235;1;land;false;urban;7
1555;227;195;1;land;false;mountain;7
1556;177;230;1;land;false;hills;7
1557;227;193;1;land;false;mountain;7
1558;225;229;1;land;false;hills;7
1559;212;223;1;land;false;mountain;7
1560;157;189;1;land;false;hills;7
1561;212;2;1;land;false;urban;7
1562;204;45;1;land;false;mountain;7
1563;240;47;1;land;false;plains;7
1564;227;44;1;land;false;plains;7
1565;238;18;1;land;false;mountain;7
1566;212;19;1;land;false;hills;7
1567;224;20;1;land;false;hills;7
1568;215;26;1;land;false;mountain;7
1569;221;19;1;land;false;mountain;7
1570;234;12;1;land;false;mountain;7
1571;226;30;1;land;false;plains;7
1572;198;8;1;land;false;hills;7
1573;218;25;1;land;false;mountain;7
1574;190;5;1;land;false;mountain;7
1575;226;29;1;land;false;mountain;7
1576;243;14;1;land;false;urban;7
1577;233;12;1;land;false;forest;7
1578;236;0;1;land;false;plains;7
1579;241;6;1;land;false;hills;7
1580;230;5;1;land;false;hills;7
1581;238;28;1;land;false;hills;7
1582;223;31;1;land;false;mountain;7
1583;196;39;1;land;false;mountain;7
1584;244;4;1;land;false;mountain;7
1585;251;20;1;land;false;plains;7
1586;237;24;1;land;false;mountain;7
1587;236;96;1;land;false;hills;7
1588;203;158;1;land;false;mountain;7
1589;208;117;1;land;false;plains;7
1590;201;164;1;land;false;hills;7
1591;207;146;1;land;false;plains;7
1592;203;106;1;land;false;plains;7
1593;245;119;1;land;false;hills;7
1594;217;147;1;land;false;plains;7
1595;217;136;1;land;false;plains;7
1596;224;155;1;land;false;hills;7
1597;204;166;1;land;false;mountain;7
1598;247;130;1;land;false;mountain;7
1599;238;138;1;land;false;plains;7
1600;234;164;1;land;false;plains;7
1601;251;127;1;land;false;plains;7
1602;225;113;1;land;false;hills;7
1603;250;126;1;land;false;mountain;7
1604;253;127;1;land;false;hills;7
1605;215;152;1;land;false;mountain;7
1606;206;139;1;land;false;plains;7
1607;228;107;1;land;false;mountain;7
1608;245;133;1;land;false;plains;7
1609;251;126;1;land;false;plains;7
1610;208;123;1;land;false;plains;7
1611;240;115;1;land;false;plains;7
1612;208;93;1;land;false;hills;7
1613;202;137;1;land;false;hills;7
1614;222;144;1;land;false;mountain;7
1615;231;141;1;land;false;mountain;7
1616;250;119;1;land;false;plains;7
1617;11;37;1;land;false;plains;7
1618;32;4;1;land;false;plains;7
1619;35;25;1;land;false;plains;7
1620;54;46;1;land;false;plains;7
1621;49;18;1;land;false;plains;7
1622;16;137;1;land;false;urban;7
1623;5;111;1;land;false;desert;7
1624;21;104;1;land;false;desert;7
1625;3;150;1;land;false;desert;7
1626;58;104;1;land;false;desert;7
1627;65;176;1;land;false;plains;7
1628;38;162;1;land;true;desert;7
1629;39;123;1;land;true;desert;7
1630;60;104;1;land;false;desert;7
1631;20;164;1;land;false;desert;7
1632;28;179;1;land;true;desert;7
1633;10;150;1;land;false;urban;7
1634;10;158;1;land;false;desert;7
1635;32;132;1;land;false;desert;7
1636;13;117;1;land;false;desert;7
1637;31;178;1;land;false;desert;7
1638;64;135;1;land;true;desert;7
1639;8;146;1;land;false;desert;7
1640;34;175;1;land;false;desert;7
1641;21;178;1;land;false;plains;7
1642;62;122;1;land;false;desert;7
1643;21;236;1;land;false;forest;7
1644;5;220;1;land;false;plains;7
1645;47;212;1;land;false;forest;7
1646;1;226;1;land;false;plains;7
1647;29;220;1;land;true;plains;7
1648;32;207;1;land;false;plains;7
1649;33;184;1;land;false;plains;7
1650;36;236;1;land;true;urban;7
1651;75;27;1;land;false;plains;7
1652;76;76;1;land;true;plains;7
1653;39;72;1;land;false;plains;7
1654;20;80;1;land;false;plains;7
1655;80;41;1;land;true;plains;7
1656;17;102;1;land;false;plains;7
1657;32;92;1;land;false;plains;7
1658;42;65;1;land;true;plains;7
1659;9;46;1;land;false;plains;7
1660;46;50;1;land;true;urban;7
1661;20;28;1;land;true;plains;7
1662;54;83;1;land;false;plains;7
1663;41;82;1;land;false;plains;7
1664;48;32;1;land;false;plains;7
1665;34;102;1;land;false;plains;7
1666;43;85;1;land;false;plains;7
1667;77;68;1;land;true;plains;7
1668;6;23;1;land;false;plains;7
1669;32;35;1;land;false;plains;7
1670;3;47;1;land;false;plains;7
1671;45;17;1;land;false;plains;7
1672;30;88;1;land;false;plains;7
1673;24;89;1;land;false;plains;7
1674;174;159;1;land;false;urban;7
1675;199;171;1;land;false;forest;7
1676;189;158;1;land;false;forest;7
1677;169;159;1;land;false;forest;7
1678;192;169;1;land;false;forest;7
1679;147;148;1;land;false;urban;7
1680;176;128;1;land;false;urban;7
1681;132;169;1;land;false;plains;7
1682;157;161;1;land;false;plains;7
1683;167;170;1;land;false;urban;7
1684;190;152;1;land;false;urban;7
1685;191;166;1;land;false;forest;7
1686;154;128;1;land;false;urban;7
1687;163;138;1;land;false;forest;7
1688;129;137;1;land;false;forest;7
1689;165;141;1;land;false;urban;7
1690;152;157;1;land;false;plains;7
1691;88;249;1;land;false;hills;7
1692;76;232;1;land;false;mountain;7
1693;94;210;1;land;false;hills;7
1694;64;216;1;land;false;hills;7
1695;49;221;1;land;false;plains;7
1696;83;223;1;land;false;plains;7
1697;55;251;1;land;false;plains;7
1698;46;223;1;land;false;plains;7
1699;101;224;1;land;false;plains;7
1700;46;226;1;land;false;hills;7
1701;61;226;1;land;false;plains;7
1702;90;210;1;land;false;urban;7
1703;104;212;1;land;false;plains;7
1704;82;237;1;land;false;plains;7
1705;102;244;1;land;false;plains;7
1706;114;217;1;land;false;desert;7
1707;49;249;1;land;false;plains;7
1708;92;221;1;land;false;urban;7
1709;107;239;1;land;false;plains;7
1710;72;232;1;land;false;plains;7
1711;119;251;1;land;false;plains;7
1712;108;239;1;land;false;plains;7
1713;72;89;1;land;false;hills;7
1714;51;103;1;land;false;mountain;7
1715;61;81;1;land;false;hills;7
1716;26;101;1;land;false;plains;7
1717;50;145;1;land;false;hills;7
1718;55;108;1;land;false;mountain;7
1719;22;104;1;land;false;hills;7
1720;47;98;1;land;false;hills;7
1721;5;95;1;land;false;hills;7
1722;27;144;1;land;false;plains;7
1723;52;88;1;land;false;hills;7
1724;73;91;1;land;false;hills;7
1725;43;155;1;land;false;plains;7
1726;55;154;1;land;false;hills;7
1727;47;143;1;land;false;mountain;7
1728;84;248;1;land;false;plains;7
1729;173;108;1;land;false;hills;7
1730;183;106;1;land;false;plains;7
1731;157;66;1;land;false;plains;7
1732;200;45;1;land;false;plains;7
1733;183;60;1;land;false;plains;7
1734;149;88;1;land;false;plains;7
1735;176;113;1;land;false;plains;7
1736;185;105;1;land;false;plains;7
1737;192;105;1;land;false;plains;7
1738;164;104;1;land;false;plains;7
1739;128;82;1;land;false;plains;7
1740;142;96;1;land;false;plains;7
1741;189;103;1;land;false;plains;7
1742;166;96;1;land;false;plains;7
1743;130;50;1;land;false;plains;7
1744;181;49;1;land;false;plains;7
1745;168;70;1;land;false;plains;7
1746;158;61;1;land;false;plains;7
1747;147;112;1;land;false;plains;7
1748;189;36;1;land;false;hills;7
1749;197;106;1;land;false;plains;7
1750;176;90;1;land;false;plains;7
1751;165;109;1;land;false;hills;7
1752;192;87;1;land;false;plains;7
1753;185;93;1;land;false;plains;7
1754;204;44;1;land;false;plains;7
1755;157;102;1;land;false;plains;7
1756;154;76;1;land;false;hills;7
1757;130;92;1;land;false;hills;7
1758;176;109;1;land;false;plains;7
1759;206;61;1;land;false;plains;7
1760;194;107;1;land;false;hills;7
1761;169;106;1;land;false;plains;7
1762;162;94;1;land;false;plains;7
1763;193;91;1;land;false;plains;7
1764;173;99;1;land;false;plains;7
1765;201;65;1;land;false;hills;7
1766;141;37;1;land;false;hills;7
1767;139;49;1;land;false;plains;7
1768;155;81;1;land;false;plains;7
1769;128;67;1;land;false;plains;7
1770;203;36;1;land;false;plains;7
1771;169;61;1;land;false;plains;7
1772;148;73;1;land;false;plains;7
1773;131;55;1;land;false;hills;7
1774;185;50;1;land;false;plains;7
1775;204;113;1;land;false;plains;7
1776;129;59;1;land;false;hills;7
1777;152;36;1;land;false;plains;7
1778;189;94;1;land;false;plains;7
1779;194;101;1;land;false;plains;7
1780;197;89;1;land;false;plains;7
1781;185;95;1;land;false;plains;7
1782;205;49;1;land;false;plains;7
1783;162;55;1;land;false;plains;7
1784;142;68;1;land;false;plains;7
1785;152;92;1;land;false;plains;7
1786;153;86;1;land;false;plains;7
1787;163;92;1;land;false;plains;7
1788;195;48;1;land;false;plains;7
1789;163;53;1;land;false;plains;7
1790;203;80;1;land;false;plains;7
1791;133;54;1;land;false;plains;7
1792;187;87;1;land;false;plains;7
1793;130;38;1;land;false;plains;7
1794;181;108;1;land;false;plains;7
1795;148;101;1;land;false;plains;7
1796;141;80;1;land;false;plains;7
1797;179;68;1;land;false;plains;7
1798;143;94;1;land;false;plains;7
1799;197;38;1;land;false;plains;7
1800;170;102;1;land;false;plains;7
1801;193;96;1;land;false;plains;7
1802;104;68;1;land;false;hills;7
1803;132;33;1;land;false;hills;7
1804;132;41;1;land;false;mountain;7
1805;117;46;1;land;false;hills;7
1806;163;49;1;land;false;hills;7
1807;101;53;1;land;false;mountain;7
1808;100;73;1;land;false;mountain;7
1809;153;69;1;land;false;hills;7
1810;115;64;1;land;false;hills;7
1811;86;58;1;land;false;hills;7
1812;135;86;1;land;false;plains;7
1813;160;64;1;land;false;hills;7
1814;186;82;1;land;false;plains;7
1815;146;136;1;land;false;plains;7
1816;171;103;1;land;false;plains;7
1817;142;72;1;land;false;urban;7
1818;159;120;1;land;false;hills;7
1819;141;104;1;land;false;hills;7
1820;130;123;1;land;false;hills;7
1821;181;77;1;land;false;urban;7
1822;157;90;1;land;false;plains;7
1823;162;126;1;land;false;hills;7
1824;187;63;1;land;false;hills;7
1825;195;97;1;land;false;hills;7
1826;150;73;1;land;false;plains;7
1827;140;102;1;land;false;hills;7
1828;124;128;1;land;false;mountain;7
1829;128;62;1;land;false;plains;7
1830;140;84;1;land;false;hills;7
1831;132;101;1;land;false;plains;7
1832;164;64;1;land;false;plains;7
1833;161;91;1;land;false;plains;7
1834;157;111;1;land;false;mountain;7
1835;87;71;1;land;false;plains;7
1836;58;64;1;land;false;plains;7
1837;45;35;1;land;false;plains;7
1838;38;35;1;land;false;urban;7
1839;94;80;1;land;false;hills;7
1840;66;78;1;land;false;plains;7
1841;76;99;1;land;false;hills;7
1842;79;73;1;land;false;plains;7
1843;61;41;1;land;false;plains;7
1844;95;68;1;land;false;plains;7
1845;51;101;1;land;false;plains;7
1846;58;107;1;land;false;plains;7
1847;38;74;1;land;false;plains;7
1848;88;84;1;land;false;hills;7
1849;103;38;1;land;false;plains;7
1850;46;35;1;land;false;plains;7
1851;62;62;1;land;false;plains;7
1852;44;34;1;land;false;plains;7
1853;39;98;1;land;false;plains;7
1854;55;93;1;land;false;hills;7
1855;52;54;1;land;false;plains;7
1856;89;48;1;land;false;urban;7
1857;84;48;1;land;false;plains;7
1858;44;63;1;land;false;hills;7
1859;71;41;1;land;false;plains;7
1860;102;112;1;land;false;urban;7
1861;57;53;1;land;false;plains;7
1862;135;72;1;land;true;hills;7
1863;126;118;1;land;false;mountain;7
1864;152;107;1;land;false;mountain;7
1865;142;121;1;land;false;plains;7
1866;122;53;1;land;true;plains;7
1867;146;83;1;land;true;mountain;7
1868;110;96;1;land;true;plains;7
1869;101;60;1;land;false;plains;7
1870;91;82;1;land;true;plains;7
1871;118;63;1;land;true;plains;7
1872;124;68;1;land;false;plains;7
1873;118;81;1;land;true;hills;7
1874;111;75;1;land;false;plains;7
1875;89;96;1;land;true;plains;7
1876;136;48;1;land;false;plains;7
1877;139;64;1;land;true;hills;7
1878;94;74;1;land;true;plains;7
1879;97;58;1;land;true;plains;7
1880;117;96;1;land;false;urban;7
1881;192;180;1;land;false;hills;7
1882;169;121;1;land;false;plains;7
1883;176;170;1;land;false;mountain;7
1884;134;161;1;land;false;mountain;7
1885;151;156;1;land;false;mountain;7
1886;187;170;1;land;false;mountain;7
1887;139;165;1;land;false;plains;7
1888;178;171;1;land;false;hills;7
1889;125;135;1;land;false;hills;7
1890;147;168;1;land;false;hills;7
1891;122;162;1;land;false;plains;7
1892;151;191;1;land;false;mountain;7
1893;167;175;1;land;false;plains;7
1894;196;152;1;land;false;mountain;7
1895;137;166;1;land;false;hills;7
1896;152;158;1;land;false;mountain;7
1897;163;129;1;land;false;hills;7
1898;194;162;1;land;false;hills;7
1899;173;170;1;land;false;hills;7
1900;172;146;1;land;false;hills;7
1901;175;132;1;land;false;hills;7
1902;140;171;1;land;false;mountain;7
1903;171;119;1;land;false;mountain;7
1904;170;188;1;land;false;mountain;7
1905;131;127;1;land;false;forest;7
1906;198;54;1;land;false;plains;7
1907;169;48;1;land;false;plains;7
1908;157;55;1;land;false;plains;7
1909;207;48;1;land;false;plains;7
1910;154;8;1;land;false;plains;7
1911;168;39;1;land;false;urban;7
1912;129;23;1;land;false;plains;7
1913;146;17;1;land;false;plains;7
1914;180;43;1;land;false;plains;7
1915;185;189;1;land;false;hills;7
1916;213;203;1;land;false;mountain;7
1917;220;136;1;land;false;mountain;7
1918;227;161;1;land;false;mountain;7
1919;196;201;1;land;false;hills;7
1920;222;177;1;land;false;plains;7
1921;180;40;1;land;false;plains;7
1922;217;17;1;land;true;urban;7
1923;227;50;1;land;false;plains;7
1924;170;43;1;land;true;plains;7
1925;237;3;1;land;false;plains;7
1926;202;17;1;land;true;plains;7
1927;199;17;1;land;false;urban;7
1928;202;61;1;land;false;urban;7
1929;193;38;1;land;true;plains;7
1930;175;11;1;land;false;plains;7
1931;179;22;1;land;false;urban;7
1932;239;18;1;land;false;plains;7
1933;243;22;1;land;false;forest;7
1934;228;49;1;land;false;urban;7
1935;249;42;1;land;false;forest;7
1936;215;35;1;land;false;urban;7
1937;202;13;1;land;false;plains;7
1938;225;26;1;land;false;plains;7
1939;220;16;1;land;false;forest;7
1940;244;18;1;land;false;urban;7
1941;215;33;1;land;false;forest;7
1942;119;189;1;land;false;forest;7
1943;96;247;1;land;false;forest;7
1944;149;217;1;land;false;hills;7
1945;129;242;1;land;false;forest;7
1946;132;211;1;land;false;urban;7
1947;102;251;1;land;false;forest;7
1948;144;207;1;land;false;forest;7
1949;108;186;1;land;false;urban;7
1950;73;208;1;land;false;forest;7
1951;89;219;1;land;false;urban;7
1952;104;179;1;land;false;plains;7
1953;122;181;1;land;false;plains;7
1954;126;146;1;land;false;plains;7
1955;162;128;1;land;false;plains;7
1956;133;165;1;land;false;plains;7
1957;148;144;1;land;false;plains;7
1958;131;151;1;land;false;plains;7
1959;97;156;1;land;false;plains;7
1960;113;119;1;land;false;plains;7
1961;174;182;1;land;false;plains;7
1962;156;180;1;land;false;plains;7
1963;146;178;1;land;false;plains;7
1964;160;114;1;land;false;plains;7
1965;138;166;1;land;false;plains;7
1966;152;155;1;land;false;plains;7
1967;115;173;1;land;false;plains;7
1968;100;115;1;land;false;plains;7
1969;149;145;1;land;false;plains;7
1970;163;180;1;land;false;plains;7
1971;104;118;1;land;false;plains;7
1972;133;186;1;land;false;plains;7
1973;10;211;1;land;false;hills;7
1974;52;209;1;land;false;plains;7
1975;1;211;1;land;false;hills;7
1976;28;192;1;land;false;hills;7
1977;32;185;1;land;false;plains;7
1978;27;224;1;land;false;plains;7
1979;50;240;1;land;false;mountain;7
1980;33;187;1;land;false;hills;7
1981;31;193;1;land;false;hills;7
1982;29;202;1;land;false;hills;7
1983;46;230;1;land;false;mountain;7
1984;61;197;1;land;false;mountain;7
1985;59;243;1;land;false;hills;7
1986;21;192;1;land;false;plains;7
1987;33;200;1;land;false;hills;7
1988;32;251;1;land;false;hills;7
1989;10;217;1;land;false;hills;7
1990;34;216;1;land;false;plains;7
1991;1;199;1;land;false;plains;7
1992;24;249;1;land;false;hills;7
1993;36;210;1;land;false;hills;7
1994;39;238;1;land;false;hills;7
1995;58;240;1;land;false;hills;7
1996;13;238;1;land;false;mountain;7
1997;34;186;1;land;false;hills;7
1998;24;192;1;land;false;mountain;7
1999;21;182;1;land;false;plains;7
2000;31;226;1;land;false;hills;7
2001;50;247;1;land;false;plains;7
2002;48;253;1;land;false;urban;7
2003;38;251;1;land;false;mountain;7
2004;216;226;1;land;true;plains;7
2005;236;201;1;land;false;plains;7
2006;248;198;1;land;true;plains;7
2007;216;204;1;land;false;plains;7
2008;203;178;1;land;false;plains;7
2009;243;221;1;land;true;plains;7
2010;215;219;1;land;true;plains;7
2011;249;228;1;land;true;plains;7
2012;229;243;1;land;true;plains;7
2013;247;238;1;land;false;plains;7
2014;250;245;1;land;true;plains;7
2015;226;193;1;land;false;plains;7
2016;231;245;1;land;false;plains;7
2017;144;69;1;land;false;plains;7
2018;122;49;1;land;false;plains;7
2019;145;99;1;land;false;plains;7
2020;172;32;1;land;false;plains;7
2021;168;24;1;land;false;plains;7
2022;163;75;1;land;false;plains;7
2023;143;75;1;land;false;plains;7
2024;94;72;1;land;false;plains;7
2025;172;24;1;land;false;plains;7
2026;144;57;1;land;false;plains;7
2027;137;89;1;land;false;plains;7
2028;152;94;1;land;false;plains;7
2029;162;66;1;land;false;plains;7
2030;148;39;1;land;false;plains;7
2031;114;69;1;land;false;plains;7
2032;145;50;1;land;false;plains;7
2033;121;83;1;land;false;plains;7
2034;148;31;1;land;false;plains;7
2035;162;164;1;land;false;plains;7
2036;164;152;1;land;false;desert;7
2037;151;187;1;land;false;plains;7
2038;177;226;1;land;false;plains;7
2039;149;220;1;land;false;plains;7
2040;216;165;1;land;false;plains;7
2041;212;188;1;land;false;plains;7
2042;183;200;1;land;false;plains;7
2043;204;184;1;land;false;plains;7
2044;220;211;1;land;false;desert;7
2045;38;15;1;land;false;plains;7
2046;38;45;1;land;false;plains;7
2047;21;8;1;land;false;plains;7
2048;71;29;1;land;false;plains;7
2049;64;58;1;land;false;urban;7
2050;27;15;1;land;false;urban;7
2051;54;2;1;land;false;plains;7
2052;119;167;1;land;false;plains;7
2053;82;138;1;land;false;plains;7
2054;92;191;1;land;false;hills;7
2055;127;144;1;land;false;urban;7
2056;120;172;1;land;false;hills;7
2057;97;155;1;land;false;hills;7
2058;73;161;1;land;false;hills;7
2059;21;66;1;land;false;desert;7
2060;8;24;1;land;false;plains;7
2061;13;72;1;land;false;plains;7
2062;36;62;1;land;false;urban;7
2063;9;13;1;land;false;urban;7
2064;6;53;1;land;false;plains;7
2065;4;38;1;land;false;plains;7
2066;41;4;1;land;false;plains;7
2067;19;64;1;land;false;plains;7
2068;33;43;1;land;false;plains;7
2069;102;6;1;land;false;plains;7
2070;162;34;1;land;false;desert;7
2071;150;3;1;land;false;hills;7
2072;166;21;1;land;false;plains;7
2073;141;10;1;land;false;plains;7
2074;123;9;1;land;false;plains;7
2075;128;27;1;land;false;plains;7
2076;165;2;1;land;false;plains;7
2077;139;33;1;land;false;hills;7
2078;159;27;1;land;false;hills;7
2079;209;3;1;land;true;plains;7
2080;162;14;1;land;false;plains;7
2081;204;13;1;land;false;urban;7
2082;146;26;1;land;false;forest;7
2083;204;8;1;land;true;plains;7
2084;185;17;1;land;false;plains;7
2085;152;52;1;land;true;plains;7
2086;206;44;1;land;false;urban;7
2087;212;50;1;land;true;urban;7
2088;19;236;1;land;true;plains;7
2089;12;211;1;land;true;plains;7
2090;38;247;1;land;true;plains;7
2091;158;60;1;land;false;plains;7
2092;124;96;1;land;true;plains;7
2093;171;55;1;land;false;hills;7
2094;150;36;1;land;false;plains;7
2095;186;29;1;land;false;plains;7
2096;185;44;1;land;true;plains;7
2097;125;57;1;land;true;plains;7
2098;183;70;1;land;true;hills;7
2099;123;37;1;land;true;hills;7
2100;143;48;1;land;false;plains;7
2101;148;43;1;land;false;hills;7
2102;159;49;1;land;true;plains;7
2103;181;47;1;land;false;plains;7
2104;161;59;1;land;false;hills;7
2105;128;61;1;land;true;plains;7
2106;132;107;1;land;false;plains;7
2107;217;82;1;land;false;urban;7
2108;192;50;1;land;false;plains;7
2109;216;46;1;land;false;plains;7
2110;234;118;1;land;false;plains;7
2111;188;44;1;land;false;plains;7
2112;227;109;1;land;false;plains;7
2113;221;48;1;land;false;plains;7
2114;200;61;1;land;false;plains;7
2115;172;63;1;land;false;plains;7
2116;244;221;1;land;true;plains;7
2117;236;180;1;land;false;plains;7
2118;253;185;1;land;true;plains;7
2119;242;158;1;land;true;plains;7
2120;214;214;1;land;false;plains;7
2121;218;193;1;land;true;plains;7
2122;240;174;1;land;false;plains;7
2123;205;219;1;land;false;plains;7
2124;224;189;1;land;true;plains;7
2125;230;221;1;land;false;plains;7
2126;185;177;1;land;false;plains;7
2127;178;236;1;land;false;plains;7
2128;241;194;1;land;false;plains;7
2129;120;135;1;land;false;hills;7
2130;103;199;1;land;false;plains;7
2131;158;154;1;land;false;plains;7
2132;154;209;1;land;false;plains;7
2133;125;182;1;land;false;mountain;7
2134;102;169;1;land;false;mountain;7
2135;136;156;1;land;false;hills;7
2136;127;132;1;land;false;plains;7
2137;151;134;1;land;false;plains;7
2138;159;137;1;land;false;plains;7
2139;133;182;1;land;false;plains;7
2140;143;144;1;land;false;hills;7
2141;152;189;1;land;false;plains;7
2142;136;202;1;land;false;plains;7
2143;115;210;1;land;false;plains;7
2144;154;194;1;land;false;plains;7
2145;150;204;1;land;false;hills;7
2146;156;178;1;land;false;mountain;7
2147;158;183;1;land;false;hills;7
2148;148;198;1;land;false;hills;7
2149;109;170;1;land;false;plains;7
2150;158;187;1;land;false;plains;7
2151;115;148;1;land;false;plains;7
2152;137;162;1;land;false;plains;7
2153;95;148;1;land;false;plains;7
2154;119;198;1;land;false;hills;7
2155;171;186;1;land;false;hills;7
2156;104;198;1;land;false;plains;7
2157;107;156;1;land;false;plains;7
2158;106;205;1;land;false;mountain;7
2159;151;164;1;land;false;mountain;7
2160;113;154;1;land;false;plains;7
2161;118;188;1;land;false;plains;7
2162;105;146;1;land;false;hills;7
2163;138;144;1;land;false;plains;7
2164;21;143;1;land;false;hills;7
2165;0;100;1;land;false;hills;7
2166;28;161;1;land;false;hills;7
2167;14;129;1;land;false;hills;7
2168;25;167;1;land;false;hills;7
2169;46;107;1;land;false;hills;7
2170;88;148;1;land;true;forest;7
2171;10;130;1;land;true;forest;7
2172;142;45;1;land;false;urban;7
2173;114;115;1;land;false;urban;7
2174;107;98;1;land;false;plains;7
2175;149;97;1;land;true;plains;7
2176;112;113;1;land;false;plains;7
2177;138;46;1;land;true;urban;7
2178;140;44;1;land;false;plains;7
2179;76;63;1;land;false;urban;7
2180;101;83;1;land;false;plains;7
2181;98;49;1;land;false;urban;7
2182;98;108;1;land;true;urban;7
2183;215;39;1;land;false;plains;7
2184;232;12;1;land;false;plains;7
2185;235;23;1;land;false;hills;7
2186;218;1;1;land;false;plains;7
2187;49;206;1;land;false;mountain;7
2188;54;225;1;land;false;plains;7
2189;12;208;1;land;false;mountain;7
2190;58;162;1;land;false;hills;7
2191;54;215;1;land;false;hills;7
2192;13;220;1;land;false;hills;7
2193;41;225;1;land;false;hills;7
2194;57;201;1;land;false;mountain;7
2195;19;172;1;land;false;mountain;7
2196;24;168;1;land;false;hills;7
2197;36;159;1;land;false;hills;7
2198;37;158;1;land;false;hills;7
2199;100;149;1;land;false;plains;7
2200;42;119;1;land;false;plains;7
2201;79;98;1;land;false;plains;7
2202;66;123;1;land;false;urban;7
2203;109;253;1;land;false;plains;7
2204;136;235;1;land;false;hills;7
2205;143;242;1;land;false;plains;7
2206;93;252;1;land;false;hills;7
2207;147;254;1;land;false;mountain;7
2208;83;248;1;land;false;hills;7
2209;117;246;1;land;false;hills;7
2210;112;247;1;land;false;hills;7
2211;130;252;1;land;false;hills;7
2212;150;241;1;land;false;mountain;7
2213;142;235;1;land;false;hills;7
2214;139;223;1;land;false;plains;7
2215;86;232;1;land;false;mountain;7
2216;95;221;1;land;false;mountain;7
2217;117;220;1;land;false;hills;7
2218;153;245;1;land;false;plains;7
2219;154;254;1;land;false;plains;7
2220;143;216;1;land;false;hills;7
2221;134;236;1;land;false;plains;7
2222;91;232;1;land;false;hills;7
2223;147;246;1;land;false;mountain;7
2224;133;247;1;land;false;plains;7
2225;147;218;1;land;false;hills;7
2226;139;224;1;land;false;hills;7
2227;97;237;1;land;false;hills;7
2228;146;229;1;land;false;plains;7
2229;118;209;1;land;false;mountain;7
2230;103;250;1;land;false;hills;7
2231;136;228;1;land;false;plains;7
2232;138;224;1;land;false;plains;7
2233;93;244;1;land;false;hills;7
2234;99;243;1;land;false;forest;7
2235;146;247;1;land;false;plains;7
2236;84;212;1;land;false;hills;7
2237;136;231;1;land;false;plains;7
2238;101;238;1;land;false;mountain;7
2239;79;216;1;land;false;mountain;7
2240;76;216;1;land;false;hills;7
2241;104;215;1;land;false;hills;7
2242;148;230;1;land;false;hills;7
2243;143;220;1;land;false;plains;7
2244;94;229;1;land;false;hills;7
2245;124;244;1;land;false;mountain;7
2246;80;242;1;land;false;hills;7
2247;97;217;1;land;false;hills;7
2248;109;218;1;land;false;mountain;7
2249;148;124;1;land;false;plains;7
2250;108;112;1;land;false;plains;7
2251;174;149;1;land;false;plains;7
2252;115;153;1;land;false;plains;7
2253;179;161;1;land;false;plains;7
2254;121;116;1;land;false;plains;7
2255;120;113;1;land;false;plains;7
2256;131;175;1;land;false;plains;7
2257;149;141;1;land;false;plains;7
2258;166;153;1;land;false;plains;7
2259;165;148;1;land;false;plains;7
2260;136;123;1;land;false;plains;7
2261;154;167;1;land;false;plains;7
2262;118;149;1;land;false;plains;7
2263;173;113;1;land;false;urban;7
2264;106;136;1;land;false;plains;7
2265;119;174;1;land;false;plains;7
2266;196;120;1;land;false;mountain;7
2267;230;104;1;land;false;plains;7
2268;211;118;1;land;false;hills;7
2269;234;83;1;land;false;plains;7
2270;197;127;1;land;false;plains;7
2271;250;84;1;land;false;plains;7
2272;241;81;1;land;false;plains;7
2273;238;125;1;land;false;plains;7
2274;247;129;1;land;false;plains;7
2275;195;85;1;land;false;mountain;7
2276;229;77;1;land;false;plains;7
2277;218;70;1;land;false;mountain;7
2278;246;121;1;land;false;plains;7
2279;221;78;1;land;false;hills;7
2280;236;89;1;land;false;urban;7
2281;215;121;1;land;false;mountain;7
2282;202;117;1;land;false;mountain;7
2283;234;53;1;land;false;mountain;7
2284;246;125;1;land;false;plains;7
2285;221;101;1;land;false;mountain;7
2286;219;86;1;land;false;urban;7
2287;205;111;1;land;false;plains;7
2288;244;71;1;land;false;hills;7
2289;248;61;1;land;false;hills;7
2290;213;108;1;land;false;plains;7
2291;252;89;1;land;false;plains;7
2292;202;85;1;land;false;plains;7
2293;241;74;1;land;false;plains;7
2294;249;88;1;land;false;hills;7
2295;192;110;1;land;false;hills;7
2296;193;86;1;land;false;hills;7
2297;252;87;1;land;false;urban;7
2298;126;47;1;land;true;plains;7
2299;69;71;1;land;false;forest;7
2300;63;32;1;land;false;forest;7
2301;31;38;1;land;false;urban;7
2302;94;79;1;land;false;urban;7
2303;62;22;1;land;false;forest;7
2304;53;71;1;land;false;hills;7
2305;89;78;1;land;false;forest;7
2306;31;98;1;land;false;forest;7
2307;47;87;1;land;false;urban;7
2308;238;52;1;land;false;hills;7
2309;216;57;1;land;false;plains;7
2310;216;50;1;land;false;urban;7
2311;219;6;1;land;false;plains;7
2312;228;48;1;land;false;forest;7
2313;199;11;1;land;false;plains;7
2314;231;39;1;land;true;plains;7
2315;197;40;1;land;false;urban;7
2316;226;54;1;land;false;plains;7
2317;171;165;1;land;false;hills;7
2318;156;145;1;land;false;mountain;7
2319;126;149;1;land;false;mountain;7
2320;152;184;1;land;false;mountain;7
2321;37;111;1;land;false;hills;7
2322;12;170;1;land;false;plains;7
2323;18;172;1;land;false;plains;7
2324;13;139;1;land;false;plains;7
2325;22;185;1;land;false;hills;7
2326;34;150;1;land;false;hills;7
2327;0;164;1;land;false;plains;7
2328;34;166;1;land;false;plains;7
2329;4;111;1;land;false;plains;7
2330;12;134;1;land;false;hills;7
2331;16;161;1;land;false;plains;7
2332;18;153;1;land;false;hills;7
2333;31;168;1;land;false;urban;7
2334;27;137;1;land;false;plains;7
2335;1;117;1;land;false;plains;7
2336;8;181;1;land;false;hills;7
2337;25;166;1;land;false;plains;7
2338;9;180;1;land;false;plains;7
2339;15;144;1;land;false;plains;7
2340;12;179;1;land;false;hills;7
2341;21;125;1;land;false;plains;7
2342;15;165;1;land;false;plains;7
2343;24;156;1;land;false;plains;7
2344;2;119;1;land;false;hills;7
2345;31;177;1;land;false;plains;7
2346;35;123;1;land;false;plains;7
2347;18;111;1;land;false;plains;7
2348;10;181;1;land;false;plains;7
2349;7;137;1;land;false;plains;7
2350;33;177;1;land;false;hills;7
2351;5;146;1;land;false;plains;7
2352;33;143;1;land;false;plains;7
2353;14;136;1;land;false;hills;7
2354;17;176;1;land;false;hills;7
2355;35;180;1;land;false;plains;7
2356;39;33;1;land;false;plains;7
2357;83;8;1;land;false;plains;7
2358;42;14;1;land;false;plains;7
2359;78;6;1;land;false;plains;7
2360;72;10;1;land;false;plains;7
2361;47;10;1;land;false;plains;7
2362;81;28;1;land;false;plains;7
2363;58;31;1;land;false;plains;7
2364;32;26;1;land;false;plains;7
2365;70;8;1;land;false;plains;7
2366;57;34;1;land;false;plains;7
2367;192;144;1;land;false;hills;7
2368;138;91;1;land;false;mountain;7
2369;166;156;1;land;false;hills;7
2370;214;127;1;land;true;plains;7
2371;212;113;1;land;false;forest;7
2372;212;106;1;land;false;forest;7
2373;249;75;1;land;false;forest;7
2374;247;99;1;land;false;hills;7
2375;227;58;1;land;false;forest;7
2376;219;73;1;land;false;forest;7
2377;244;72;1;land;false;urban;7
2378;239;77;1;land;false;forest;7
2379;241;88;1;land;false;hills;7
2380;40;26;1;land;false;plains;7
2381;96;18;1;land;false;plains;7
2382;77;38;1;land;false;plains;7
2383;51;6;1;land;false;plains;7
2384;56;33;1;land;false;plains;7
2385;90;34;1;land;false;plains;7
2386;89;23;1;land;false;plains;7
2387;95;18;1;land;false;plains;7
2388;72;40;1;land;false;urban;7
2389;112;35;1;land;false;plains;7
2390;153;222;1;land;false;hills;7
2391;104;240;1;land;false;plains;7
2392;148;208;1;land;false;hills;7
2393;107;211;1;land;false;plains;7
2394;169;212;1;land;false;plains;7
2395;137;246;1;land;false;mountain;7
2396;108;225;1;land;false;hills;7
2397;113;244;1;land;false;hills;7
2398;112;216;1;land;false;mountain;7
2399;138;194;1;land;false;mountain;7
2400;115;225;1;land;false;hills;7
2401;150;198;1;land;false;hills;7
2402;154;210;1;land;false;plains;7
2403;143;211;1;land;false;mountain;7
2404;131;205;1;land;false;mountain;7
2405;152;192;1;land;false;hills;7
2406;146;215;1;land;false;plains;7
2407;105;250;1;land;false;hills;7
2408;130;224;1;land;false;plains;7
2409;163;230;1;land;false;plains;7
2410;152;199;1;land;false;plains;7
2411;177;225;1;land;false;plains;7
2412;114;241;1;land;false;hills;7
2413;134;253;1;land;false;mountain;7
2414;146;243;1;land;false;plains;7
2415;167;233;1;land;false;hills;7
2416;164;198;1;land;false;hills;7
2417;152;250;1;land;false;mountain;7
2418;157;223;1;land;false;hills;7
2419;135;239;1;land;false;plains;7
2420;83;110;1;land;false;hills;7
2421;41;110;1;land;false;hills;7
2422;33;67;1;land;false;hills;7
2423;77;99;1;land;false;plains;7
2424;85;89;1;land;false;hills;7
2425;71;104;1;land;false;plains;7
2426;92;121;1;land;false;plains;7
2427;30;47;1;land;false;hills;7
2428;87;90;1;land;false;plains;7
2429;61;119;1;land;false;mountain;7
2430;32;120;1;land;false;hills;7
2431;59;81;1;land;false;hills;7
2432;52;96;1;land;false;hills;7
2433;198;239;1;land;false;hills;7
2434;141;226;1;land;false;hills;7
2435;183;235;1;land;false;hills;7
2436;198;200;1;land;false;hills;7
2437;167;211;1;land;false;hills;7
2438;162;210;1;land;false;desert;7
2439;161;225;1;land;false;desert;7
2440;174;241;1;land;false;desert;7
2441;199;235;1;land;false;desert;7
2442;205;188;1;land;false;hills;7
2443;143;180;1;land;false;plains;7
2444;145;201;1;land;false;urban;7
2445;167;186;1;land;false;desert;7
2446;143;221;1;land;false;plains;7
2447;167;178;1;land;false;mountain;7
2448;198;237;1;land;false;plains;7
2449;202;174;1;land;false;desert;7
2450;156;220;1;land;false;forest;7
2451;133;213;1;land;false;desert;7
2452;128;196;1;land;false;desert;7
2453;153;213;1;land;false;mountain;7
2454;200;207;1;land;false;desert;7
2455;140;205;1;land;false;plains;7
2456;141;224;1;land;false;plains;7
2457;162;177;1;land;false;mountain;7
2458;157;179;1;land;false;urban;7
2459;165;202;1;land;false;mountain;7
2460;155;196;1;land;false;hills;7
2461;178;181;1;land;false;mountain;7
2462;159;204;1;land;false;desert;7
2463;171;170;1;land;false;mountain;7
2464;153;229;1;land;false;plains;7
2465;179;197;1;land;false;plains;7
2466;164;183;1;land;false;desert;7
2467;160;236;1;land;false;plains;7
2468;157;199;1;land;false;hills;7
2469;134;224;1;land;false;mountain;7
2470;126;232;1;land;false;hills;7
2471;148;197;1;land;false;desert;7
2472;130;172;1;land;false;plains;7
2473;166;197;1;land;false;urban;7
2474;188;164;1;land;false;hills;7
2475;136;196;1;land;false;plains;7
2476;202;65;1;land;true;desert;7
2477;229;27;1;land;false;plains;7
2478;232;69;1;land;true;hills;7
2479;197;27;1;land;false;plains;7
2480;200;74;1;land;false;plains;7
2481;236;26;1;land;true;hills;7
2482;195;20;1;land;false;plains;7
2483;243;30;1;land;false;plains;7
2484;229;64;1;land;true;hills;7
2485;212;83;1;land;true;hills;7
2486;219;59;1;land;true;desert;7
2487;230;82;1;land;false;plains;7
2488;252;15;1;land;true;hills;7
2489;204;85;1;land;false;plains;7
2490;245;74;1;land;true;hills;7
2491;216;49;1;land;false;plains;7
2492;194;27;1;land;false;plains;7
2493;234;73;1;land;false;plains;7
2494;210;42;1;land;true;hills;7
2495;213;90;1;land;true;hills;7
2496;19;50;1;land;false;plains;7
2497;30;41;1;land;false;plains;7
2498;39;103;1;land;false;hills;7
2499;1;58;1;land;false;plains;7
2500;29;35;1;land;false;plains;7
2501;24;103;1;land;false;plains;7
2502;31;36;1;land;false;hills;7
2503;25;78;1;land;false;plains;7
2504;44;91;1;land;false;hills;7
2505;34;40;1;land;false;plains;7
2506;28;74;1;land;false;plains;7
2507;10;43;1;land;false;mountain;7
2508;18;103;1;land;false;plains;7
2509;14;84;1;land;false;hills;7
2510;7;34;1;land;false;plains;7
2511;26;71;1;land;false;mountain;7
2512;43;35;1;land;false;hills;7
2513;38;46;1;land;false;plains;7
2514;26;76;1;land;false;plains;7
2515;28;98;1;land;false;mountain;7
2516;42;91;1;land;false;hills;7
2517;26;88;1;land;false;mountain;7
2518;22;64;1;land;false;plains;7
2519;14;83;1;land;false;mountain;7
2520;4;63;1;land;false;hills;7
2521;45;46;1;land;false;mountain;7
2522;34;94;1;land;false;plains;7
2523;22;83;1;land;false;hills;7
2524;24;50;1;land;false;plains;7
2525;43;69;1;land;false;plains;7
2526;10;76;1;land;false;hills;7
2527;2;41;1;land;false;plains;7
2528;24;83;1;land;false;plains;7
2529;7;98;1;land;false;plains;7
2530;31;101;1;land;false;mountain;7
2531;5;73;1;land;false;plains;7
2532;10;44;1;land;false;hills;7
2533;20;44;1;land;false;mountain;7
2534;0;91;1;land;false;mountain;7
2535;37;41;1;land;false;plains;7
2536;22;30;1;land;false;plains;7
2537;38;51;1;land;false;hills;7
2538;28;87;1;land;false;hills;7
2539;3;76;1;land;false;plains;7
2540;12;66;1;land;false;hills;7
2541;122;158;1;land;true;plains;7
2542;142;207;1;land;false;plains;7
2543;94;62;1;land;false;hills;7
2544;60;51;1;land;false;hills;7
2545;87;54;1;land;false;forest;7
2546;46;44;1;land;false;hills;7
2547;76;70;1;land;false;hills;7
2548;14;172;1;land;false;plains;7
2549;30;126;1;land;false;mountain;7
2550;61;135;1;land;false;mountain;7
2551;43;162;1;land;false;plains;7
2552;19;167;1;land;false;mountain;7
2553;15;157;1;land;false;hills;7
2554;1;162;1;land;false;hills;7
2555;48;162;1;land;false;plains;7
2556;28;176;1;land;false;hills;7
2557;14;160;1;land;false;hills;7
2558;53;131;1;land;false;hills;7
2559;47;152;1;land;false;hills;7
2560;65;163;1;land;false;hills;7
2561;55;166;1;land;false;hills;7
2562;23;125;1;land;false;mountain;7
2563;67;167;1;land;false;hills;7
2564;33;173;1;land;false;plains;7
2565;48;128;1;land;false;plains;7
2566;68;181;1;land;false;hills;7
2567;12;191;1;land;false;plains;7
2568;59;146;1;land;false;hills;7
2569;180;97;1;land;false;desert;7
2570;217;142;1;land;false;plains;7
2571;166;126;1;land;false;desert;7
2572;169;130;1;land;false;plains;7
2573;179;164;1;land;false;plains;7
2574;182;115;1;land;false;plains;7
2575;217;131;1;land;false;hills;7
2576;171;144;1;land;false;desert;7
2577;224;93;1;land;false;desert;7
2578;219;140;1;land;false;desert;7
2579;197;138;1;land;false;desert;7
2580;169;168;1;land;false;desert;7
2581;212;126;1;land;false;hills;7
2582;169;95;1;land;false;desert;7
2583;184;163;1;land;false;plains;7
2584;118;179;1;land;false;plains;7
2585;127;107;1;land;false;plains;7
2586;175;116;1;land;false;plains;7
2587;176;137;1;land;false;plains;7
2588;107;133;1;land;false;hills;7
2589;171;161;1;land;false;plains;7
2590;129;153;1;land;false;plains;7
2591;172;154;1;land;false;hills;7
2592;145;133;1;land;false;plains;7
2593;171;108;1;land;false;hills;7
2594;161;151;1;land;false;plains;7
2595;145;127;1;land;false;plains;7
2596;116;172;1;land;false;plains;7
2597;181;125;1;land;false;plains;7
2598;108;163;1;land;false;plains;7
2599;121;145;1;land;false;plains;7
2600;155;150;1;land;false;plains;7
2601;167;182;1;land;false;urban;7
2602;129;131;1;land;false;plains;7
2603;119;119;1;land;false;plains;7
2604;151;118;1;land;false;plains;7
2605;149;121;1;land;false;mountain;7
2606;112;110;1;land;false;plains;7
2607;132;152;1;land;false;plains;7
2608;182;122;1;land;false;plains;7
2609;112;165;1;land;false;plains;7
2610;159;109;1;land;false;plains;7
2611;156;153;1;land;false;desert;7
2612;112;161;1;land;false;plains;7
2613;159;156;1;land;false;plains;7
2614;153;133;1;land;false;hills;7
2615;112;109;1;land;false;plains;7
2616;142;164;1;land;false;plains;7
2617;173;180;1;land;false;plains;7
2618;151;144;1;land;false;plains;7
2619;159;144;1;land;false;plains;7
2620;124;143;1;land;false;plains;7
2621;109;115;1;land;false;plains;7
2622;145;113;1;land;false;plains;7
2623;157;116;1;land;false;plains;7
2624;144;127;1;land;false;hills;7
2625;143;116;1;land;false;hills;7
2626;132;126;1;land;false;plains;7
2627;131;155;1;land;false;hills;7
2628;181;145;1;land;false;plains;7
2629;184;105;1;land;false;plains;7
2630;238;38;1;land;false;plains;7
2631;248;2;1;land;false;plains;7
2632;239;43;1;land;false;plains;7
2633;253;38;1;land;false;mountain;7
2634;226;3;1;land;false;urban;7
2635;227;27;1;land;false;hills;7
2636;244;13;1;land;false;plains;7
2637;216;45;1;land;false;mountain;7
2638;246;45;1;land;false;plains;7
2639;238;13;1;land;false;hills;7
2640;216;23;1;land;false;plains;7
2641;237;41;1;land;false;hills;7
2642;220;21;1;land;false;plains;7
2643;230;1;1;land;false;mountain;7
2644;227;7;1;land;false;plains;7
2645;250;36;1;land;false;plains;7
2646;227;37;1;land;false;urban;7
2647;235;38;1;land;false;hills;7
2648;222;19;1;land;false;plains;7
2649;234;4;1;land;false;plains;7
2650;254;6;1;land;false;urban;7
2651;242;39;1;land;false;plains;7
2652;238;11;1;land;false;plains;7
2653;230;21;1;land;false;plains;7
2654;239;48;1;land;false;plains;7
2655;229;33;1;land;false;mountain;7
2656;226;34;1;land;false;plains;7
2657;232;42;1;land;false;plains;7
2658;246;20;1;land;false;plains;7
2659;241;27;1;land;false;hills;7
2660;71;141;1;land;false;desert;7
2661;36;132;1;land;false;plains;7
2662;49;83;1;land;false;desert;7
2663;67;93;1;land;false;desert;7
2664;66;91;1;land;false;hills;7
2665;82;116;1;land;false;hills;7
2666;100;70;1;land;false;hills;7
2667;48;67;1;land;false;hills;7
2668;62;108;1;land;false;hills;7
2669;100;60;1;land;false;hills;7
2670;123;61;1;land;false;mountain;7
2671;102;63;1;land;false;mountain;7
2672;70;119;1;land;false;hills;7
2673;77;83;1;land;false;hills;7
2674;60;62;1;land;false;hills;7
2675;70;131;1;land;false;hills;7
2676;119;104;1;land;false;hills;7
2677;80;113;1;land;false;hills;7
2678;62;114;1;land;false;hills;7
2679;25;119;1;land;true;plains;7
2680;20;114;1;land;false;plains;7
2681;26;113;1;land;false;plains;7
2682;37;91;1;land;false;plains;7
2683;9;115;1;land;true;plains;7
2684;17;108;1;land;false;plains;7
2685;6;80;1;land;true;plains;7
2686;26;117;1;land;false;urban;7
2687;11;70;1;land;true;plains;7
2688;19;97;1;land;true;plains;7
2689;17;131;1;land;false;plains;7
2690;41;102;1;land;false;plains;7
2691;26;80;1;land;true;plains;7
2692;36;64;1;land;true;plains;7
2693;41;91;1;land;false;plains;7
2694;25;71;1;land;true;hills;7
2695;8;123;1;land;false;plains;7
2696;42;127;1;land;true;plains;7
2697;21;93;1;land;false;plains;7
2698;0;76;1;land;false;plains;7
2699;44;57;1;land;false;plains;7
2700;6;121;1;land;false;plains;7
2701;22;58;1;land;true;plains;7
2702;35;118;1;land;false;urban;7
2703;39;63;1;land;true;plains;7
2704;14;97;1;land;true;plains;7
2705;35;135;1;land;false;plains;7
2706;29;120;1;land;false;plains;7
2707;136;206;1;land;false;plains;7
2708;131;246;1;land;false;plains;7
2709;95;193;1;land;false;plains;7
2710;96;242;1;land;true;plains;7
2711;127;191;1;land;true;plains;7
2712;49;88;1;land;false;plains;7
2713;20;63;1;land;false;plains;7
2714;32;42;1;land;false;plains;7
2715;34;59;1;land;false;plains;7
2716;74;100;1;land;false;plains;7
2717;45;77;1;land;false;plains;7
2718;25;34;1;land;false;plains;7
2719;21;71;1;land;false;plains;7
2720;34;103;1;land;false;plains;7
2721;129;218;1;land;false;plains;7
2722;116;188;1;land;false;hills;7
2723;158;196;1;land;false;plains;7
2724;119;166;1;land;false;mountain;7
2725;118;170;1;land;false;hills;7
2726;108;211;1;land;false;hills;7
2727;130;211;1;land;false;hills;7
2728;121;79;1;land;false;plains;7
2729;67;17;1;land;false;plains;7
2730;118;14;1;land;false;plains;7
2731;85;47;1;land;false;plains;7
2732;65;37;1;land;false;plains;7
2733;118;72;1;land;false;plains;7
2734;96;12;1;land;false;urban;7
2735;58;200;1;land;false;plains;7
2736;20;184;1;land;false;urban;7
2737;82;180;1;land;false;plains;7
2738;94;150;1;land;false;urban;7
2739;41;169;1;land;false;plains;7
2740;91;173;1;land;false;plains;7
2741;47;173;1;land;false;plains;7
2742;141;128;1;land;false;plains;7
2743;113;128;1;land;false;plains;7
2744;95;118;1;land;false;plains;7
2745;142;152;1;land;false;plains;7
2746;112;112;1;land;false;plains;7
2747;152;168;1;land;false;plains;7
2748;126;148;1;land;false;hills;7
2749;165;128;1;land;false;plains;7
2750;95;115;1;land;false;plains;7
2751;135;175;1;land;false;hills;7
2752;160;149;1;land;false;plains;7
2753;108;101;1;land;false;plains;7
2754;96;118;1;land;false;urban;7
2755;154;115;1;land;false;plains;7
2756;112;104;1;land;false;plains;7
2757;126;157;1;land;false;plains;7
2758;111;173;1;land;false;plains;7
2759;129;130;1;land;false;plains;7
2760;96;135;1;land;false;mountain;7
2761;126;119;1;land;false;plains;7
2762;109;128;1;land;false;hills;7
2763;138;168;1;land;false;plains;7
2764;166;106;1;land;false;plains;7
2765;93;127;1;land;false;plains;7
2766;159;106;1;land;false;plains;7
2767;136;142;1;land;false;plains;7
2768;100;137;1;land;false;plains;7
2769;129;125;1;land;false;plains;7
2770;121;10;1;land;false;mountain;7
2771;133;27;1;land;false;mountain;7
2772;143;7;1;land;false;urban;7
2773;162;32;1;land;false;mountain;7
2774;161;22;1;land;false;mountain;7
2775;159;30;1;land;false;plains;7
2776;111;46;1;land;false;plains;7
2777;103;41;1;land;false;hills;7
2778;123;54;1;land;false;mountain;7
2779;87;47;1;land;false;plains;7
2780;99;13;1;land;false;mountain;7
2781;145;57;1;land;false;hills;7
2782;93;39;1;land;false;hills;7
2783;142;4;1;land;false;mountain;7
2784;124;57;1;land;false;mountain;7
2785;131;50;1;land;false;mountain;7
2786;100;28;1;land;false;plains;7
2787;136;19;1;land;false;mountain;7
2788;197;119;1;land;true;plains;7
2789;219;180;1;land;false;mountain;7
2790;216;216;1;land;true;plains;7
2791;166;229;1;land;true;mountain;7
2792;208;219;1;land;false;mountain;7
2793;193;170;1;land;false;mountain;7
2794;197;223;1;land;true;hills;7
2795;189;222;1;land;false;mountain;7
2796;3;71;1;land;false;plains;7
2797;71;111;1;land;false;hills;7
2798;14;73;1;land;false;plains;7
2799;5;96;1;land;false;plains;7
2800;47;110;1;land;false;hills;7
2801;56;86;1;land;false;plains;7
2802;20;61;1;land;false;plains;7
2803;44;110;1;land;false;plains;7
2804;70;104;1;land;false;plains;7
2805;8;65;1;land;false;hills;7
2806;65;75;1;land;false;hills;7
2807;61;65;1;land;false;plains;7
2808;39;113;1;land;false;hills;7
2809;16;168;1;land;false;plains;7
2810;20;160;1;land;false;plains;7
2811;24;210;1;land;false;plains;7
2812;10;176;1;land;false;plains;7
2813;15;163;1;land;false;plains;7
2814;3;208;1;land;false;urban;7
2815;20;183;1;land;false;urban;7
2816;32;163;1;land;false;plains;7
2817;28;219;1;land;false;urban;7
2818;24;174;1;land;false;forest;7
2819;28;208;1;land;false;plains;7
2820;16;193;1;land;false;plains;7
2821;15;156;1;land;false;plains;7
2822;5;211;1;land;false;urban;7
2823;21;203;1;land;false;plains;7
2824;39;153;1;land;false;hills;7
2825;29;162;1;land;false;plains;7
2826;10;157;1;land;false;plains;7
2827;33;165;1;land;false;plains;7
2828;29;189;1;land;false;plains;7
2829;8;212;1;land;false;hills;7
2830;37;169;1;land;false;plains;7
2831;15;143;1;land;false;plains;7
2832;22;196;1;land;false;urban;7
2833;119;84;1;land;false;hills;7
2834;111;70;1;land;false;hills;7
2835;93;8;1;land;false;hills;7
2836;194;161;1;land;true;urban;7
2837;175;148;1;land;false;plains;7
2838;203;113;1;land;true;plains;7
2839;165;117;1;land;true;plains;7
2840;210;153;1;land;false;plains;7
2841;139;130;1;land;true;plains;7
2842;11;21;1;land;false;mountain;7
2843;4;4;1;land;false;hills;7
2844;2;25;1;land;false;mountain;7
2845;25;45;1;land;false;hills;7
2846;40;49;1;land;false;mountain;7
2847;21;29;1;land;false;mountain;7
2848;36;4;1;land;false;mountain;7
2849;8;27;1;land;false;plains;7
2850;10;9;1;land;false;hills;7
2851;22;36;1;land;false;mountain;7
2852;65;43;1;land;false;hills;7
2853;22;38;1;land;false;hills;7
2854;70;129;1;land;false;mountain;7
2855;93;112;1;land;false;hills;7
2856;107;121;1;land;false;hills;7
2857;97;97;1;land;false;mountain;7
2858;57;100;1;land;false;hills;7
2859;101;125;1;land;false;mountain;7
2860;104;139;1;land;false;hills;7
2861;68;121;1;land;false;hills;7
2862;133;160;1;land;false;mountain;7
2863;64;105;1;land;false;hills;7
2864;126;102;1;land;false;hills;7
2865;58;139;1;land;false;mountain;7
2866;79;154;1;land;false;mountain;7
2867;93;156;1;land;false;mountain;7
2868;115;135;1;land;false;mountain;7
2869;79;148;1;land;false;hills;7
2870;112;86;1;land;false;mountain;7
2871;196;229;1;land;false;mountain;7
2872;236;230;1;land;false;hills;7
2873;190;221;1;land;false;hills;7
2874;246;232;1;land;false;mountain;7
2875;241;246;1;land;false;hills;7
2876;30;79;1;land;false;mountain;7
2877;49;73;1;land;true;mountain;7
2878;75;133;1;land;false;urban;7
2879;4;72;1;land;false;plains;7
2880;25;91;1;land;false;plains;7
2881;13;133;1;land;false;plains;7
2882;50;141;1;land;false;hills;7
2883;58;77;1;land;true;plains;7
2884;14;128;1;land;false;plains;7
2885;46;123;1;land;true;plains;7
2886;31;90;1;land;false;plains;7
2887;20;89;1;land;false;mountain;7
2888;5;101;1;land;true;hills;7
2889;10;68;1;land;true;plains;7
2890;8;118;1;land;true;hills;7
2891;54;95;1;land;false;urban;7
2892;18;127;1;land;false;plains;7
2893;101;80;1;land;true;forest;7
2894;68;96;1;land;true;forest;7
2895;87;58;1;land;true;plains;7
2896;73;67;1;land;true;plains;7
2897;53;44;1;land;true;hills;7
2898;68;119;1;land;true;plains;7
2899;93;103;1;land;true;forest;7
2900;61;99;1;land;true;plains;7
2901;85;54;1;land;false;plains;7
2902;236;46;1;land;false;urban;7
2903;246;59;1;land;false;plains;7
2904;253;61;1;land;false;plains;7
2905;240;39;1;land;false;urban;7
2906;238;21;1;land;false;plains;7
2907;224;80;1;land;false;forest;7
2908;21;208;1;land;false;hills;7
2909;78;246;1;land;false;hills;7
2910;8;224;1;land;false;hills;7
2911;36;215;1;land;false;mountain;7
2912;37;235;1;land;false;hills;7
2913;62;227;1;land;false;hills;7
2914;53;232;1;land;false;hills;7
2915;52;247;1;land;false;plains;7
2916;65;249;1;land;false;hills;7
2917;200;126;1;land;false;plains;7
2918;188;183;1;land;false;hills;7
2919;167;167;1;land;false;urban;7
2920;186;127;1;land;false;mountain;7
2921;179;178;1;land;false;hills;7
2922;176;152;1;land;false;mountain;7
2923;201;143;1;land;false;plains;7
2924;219;166;1;land;false;hills;7
2925;173;164;1;land;false;mountain;7
2926;219;144;1;land;false;hills;7
2927;175;135;1;land;false;hills;7
2928;179;135;1;land;false;plains;7
2929;205;197;1;land;false;mountain;7
2930;235;193;1;land;false;hills;7
2931;216;124;1;land;false;plains;7
2932;236;165;1;land;false;mountain;7
2933;195;165;1;land;false;hills;7
2934;98;18;1;land;false;hills;7
2935;125;34;1;land;false;mountain;7
2936;100;38;1;land;false;plains;7
2937;60;26;1;land;false;hills;7
2938;69;41;1;land;false;hills;7
2939;100;32;1;land;true;plains;7
2940;126;28;1;land;false;urban;7
2941;101;23;1;land;false;hills;7
2942;66;33;1;land;false;hills;7
2943;100;13;1;land;false;mountain;7
2944;74;2;1;land;false;hills;7
2945;54;40;1;land;false;hills;7
2946;122;9;1;land;false;plains;7
2947;132;38;1;land;false;plains;7
2948;56;27;1;land;false;hills;7
2949;75;21;1;land;true;urban;7
2950;119;37;1;land;false;hills;7
2951;70;225;1;land;false;urban;7
2952;95;239;1;land;false;plains;7
2953;76;237;1;land;false;plains;7
2954;44;202;1;land;false;plains;7
2955;46;239;1;land;false;urban;7
2956;77;170;1;land;false;plains;7
2957;74;162;1;land;false;plains;7
2958;66;215;1;land;false;plains;7
2959;111;217;1;land;false;urban;7
2960;57;225;1;land;false;plains;7
2961;45;230;1;land;false;forest;7
2962;161;63;1;land;false;plains;7
2963;180;32;1;land;false;plains;7
2964;165;96;1;land;false;urban;7
2965;184;81;1;land;false;plains;7
2966;151;41;1;land;false;plains;7
2967;176;42;1;land;false;plains;7
2968;154;83;1;land;false;plains;7
2969;223;73;1;land;false;plains;7
2970;195;41;1;land;false;urban;7
2971;163;50;1;land;false;plains;7
2972;159;54;1;land;false;plains;7
2973;148;87;1;land;false;hills;7
2974;224;49;1;land;false;plains;7
2975;185;92;1;land;false;plains;7
2976;176;88;1;land;false;plains;7
2977;218;87;1;land;false;plains;7
2978;223;28;1;land;false;plains;7
2979;169;238;1;land;false;plains;7
2980;185;195;1;land;false;urban;7
2981;158;194;1;land;false;hills;7
2982;165;163;1;land;false;plains;7
2983;213;182;1;land;false;plains;7
2984;145;242;1;land;false;urban;7
2985;187;224;1;land;false;hills;7
2986;159;197;1;land;false;plains;7
2987;166;181;1;land;false;urban;7
2988;156;196;1;land;false;urban;7
2989;155;194;1;land;false;plains;7
2990;212;168;1;land;false;hills;7
2991;200;231;1;land;false;plains;7
2992;194;210;1;land;false;urban;7
2993;164;219;1;land;false;plains;7
2994;208;184;1;land;false;urban;7
2995;177;188;1;land;false;hills;7
2996;223;227;1;land;false;urban;7
2997;189;191;1;land;false;hills;7
2998;89;20;1;land;false;plains;7
2999;126;19;1;land;false;plains;7
3000;64;5;1;land;false;plains;7
3001;109;32;1;land;false;plains;7
3002;115;26;1;land;false;plains;7
3003;116;29;1;land;false;plains;7
3004;68;10;1;land;false;plains;7
3005;159;216;1;land;false;hills;7
3006;128;241;1;land;false;hills;7
3007;202;226;1;land;false;plains;7
3008;135;193;1;land;false;hills;7
3009;166;195;1;land;false;hills;7
3010;160;254;1;land;false;plains;7
3011;166;230;1;land;false;hills;7
3012;173;195;1;land;false;plains;7
3013;196;212;1;land;false;plains;7
3014;127;250;1;land;false;hills;7
3015;206;229;1;land;false;plains;7
3016;148;235;1;land;false;hills;7
3017;195;215;1;land;false;plains;7
3018;199;206;1;land;false;mountain;7
3019;159;218;1;land;false;plains;7
3020;137;196;1;land;false;plains;7
3021;127;247;1;land;false;plains;7
3022;128;238;1;land;false;hills;7
3023;149;252;1;land;false;hills;7
3024;187;251;1;land;false;plains;7
3025;139;216;1;land;false;plains;7
3026;182;233;1;land;false;hills;7
3027;166;220;1;land;false;hills;7
3028;169;249;1;land;false;plains;7
3029;175;204;1;land;false;hills;7
3030;150;79;1;land;false;plains;7
3031;195;105;1;land;false;plains;7
3032;152;116;1;land;false;urban;7
3033;182;96;1;land;false;plains;7
3034;199;75;1;land;false;plains;7
3035;127;119;1;land;false;forest;7
3036;133;144;1;land;false;plains;7
3037;178;106;1;land;false;plains;7
3038;132;86;1;land;false;urban;7
3039;187;147;1;land;false;plains;7
3040;184;138;1;land;false;plains;7
3041;188;88;1;land;false;plains;7
3042;139;80;1;land;false;urban;7
3043;152;82;1;land;false;plains;7
3044;171;117;1;land;false;plains;7
3045;131;90;1;land;false;plains;7
3046;170;100;1;land;false;plains;7
3047;188;138;1;land;false;plains;7
3048;211;107;1;land;false;mountain;7
3049;218;41;1;land;false;mountain;7
3050;223;54;1;land;false;hills;7
3051;108;69;1;land;false;hills;7
3052;50;58;1;land;false;hills;7
3053;110;62;1;land;false;mountain;7
3054;82;123;1;land;false;hills;7
3055;92;114;1;land;false;hills;7
3056;57;113;1;land;false;mountain;7
3057;63;122;1;land;false;hills;7
3058;29;207;1;land;false;plains;7
3059;2;138;1;land;false;urban;7
3060;4;184;1;land;false;plains;7
3061;23;178;1;land;false;plains;7
3062;26;150;1;land;false;plains;7
3063;8;174;1;land;false;plains;7
3064;24;176;1;land;false;plains;7
3065;13;201;1;land;false;plains;7
3066;16;170;1;land;false;plains;7
3067;24;183;1;land;false;urban;7
3068;8;180;1;land;false;hills;7
3069;70;184;1;land;false;forest;7
3070;110;188;1;land;false;hills;7
3071;92;161;1;land;false;forest;7
3072;175;133;1;land;false;mountain;7
3073;227;179;1;land;false;mountain;7
3074;188;123;1;land;false;mountain;7
3075;216;146;1;land;false;mountain;7
3076;184;121;1;land;false;mountain;7
3077;173;124;1;land;false;mountain;7
3078;241;130;1;land;false;mountain;7
3079;127;8;1;land;false;hills;7
3080;110;24;1;land;false;hills;7
3081;141;17;1;land;false;hills;7
3082;159;47;1;land;false;hills;7
3083;160;3;1;land;false;hills;7
3084;109;27;1;land;false;mountain;7
3085;111;36;1;land;false;hills;7
3086;132;20;1;land;false;hills;7
3087;89;3;1;land;false;hills;7
3088;154;32;1;land;false;hills;7
3089;87;38;1;land;false;mountain;7
3090;198;117;1;land;false;plains;7
3091;189;124;1;land;false;urban;7
3092;198;93;1;land;false;plains;7
3093;224;145;1;land;false;plains;7
3094;248;134;1;land;false;plains;7
3095;221;93;1;land;false;urban;7
3096;183;237;1;land;false;hills;7
3097;193;207;1;land;false;mountain;7
3098;225;232;1;land;false;mountain;7
3099;155;224;1;land;false;hills;7
3100;226;206;1;land;false;hills;7
3101;202;196;1;land;false;forest;7
3102;152;239;1;land;false;hills;7
3103;165;227;1;land;false;hills;7
3104;162;250;1;land;false;hills;7
3105;182;246;1;land;false;mountain;7
3106;225;210;1;land;false;hills;7
3107;213;223;1;land;false;hills;7
3108;156;230;1;land;false;mountain;7
3109;206;250;1;land;false;hills;7
3110;188;215;1;land;false;hills;7
3111;44;228;1;land;false;hills;7
3112;13;254;1;land;false;hills;7
3113;78;199;1;land;false;plains;7
3114;49;201;1;land;false;plains;7
3115;24;200;1;land;false;plains;7
3116;53;212;1;land;false;plains;7
3117;22;218;1;land;false;plains;7
3118;48;211;1;land;false;plains;7
3119;26;225;1;land;false;hills;7
3120;0;214;1;land;false;plains;7
3121;53;199;1;land;false;plains;7
3122;56;245;1;land;false;plains;7
3123;53;231;1;land;false;urban;7
3124;24;226;1;land;false;plains;7
3125;78;63;1;land;false;plains;7
3126;77;43;1;land;false;urban;7
3127;97;61;1;land;false;plains;7
3128;130;43;1;land;false;plains;7
3129;79;1;1;land;false;urban;7
3130;130;44;1;land;false;plains;7
3131;113;37;1;land;false;plains;7
3132;144;8;1;land;false;plains;7
3133;238;77;1;land;false;forest;7
3134;170;60;1;land;false;urban;7
3135;171;37;1;land;false;urban;7
3136;181;4;1;land;false;forest;7
3137;237;57;1;land;false;hills;7
3138;192;30;1;land;false;forest;7
3139;238;61;1;land;false;forest;7
3140;179;4;1;land;false;hills;7
3141;187;0;1;land;false;forest;7
3142;233;0;1;land;false;forest;7
3143;188;61;1;land;false;forest;7
3144;186;67;1;land;false;urban;7
3145;202;4;1;land;false;forest;7
3146;220;25;1;land;false;forest;7
3147;215;53;1;land;false;forest;7
3148;189;39;1;land;false;hills;7
3149;228;34;1;land;false;hills;7
3150;141;48;1;land;false;plains;7
3151;165;214;1;land;false;plains;7
3152;197;241;1;land;false;urban;7
3153;164;221;1;land;false;plains;7
3154;223;225;1;land;false;plains;7
3155;185;217;1;land;false;plains;7
3156;184;201;1;land;false;plains;7
3157;174;246;1;land;false;urban;7
3158;177;208;1;land;false;plains;7
3159;225;241;1;land;false;forest;7
3160;187;247;1;land;false;plains;7
3161;227;208;1;land;false;urban;7
3162;174;232;1;land;false;urban;7
3163;207;200;1;land;false;plains;7
3164;170;252;1;land;false;plains;7
3165;173;246;1;land;false;plains;7
3166;156;248;1;land;false;plains;7
3167;190;202;1;land;false;plains;7
3168;211;242;1;land;false;urban;7
3169;216;202;1;land;false;plains;7
3170;229;242;1;land;false;forest;7
3171;168;246;1;land;false;plains;7
3172;159;201;1;land;false;plains;7
3173;178;202;1;land;false;plains;7
3174;170;210;1;land;false;plains;7
3175;185;253;1;land;false;plains;7
3176;177;209;1;land;false;urban;7
3177;8;216;1;land;false;forest;7
3178;73;205;1;land;false;urban;7
3179;32;243;1;land;false;plains;7
3180;69;252;1;land;false;forest;7
3181;38;232;1;land;false;hills;7
3182;13;237;1;land;false;mountain;7
3183;31;254;1;land;false;plains;7
3184;72;212;1;land;false;forest;7
3185;79;253;1;land;false;forest;7
3186;73;232;1;land;false;forest;7
3187;23;202;1;land;false;hills;7
3188;14;203;1;land;false;urban;7
3189;28;246;1;land;false;hills;7
3190;71;232;1;land;false;forest;7
3191;19;239;1;land;false;hills;7
3192;43;219;1;land;false;urban;7
3193;78;223;1;land;false;forest;7
3194;57;217;1;land;false;hills;7
3195;142;227;1;land;false;plains;7
3196;142;206;1;land;false;plains;7
3197;125;185;1;land;true;hills;7
3198;125;246;1;land;true;plains;7
3199;93;189;1;land;false;plains;7
3200;128;197;1;land;false;plains;7
3201;95;234;1;land;true;plains;7
3202;75;235;1;land;false;plains;7
3203;115;213;1;land;false;plains;7
3204;232;226;1;land;true;plains;7
3205;181;239;1;land;true;plains;7
3206;194;232;1;land;true;plains;7
3207;191;196;1;land;false;hills;7
3208;186;219;1;land;false;plains;7
3209;240;246;1;land;true;plains;7
3210;223;228;1;land;true;plains;7
3211;182;231;1;land;false;plains;7
3212;189;245;1;land;false;plains;7
3213;220;199;1;land;true;plains;7
3214;238;185;1;land;true;plains;7
3215;240;190;1;land;true;plains;7
3216;197;215;1;land;true;plains;7
3217;237;202;1;land;true;plains;7
3218;229;209;1;land;false;hills;7
3219;131;200;1;land;false;hills;7
3220;127;223;1;land;false;hills;7
3221;137;213;1;land;false;mountain;7
3222;136;237;1;land;false;mountain;7
3223;132;220;1;land;false;hills;7
3224;134;194;1;land;false;plains;7
3225;128;239;1;land;false;mountain;7
3226;123;246;1;land;false;hills;7
3227;121;193;1;land;false;mountain;7
3228;176;206;1;land;false;mountain;7
3229;105;196;1;land;false;hills;7
3230;164;194;1;land;false;hills;7
3231;153;247;1;land;false;hills;7
3232;176;180;1;land;false;mountain;7
3233;138;252;1;land;false;mountain;7
3234;156;250;1;land;false;hills;7
3235;103;208;1;land;false;mountain;7
3236;150;249;1;land;false;mountain;7
3237;161;249;1;land;false;mountain;7
3238;215;200;1;land;false;plains;7
3239;218;238;1;land;false;urban;7
3240;218;185;1;land;false;plains;7
3241;208;216;1;land;false;urban;7
3242;222;253;1;land;false;urban;7
3243;225;205;1;land;false;plains;7
3244;247;231;1;land;false;plains;7
3245;219;231;1;land;false;plains;7
3246;223;237;1;land;false;urban;7
3247;227;236;1;land;false;plains;7
3248;219;213;1;land;false;plains;7
3249;241;193;1;land;false;urban;7
3250;231;192;1;land;false;plains;7
3251;235;214;1;land;false;urban;7
3252;254;205;1;land;false;urban;7
3253;235;235;1;land;false;plains;7
3254;222;240;1;land;false;urban;7
3255;44;45;1;land;false;hills;7
3256;67;57;1;land;false;hills;7
3257;84;108;1;land;false;plains;7
3258;65;63;1;land;false;hills;7
3259;87;87;1;land;false;desert;7
3260;34;76;1;land;false;hills;7
3261;52;65;1;land;false;hills;7
3262;33;34;1;land;false;plains;7
3263;60;88;1;land;false;desert;7
3264;41;46;1;land;false;plains;7
3265;52;78;1;land;false;hills;7
3266;76;71;1;land;false;plains;7
3267;33;41;1;land;false;hills;7
3268;71;81;1;land;false;hills;7
3269;70;81;1;land;false;plains;7
3270;91;98;1;land;false;plains;7
3271;48;58;1;land;false;hills;7
3272;67;100;1;land;false;hills;7
3273;42;111;1;land;false;desert;7
3274;68;78;1;land;false;plains;7
3275;54;57;1;land;false;plains;7
3276;36;101;1;land;false;hills;7
3277;19;51;1;land;false;mountain;7
3278;20;113;1;land;false;desert;7
3279;35;105;1;land;false;hills;7
3280;54;51;1;land;false;plains;7
3281;61;42;1;land;false;hills;7
3282;81;81;1;land;false;hills;7
3283;133;166;1;land;true;plains;7
3284;224;29;1;land;false;plains;7
3285;230;59;1;land;false;hills;7
3286;247;21;1;land;false;plains;7
3287;226;7;1;land;false;plains;7
3288;248;45;1;land;false;plains;7
3289;231;83;1;land;false;plains;7
3290;230;26;1;land;false;plains;7
3291;245;64;1;land;false;plains;7
3292;242;14;1;land;false;plains;7
3293;229;12;1;land;false;plains;7
3294;247;36;1;land;false;plains;7
3295;231;42;1;land;false;plains;7
3296;239;8;1;land;false;plains;7
3297;209;62;1;land;false;plains;7
3298;208;23;1;land;false;plains;7
3299;195;53;1;land;false;plains;7
3300;220;23;1;land;false;plains;7
3301;193;60;1;land;false;plains;7
3302;204;61;1;land;false;plains;7
3303;227;65;1;land;false;plains;7
3304;212;36;1;land;false;plains;7
3305;208;24;1;land;false;plains;7
3306;231;47;1;land;false;plains;7
3307;235;13;1;land;false;plains;7
3308;253;34;1;land;false;plains;7
3309;221;54;1;land;false;plains;7
3310;212;39;1;land;false;plains;7
3311;240;35;1;land;false;plains;7
3312;205;85;1;land;false;plains;7
3313;200;18;1;land;false;plains;7
3314;246;63;1;land;false;plains;7
3315;205;46;1;land;false;plains;7
3316;216;80;1;land;false;plains;7
3317;222;85;1;land;false;urban;7
3318;246;84;1;land;false;plains;7
3319;244;50;1;land;false;plains;7
3320;212;16;1;land;false;plains;7
3321;203;60;1;land;false;plains;7
3322;215;66;1;land;false;plains;7
3323;213;21;1;land;false;plains;7
3324;251;72;1;land;false;plains;7
3325;199;51;1;land;false;plains;7
3326;122;157;1;land;false;forest;7
3327;117;150;1;land;false;urban;7
3328;92;168;1;land;false;urban;7
3329;91;137;1;land;false;urban;7
3330;97;204;1;land;false;plains;7
3331;65;164;1;land;false;urban;7
3332;72;128;1;land;false;forest;7
3333;52;144;1;land;false;urban;7
3334;74;186;1;land;false;forest;7
3335;110;200;1;land;false;urban;7
3336;70;130;1;land;false;urban;7
3337;108;169;1;land;false;plains;7
3338;72;188;1;land;false;plains;7
3339;49;175;1;land;false;urban;7
3340;100;138;1;land;false;urban;7
3341;90;198;1;land;false;plains;7
3342;83;148;1;land;false;forest;7
3343;110;149;1;land;false;forest;7
3344;175;9;1;land;false;plains;7
3345;132;31;1;land;true;urban;7
3346;162;44;1;land;true;urban;7
3347;162;56;1;land;false;urban;7
3348;170;38;1;land;false;plains;7
3349;177;55;1;land;false;urban;7
3350;123;21;1;land;false;urban;7
3351;184;18;1;land;false;plains;7
3352;181;58;1;land;false;plains;7
3353;186;58;1;land;true;plains;7
3354;168;21;1;land;false;plains;7
3355;161;27;1;land;true;plains;7
3356;184;19;1;land;false;plains;7
3357;118;18;1;land;false;urban;7
3358;115;46;1;land;false;plains;7
3359;136;57;1;land;false;plains;7
3360;183;25;1;land;false;plains;7
3361;126;8;1;land;false;plains;7
3362;169;38;1;land;false;urban;7
3363;132;28;1;land;false;urban;7
3364;79;109;1;land;false;forest;7
3365;64;102;1;land;true;forest;7
3366;42;88;1;land;false;forest;7
3367;65;40;1;land;true;forest;7
3368;38;155;1;land;false;plains;7
3369;51;191;1;land;false;plains;7
3370;38;173;1;land;false;plains;7
3371;51;199;1;land;false;plains;7
3372;53;210;1;land;false;plains;7
3373;5;198;1;land;false;plains;7
3374;58;153;1;land;false;plains;7
3375;17;187;1;land;false;plains;7
3376;98;82;1;land;false;plains;7
3377;100;50;1;land;false;urban;7
3378;130;66;1;land;false;plains;7
3379;130;46;1;land;false;urban;7
3380;171;48;1;land;false;plains;7
3381;126;66;1;land;false;plains;7
3382;134;9;1;land;false;plains;7
3383;137;14;1;land;false;plains;7
3384;110;79;1;land;false;plains;7
3385;137;35;1;land;false;plains;7
3386;151;40;1;land;false;urban;7
3387;107;62;1;land;false;plains;7
3388;100;76;1;land;false;plains;7
3389;128;42;1;land;false;plains;7
3390;161;57;1;land;false;plains;7
3391;124;26;1;land;false;plains;7
3392;119;41;1;land;false;plains;7
3393;138;43;1;land;false;plains;7
3394;104;26;1;land;false;plains;7
3395;107;26;1;land;false;urban;7
3396;97;53;1;land;false;plains;7
3397;130;69;1;land;false;urban;7
3398;105;22;1;land;false;urban;7
3399;154;118;1;land;false;plains;7
3400;131;116;1;land;false;hills;7
3401;104;124;1;land;false;plains;7
3402;246;217;1;land;false;hills;7
3403;217;250;1;land;false;hills;7
3404;208;238;1;land;false;plains;7
3405;205;242;1;land;false;plains;7
3406;248;229;1;land;false;plains;7
3407;229;239;1;land;false;plains;7
3408;240;216;1;land;false;plains;7
3409;247;246;1;land;false;hills;7
3410;189;228;1;land;false;plains;7
3411;220;240;1;land;false;mountain;7
3412;220;222;1;land;false;hills;7
3413;191;240;1;land;false;plains;7
3414;225;227;1;land;false;hills;7
3415;210;247;1;land;false;plains;7
3416;240;254;1;land;false;plains;7
3417;215;216;1;land;false;plains;7
3418;230;233;1;land;false;hills;7
3419;247;211;1;land;false;plains;7
3420;193;210;1;land;false;hills;7
3421;196;251;1;land;false;plains;7
3422;190;253;1;land;false;plains;7
3423;211;215;1;land;false;plains;7
3424;213;238;1;land;false;hills;7
3425;210;234;1;land;false;plains;7
3426;205;221;1;land;false;plains;7
3427;254;220;1;land;false;plains;7
3428;191;248;1;land;false;hills;7
3429;206;254;1;land;false;plains;7
3430;201;250;1;land;false;hills;7
3431;239;248;1;land;false;hills;7
3432;237;231;1;land;false;hills;7
3433;67;233;1;land;false;desert;7
3434;75;211;1;land;false;desert;7
3435;83;217;1;land;false;hills;7
3436;109;238;1;land;false;plains;7
3437;61;221;1;land;false;plains;7
3438;59;219;1;land;false;plains;7
3439;68;243;1;land;false;desert;7
3440;56;214;1;land;false;desert;7
3441;54;244;1;land;false;hills;7
3442;51;254;1;land;false;desert;7
3443;70;218;1;land;false;plains;7
3444;59;213;1;land;false;desert;7
3445;98;211;1;land;false;desert;7
3446;94;243;1;land;false;desert;7
3447;113;243;1;land;false;plains;7
3448;178;158;1;land;false;mountain;7
3449;108;133;1;land;false;hills;7
3450;163;157;1;land;false;plains;7
3451;119;142;1;land;false;urban;7
3452;162;166;1;land;false;plains;7
3453;118;156;1;land;false;urban;7
3454;161;149;1;land;false;mountain;7
3455;120;150;1;land;false;plains;7
3456;120;130;1;land;false;hills;7
3457;121;167;1;land;false;hills;7
3458;180;155;1;land;false;plains;7
3459;130;133;1;land;false;plains;7
3460;115;152;1;land;false;plains;7
3461;111;118;1;land;false;plains;7
3462;126;153;1;land;false;hills;7
3463;134;127;1;land;false;plains;7
3464;144;166;1;land;false;plains;7
3465;143;98;1;land;false;plains;7
3466;44;204;1;land;false;plains;7
3467;31;173;1;land;false;urban;7
3468;1;209;1;land;false;plains;7
3469;25;135;1;land;false;plains;7
3470;12;180;1;land;false;plains;7
3471;7;209;1;land;false;plains;7
3472;12;171;1;land;false;plains;7
3473;31;210;1;land;false;urban;7
3474;30;156;1;land;false;plains;7
3475;23;161;1;land;false;plains;7
3476;32;202;1;land;false;urban;7
3477;112;152;1;land;false;hills;7
3478;148;211;1;land;false;mountain;7
3479;100;163;1;land;false;plains;7
3480;137;211;1;land;false;plains;7
3481;114;170;1;land;false;hills;7
3482;117;193;1;land;false;hills;7
3483;84;197;1;land;false;desert;7
3484;97;189;1;land;false;plains;7
3485;96;141;1;land;false;hills;7
3486;94;197;1;land;false;hills;7
3487;67;118;1;land;false;plains;7
3488;108;104;1;land;false;plains;7
3489;67;109;1;land;false;plains;7
3490;100;112;1;land;false;plains;7
3491;90;102;1;land;false;plains;7
3492;55;132;1;land;false;plains;7
3493;86;93;1;land;false;plains;7
3494;63;80;1;land;false;plains;7
3495;38;87;1;land;false;urban;7
3496;151;185;1;land;false;hills;7
3497;138;164;1;land;false;plains;7
3498;168;230;1;land;false;mountain;7
3499;198;222;1;land;false;hills;7
3500;141;232;1;land;false;plains;7
3501;147;176;1;land;false;plains;7
3502;175;182;1;land;false;hills;7
3503;162;221;1;land;false;plains;7
3504;191;209;1;land;false;plains;7
3505;150;182;1;land;false;hills;7
3506;162;203;1;land;false;hills;7
3507;152;202;1;land;false;hills;7
3508;186;225;1;land;false;mountain;7
3509;162;155;1;land;false;plains;7
3510;129;214;1;land;false;mountain;7
3511;183;216;1;land;false;hills;7
3512;125;162;1;land;false;hills;7
3513;160;209;1;land;false;mountain;7
3514;146;167;1;land;false;hills;7
3515;197;191;1;land;false;hills;7
3516;146;166;1;land;false;plains;7
3517;169;202;1;land;false;hills;7
3518;129;155;1;land;false;plains;7
3519;134;217;1;land;false;plains;7
3520;192;229;1;land;false;mountain;7
3521;138;155;1;land;false;hills;7
3522;189;153;1;land;false;hills;7
3523;155;179;1;land;false;hills;7
3524;184;191;1;land;false;hills;7
3525;143;157;1;land;false;hills;7
3526;172;221;1;land;false;hills;7
3527;171;200;1;land;false;plains;7
3528;158;215;1;land;false;plains;7
3529;151;169;1;land;false;plains;7
3530;151;170;1;land;false;hills;7
3531;168;174;1;land;false;hills;7
3532;156;182;1;land;false;plains;7
3533;122;189;1;land;false;hills;7
3534;135;162;1;land;false;plains;7
3535;179;159;1;land;false;hills;7
3536;193;206;1;land;false;mountain;7
3537;194;200;1;land;false;hills;7
3538;195;203;1;land;false;plains;7
3539;156;216;1;land;false;hills;7
3540;192;181;1;land;false;hills;7
3541;147;217;1;land;false;plains;7
3542;152;232;1;land;false;hills;7
3543;182;181;1;land;false;mountain;7
3544;172;156;1;land;false;mountain;7
3545;123;181;1;land;false;hills;7
3546;137;178;1;land;false;mountain;7
3547;191;188;1;land;false;hills;7
3548;195;191;1;land;false;hills;7
3549;194;191;1;land;false;plains;7
3550;160;178;1;land;false;hills;7
3551;123;209;1;land;false;plains;7
3552;161;221;1;land;false;hills;7
3553;136;185;1;land;false;hills;7
3554;144;175;1;land;false;plains;7
3555;149;224;1;land;false;mountain;7
3556;171;188;1;land;false;plains;7
3557;121;231;1;land;false;plains;7
3558;137;203;1;land;false;plains;7
3559;172;169;1;land;false;hills;7
3560;140;209;1;land;false;mountain;7
3561;39;62;1;land;false;plains;7
3562;51;64;1;land;false;plains;7
3563;14;77;1;land;false;plains;7
3564;17;87;1;land;false;mountain;7
3565;18;69;1;land;false;hills;7
3566;29;52;1;land;false;hills;7
3567;30;95;1;land;false;hills;7
3568;30;71;1;land;false;plains;7
3569;5;18;1;land;false;hills;7
3570;83;112;1;land;false;urban;7
3571;70;180;1;land;false;urban;7
3572;131;115;1;land;false;forest;7
3573;109;172;1;land;false;forest;7
3574;162;38;1;land;false;hills;7
3575;191;48;1;land;false;urban;7
3576;197;10;1;land;false;hills;7
3577;206;13;1;land;false;urban;7
3578;217;53;1;land;false;hills;7
3579;173;15;1;land;false;plains;7
3580;227;51;1;land;false;plains;7
3581;216;25;1;land;false;plains;7
3582;173;51;1;land;false;hills;7
3583;238;67;1;land;false;plains;7
3584;225;65;1;land;false;plains;7
3585;189;37;1;land;false;hills;7
3586;5;77;1;land;false;plains;7
3587;46;125;1;land;false;hills;7
3588;47;132;1;land;false;plains;7
3589;43;148;1;land;false;hills;7
3590;17;81;1;land;false;hills;7
3591;151;135;1;land;false;plains;7
3592;103;131;1;land;false;plains;7
3593;115;145;1;land;true;hills;7
3594;151;120;1;land;true;plains;7
3595;134;131;1;land;false;plains;7
3596;134;103;1;land;false;plains;7
3597;117;156;1;land;false;hills;7
3598;224;243;1;land;false;plains;7
3599;201;229;1;land;false;plains;7
3600;148;193;1;land;false;hills;7
3601;148;196;1;land;false;plains;7
3602;198;189;1;land;false;plains;7
3603;151;193;1;land;false;urban;7
3604;155;211;1;land;false;hills;7
3605;223;204;1;land;false;plains;7
3606;147;242;1;land;false;plains;7
3607;217;234;1;land;false;plains;7
3608;187;175;1;land;false;plains;7
3609;218;233;1;land;false;plains;7
3610;234;227;1;land;false;plains;7
3611;177;212;1;land;false;plains;7
3612;235;240;1;land;false;plains;7
3613;182;199;1;land;false;plains;7
3614;193;233;1;land;false;plains;7
3615;216;174;1;land;false;hills;7
3616;208;195;1;land;false;plains;7
3617;203;243;1;land;false;plains;7
3618;218;188;1;land;false;plains;7
3619;240;166;1;land;false;hills;7
3620;227;207;1;land;false;plains;7
3621;183;199;1;land;false;hills;7
3622;239;224;1;land;false;hills;7
3623;210;188;1;land;false;plains;7
3624;222;213;1;land;false;plains;7
3625;179;218;1;land;false;plains;7
3626;172;206;1;land;false;plains;7
3627;199;213;1;land;false;mountain;7
3628;196;165;1;land;false;plains;7
3629;216;229;1;land;false;plains;7
3630;170;204;1;land;false;plains;7
3631;186;181;1;land;false;plains;7
3632;232;216;1;land;false;plains;7
3633;224;220;1;land;false;plains;7
3634;183;187;1;land;false;plains;7
3635;235;168;1;land;false;plains;7
3636;188;179;1;land;false;plains;7
3637;47;28;1;land;false;urban;7
3638;38;16;1;land;false;urban;7
3639;31;4;1;land;false;hills;7
3640;66;12;1;land;false;urban;7
3641;6;15;1;land;false;forest;7
3642;11;31;1;land;false;urban;7
3643;216;219;1;land;false;plains;7
3644;231;201;1;land;false;plains;7
3645;208;217;1;land;false;plains;7
3646;144;240;1;land;false;plains;7
3647;82;204;1;land;false;plains;7
3648;86;170;1;land;false;urban;7
3649;130;208;1;land;false;plains;7
3650;130;191;1;land;false;plains;7
3651;105;227;1;land;false;plains;7
3652;111;220;1;land;false;urban;7
3653;150;46;1;land;false;hills;7
3654;212;91;1;land;false;hills;7
3655;25;43;1;land;false;hills;7
3656;64;89;1;land;false;mountain;7
3657;62;81;1;land;false;hills;7
3658;42;78;1;land;false;hills;7
3659;32;46;1;land;false;hills;7
3660;1;57;1;land;false;hills;7
3661;18;52;1;land;false;mountain;7
3662;11;33;1;land;false;hills;7
3663;22;67;1;land;false;hills;7
3664;218;4;1;land;false;plains;7
3665;232;14;1;land;false;plains;7
3666;220;11;1;land;false;hills;7
3667;234;55;1;land;false;hills;7
3668;235;40;1;land;false;plains;7
3669;198;43;1;land;false;hills;7
3670;249;31;1;land;false;plains;7
3671;204;15;1;land;false;plains;7
3672;245;17;1;land;false;plains;7
3673;193;72;1;land;false;plains;7
3674;203;73;1;land;false;plains;7
3675;251;4;1;land;false;hills;7
3676;214;15;1;land;false;plains;7
3677;188;28;1;land;false;plains;7
3678;213;5;1;land;false;urban;7
3679;247;67;1;land;false;hills;7
3680;189;53;1;land;false;hills;7
3681;238;4;1;land;false;plains;7
3682;17;39;1;land;false;plains;7
3683;4;5;1;land;false;plains;7
3684;50;41;1;land;false;plains;7
3685;40;33;1;land;false;plains;7
3686;20;1;1;land;false;plains;7
3687;36;11;1;land;false;plains;7
3688;20;22;1;land;false;plains;7
3689;64;20;1;land;false;plains;7
3690;21;24;1;land;false;plains;7
3691;9;8;1;land;false;plains;7
3692;72;42;1;land;false;plains;7
3693;51;31;1;land;false;plains;7
3694;70;40;1;land;false;plains;7
3695;54;17;1;land;false;plains;7
3696;68;21;1;land;false;plains;7
3697;20;2;1;land;false;plains;7
3698;18;35;1;land;false;plains;7
3699;8;14;1;land;false;plains;7
3700;47;21;1;land;false;plains;7
3701;31;6;1;land;false;plains;7
3702;54;30;1;land;false;plains;7
3703;65;46;1;land;false;plains;7
3704;34;24;1;land;false;plains;7
3705;17;23;1;land;false;plains;7
3706;28;30;1;land;false;plains;7
3707;13;22;1;land;false;plains;7
3708;30;9;1;land;false;plains;7
3709;31;5;1;land;false;plains;7
3710;3;24;1;land;false;plains;7
3711;33;5;1;land;false;plains;7
3712;49;143;1;land;false;hills;7
3713;28;115;1;land;false;hills;7
3714;38;122;1;land;false;hills;7
3715;116;8;1;land;false;plains;7
3716;166;30;1;land;false;plains;7
3717;172;51;1;land;false;plains;7
3718;141;41;1;land;false;hills;7
3719;110;30;1;land;false;plains;7
3720;164;37;1;land;false;plains;7
3721;151;39;1;land;false;plains;7
3722;156;30;1;land;false;plains;7
3723;151;48;1;land;false;plains;7
3724;162;43;1;land;false;plains;7
3725;149;26;1;land;false;plains;7
3726;128;6;1;land;false;plains;7
3727;133;43;1;land;false;hills;7
3728;137;36;1;land;false;plains;7
3729;181;42;1;land;false;plains;7
3730;153;45;1;land;false;hills;7
3731;159;13;1;land;false;mountain;7
3732;151;46;1;land;false;plains;7
3733;143;166;1;land;false;plains;7
3734;190;103;1;land;false;plains;7
3735;153;137;1;land;false;plains;7
3736;162;97;1;land;false;hills;7
3737;119;140;1;land;false;mountain;7
3738;124;135;1;land;false;hills;7
3739;135;133;1;land;false;hills;7
3740;133;145;1;land;false;plains;7
3741;131;135;1;land;false;plains;7
3742;164;146;1;land;false;plains;7
3743;145;149;1;land;false;plains;7
3744;188;143;1;land;false;plains;7
3745;147;160;1;land;false;hills;7
3746;156;120;1;land;false;hills;7
3747;188;144;1;land;false;urban;7
3748;185;132;1;land;false;mountain;7
3749;132;163;1;land;false;hills;7
3750;146;111;1;land;false;hills;7
3751;141;139;1;land;false;plains;7
3752;120;91;1;land;false;hills;7
3753;193;137;1;land;false;hills;7
3754;195;113;1;land;false;hills;7
3755;157;103;1;land;false;plains;7
3756;181;134;1;land;false;hills;7
3757;168;162;1;land;false;plains;7
3758;189;160;1;land;false;mountain;7
3759;122;115;1;land;false;hills;7
3760;135;96;1;land;false;plains;7
3761;184;115;1;land;false;plains;7
3762;179;110;1;land;false;mountain;7
3763;187;139;1;land;false;plains;7
3764;181;103;1;land;false;plains;7
3765;125;108;1;land;false;hills;7
3766;131;97;1;land;false;hills;7
3767;133;95;1;land;false;plains;7
3768;133;129;1;land;false;plains;7
3769;165;129;1;land;false;forest;7
3770;163;120;1;land;false;plains;7
3771;145;90;1;land;false;hills;7
3772;129;88;1;land;false;plains;7
3773;166;167;1;land;false;urban;7
3774;154;106;1;land;false;plains;7
3775;139;119;1;land;false;hills;7
3776;176;98;1;land;false;plains;7
3777;190;116;1;land;false;plains;7
3778;178;102;1;land;false;mountain;7
3779;144;126;1;land;false;hills;7
3780;171;124;1;land;false;hills;7
3781;173;126;1;land;false;plains;7
3782;182;110;1;land;false;plains;7
3783;148;110;1;land;false;urban;7
3784;124;109;1;land;false;plains;7
3785;145;109;1;land;false;urban;7
3786;159;154;1;land;false;plains;7
3787;176;166;1;land;false;hills;7
3788;119;134;1;land;false;plains;7
3789;186;156;1;land;false;mountain;7
3790;136;99;1;land;false;plains;7
3791;176;123;1;land;false;hills;7
3792;122;97;1;land;false;hills;7
3793;145;132;1;land;false;hills;7
3794;153;114;1;land;false;mountain;7
3795;188;139;1;land;false;hills;7
3796;131;128;1;land;false;hills;7
3797;181;117;1;land;false;hills;7
3798;123;130;1;land;false;hills;7
3799;125;129;1;land;false;mountain;7
3800;171;140;1;land;false;plains;7
3801;175;153;1;land;false;hills;7
3802;146;88;1;land;false;plains;7
3803;124;147;1;land;false;hills;7
3804;111;1;1;land;false;hills;7
3805;171;66;1;land;false;mountain;7
3806;147;65;1;land;false;hills;7
3807;111;14;1;land;false;urban;7
3808;152;5;1;land;true;plains;7
3809;165;60;1;land;false;hills;7
3810;129;56;1;land;false;mountain;7
3811;107;24;1;land;true;plains;7
3812;114;34;1;land;false;hills;7
3813;130;68;1;land;true;hills;7
3814;109;200;1;land;false;hills;7
3815;162;198;1;land;false;hills;7
3816;139;244;1;land;false;hills;7
3817;118;217;1;land;false;hills;7
3818;130;215;1;land;false;hills;7
3819;159;193;1;land;false;urban;7
3820;130;240;1;land;false;plains;7
3821;126;234;1;land;false;hills;7
3822;151;214;1;land;false;hills;7
3823;162;212;1;land;false;hills;7
3824;159;230;1;land;false;plains;7
3825;151;218;1;land;false;hills;7
3826;136;229;1;land;false;urban;7
3827;109;243;1;land;false;hills;7
3828;125;218;1;land;false;plains;7
3829;139;199;1;land;false;hills;7
3830;158;220;1;land;false;mountain;7
3831;91;227;1;land;false;hills;7
3832;147;234;1;land;false;mountain;7
3833;157;236;1;land;false;urban;7
3834;115;198;1;land;false;hills;7
3835;127;239;1;land;false;mountain;7
3836;125;234;1;land;false;urban;7
3837;146;220;1;land;false;hills;7
3838;138;248;1;land;false;hills;7
3839;107;203;1;land;false;forest;7
3840;95;252;1;land;false;hills;7
3841;125;224;1;land;false;plains;7
3842;85;201;1;land;false;mountain;7
3843;105;251;1;land;false;plains;7
3844;131;211;1;land;false;hills;7
3845;87;237;1;land;false;hills;7
3846;154;242;1;land;false;mountain;7
3847;88;208;1;land;false;hills;7
3848;124;237;1;land;false;mountain;7
3849;106;202;1;land;false;hills;7
3850;84;215;1;land;false;hills;7
3851;231;153;1;land;false;plains;7
3852;223;108;1;land;false;hills;7
3853;181;90;1;land;false;plains;7
3854;249;113;1;land;false;plains;7
3855;189;134;1;land;false;plains;7
3856;199;155;1;land;false;hills;7
3857;241;138;1;land;false;plains;7
3858;247;140;1;land;false;hills;7
3859;226;116;1;land;false;mountain;7
3860;184;91;1;land;false;mountain;7
3861;183;85;1;land;false;plains;7
3862;217;95;1;land;false;plains;7
3863;206;85;1;land;false;plains;7
3864;196;161;1;land;false;hills;7
3865;209;157;1;land;false;hills;7
3866;213;148;1;land;false;hills;7
3867;227;148;1;land;false;plains;7
3868;225;131;1;land;false;plains;7
3869;33;87;1;land;false;hills;7
3870;39;128;1;land;false;hills;7
3871;66;51;1;land;false;hills;7
3872;69;99;1;land;false;hills;7
3873;10;62;1;land;false;hills;7
3874;55;224;1;land;false;mountain;7
3875;63;169;1;land;false;hills;7
3876;77;204;1;land;false;hills;7
3877;49;187;1;land;false;hills;7
3878;48;234;1;land;false;hills;7
3879;77;187;1;land;false;mountain;7
3880;15;204;1;land;false;hills;7
3881;47;180;1;land;false;mountain;7
3882;161;222;1;land;false;plains;7
3883;142;193;1;land;false;plains;7
3884;148;199;1;land;false;plains;7
3885;182;201;1;land;false;plains;7
3886;115;190;1;land;false;plains;7
3887;168;222;1;land;false;plains;7
3888;174;191;1;land;false;plains;7
3889;111;182;1;land;false;plains;7
3890;171;184;1;land;false;plains;7
3891;217;206;1;land;false;forest;7
3892;234;189;1;land;false;forest;7
3893;236;167;1;land;false;forest;7
3894;93;100;1;land;false;hills;7
3895;91;49;1;land;false;hills;7
3896;119;79;1;land;false;hills;7
3897;59;89;1;land;false;hills;7
3898;89;83;1;land;false;hills;7
3899;63;40;1;land;false;plains;7
3900;94;46;1;land;false;hills;7
3901;44;37;1;land;false;plains;7
3902;91;107;1;land;false;hills;7
3903;75;85;1;land;false;hills;7
3904;120;60;1;land;false;desert;7
3905;117;90;1;land;false;hills;7
3906;67;41;1;land;false;hills;7
3907;117;42;1;land;false;hills;7
3908;80;85;1;land;false;hills;7
3909;96;105;1;land;false;hills;7
3910;63;192;1;land;false;plains;7
3911;78;183;1;land;false;plains;7
3912;126;202;1;land;false;plains;7
3913;126;182;1;land;false;hills;7
3914;117;200;1;land;false;hills;7
3915;57;227;1;land;false;plains;7
3916;93;179;1;land;false;plains;7
3917;81;179;1;land;false;hills;7
3918;59;186;1;land;false;plains;7
3919;65;151;1;land;false;plains;7
3920;111;192;1;land;false;plains;7
3921;58;198;1;land;false;plains;7
3922;99;202;1;land;false;plains;7
3923;57;223;1;land;false;plains;7
3924;71;196;1;land;false;hills;7
3925;83;179;1;land;false;plains;7
3926;66;166;1;land;false;plains;7
3927;81;206;1;land;false;plains;7
3928;83;230;1;land;false;plains;7
3929;100;170;1;land;false;plains;7
3930;107;219;1;land;false;hills;7
3931;66;177;1;land;false;plains;7
3932;128;202;1;land;false;plains;7
3933;94;214;1;land;false;plains;7
3934;105;218;1;land;false;plains;7
3935;66;223;1;land;false;plains;7
3936;58;218;1;land;false;plains;7
3937;120;224;1;land;false;plains;7
3938;129;167;1;land;false;plains;7
3939;67;171;1;land;false;plains;7
3940;60;197;1;land;false;urban;7
3941;89;178;1;land;false;plains;7
3942;93;186;1;land;false;plains;7
3943;90;158;1;land;false;hills;7
3944;61;227;1;land;false;hills;7
3945;122;173;1;land;false;plains;7
3946;111;214;1;land;false;plains;7
3947;101;182;1;land;false;hills;7
3948;80;220;1;land;false;plains;7
3949;173;68;1;land;false;hills;7
3950;148;54;1;land;false;plains;7
3951;142;52;1;land;false;hills;7
3952;164;62;1;land;false;hills;7
3953;150;24;1;land;false;hills;7
3954;123;32;1;land;false;hills;7
3955;126;77;1;land;false;hills;7
3956;174;31;1;land;false;hills;7
3957;117;80;1;land;false;hills;7
3958;123;65;1;land;false;hills;7
3959;135;39;1;land;false;hills;7
3960;139;29;1;land;false;hills;7
3961;152;7;1;land;false;mountain;7
3962;121;61;1;land;false;mountain;7
3963;158;64;1;land;false;hills;7
3964;182;45;1;land;false;hills;7
3965;119;19;1;land;false;mountain;7
3966;127;64;1;land;false;mountain;7
3967;174;27;1;land;false;hills;7
3968;122;73;1;land;false;mountain;7
3969;132;72;1;land;false;hills;7
3970;194;177;1;land;false;mountain;7
3971;151;140;1;land;false;hills;7
3972;170;196;1;land;false;hills;7
3973;198;188;1;land;false;hills;7
3974;168;170;1;land;false;hills;7
3975;123;157;1;land;false;plains;7
3976;160;155;1;land;false;hills;7
3977;138;153;1;land;false;mountain;7
3978;131;126;1;land;false;hills;7
3979;190;134;1;land;false;hills;7
3980;143;159;1;land;false;mountain;7
3981;190;193;1;land;false;mountain;7
3982;190;149;1;land;false;hills;7
3983;162;136;1;land;false;plains;7
3984;134;171;1;land;false;hills;7
3985;138;121;1;land;false;mountain;7
3986;178;152;1;land;false;mountain;7
3987;150;144;1;land;false;plains;7
3988;113;171;1;land;false;plains;7
3989;92;126;1;land;false;plains;7
3990;113;129;1;land;false;plains;7
3991;67;96;1;land;false;hills;7
3992;47;114;1;land;false;plains;7
3993;47;146;1;land;false;plains;7
3994;73;120;1;land;false;plains;7
3995;212;24;1;land;false;urban;7
3996;183;8;1;land;false;plains;7
3997;163;47;1;land;false;urban;7
3998;147;19;1;land;false;plains;7
3999;171;18;1;land;false;plains;7
4000;203;34;1;land;false;plains;7
4001;183;47;1;land;false;plains;7
4002;178;55;1;land;false;plains;7
4003;208;59;1;land;false;plains;7
4004;199;56;1;land;false;urban;7
4005;176;27;1;land;false;plains;7
4006;135;2;1;land;false;plains;7
4007;145;35;1;land;false;urban;7
4008;208;40;1;land;false;plains;7
4009;167;42;1;land;false;plains;7
4010;187;47;1;land;false;plains;7
4011;177;27;1;land;false;plains;7
4012;203;13;1;land;false;plains;7
4013;169;31;1;land;false;urban;7
4014;200;29;1;land;false;plains;7
4015;176;15;1;land;false;urban;7
4016;173;47;1;land;false;plains;7
4017;184;51;1;land;false;plains;7
4018;198;29;1;land;false;plains;7
4019;182;135;1;land;false;mountain;7
4020;179;174;1;land;false;mountain;7
4021;209;165;1;land;false;mountain;7
4022;155;174;1;land;false;mountain;7
4023;167;97;1;land;false;plains;7
4024;191;128;1;land;false;hills;7
4025;205;162;1;land;false;mountain;7
4026;186;136;1;land;false;mountain;7
4027;201;121;1;land;false;plains;7
4028;167;154;1;land;false;desert;7
4029;163;141;1;land;false;mountain;7
4030;180;166;1;land;false;hills;7
4031;205;121;1;land;false;plains;7
4032;155;144;1;land;false;mountain;7
4033;217;159;1;land;false;hills;7
4034;162;174;1;land;false;plains;7
4035;168;175;1;land;false;plains;7
4036;165;105;1;land;false;mountain;7
4037;133;207;1;land;false;plains;7
4038;114;218;1;land;true;plains;7
4039;94;196;1;land;false;plains;7
4040;141;215;1;land;false;mountain;7
4041;164;178;1;land;false;urban;7
4042;132;199;1;land;false;mountain;7
4043;118;245;1;land;true;plains;7
4044;110;237;1;land;false;hills;7
4045;131;242;1;land;false;plains;7
4046;171;244;1;land;false;mountain;7
4047;101;220;1;land;false;plains;7
4048;133;246;1;land;false;hills;7
4049;43;201;1;land;false;plains;7
4050;28;221;1;land;false;plains;7
4051;33;145;1;land;false;urban;7
4052;78;219;1;land;false;plains;7
4053;79;160;1;land;false;plains;7
4054;61;181;1;land;false;plains;7
4055;30;221;1;land;false;plains;7
4056;75;155;1;land;false;plains;7
4057;49;209;1;land;false;plains;7
4058;86;158;1;land;false;plains;7
4059;250;172;1;land;false;plains;7
4060;190;142;1;land;false;plains;7
4061;199;167;1;land;false;plains;7
4062;216;137;1;land;false;plains;7
4063;226;130;1;land;false;plains;7
4064;210;189;1;land;false;plains;7
4065;212;120;1;land;false;plains;7
4066;229;136;1;land;false;plains;7
4067;211;151;1;land;false;plains;7
4068;215;185;1;land;false;plains;7
4069;228;194;1;land;false;plains;7
4070;220;170;1;land;false;plains;7
4071;248;185;1;land;false;plains;7
4072;229;165;1;land;false;plains;7
4073;248;133;1;land;false;plains;7
4074;197;173;1;land;false;plains;7
4075;207;154;1;land;false;plains;7
4076;189;168;1;land;false;plains;7
4077;245;126;1;land;false;plains;7
4078;253;122;1;land;false;plains;7
4079;218;180;1;land;false;plains;7
4080;203;121;1;land;false;plains;7
4081;189;179;1;land;false;plains;7
4082;237;140;1;land;false;plains;7
4083;227;170;1;land;false;plains;7
4084;220;167;1;land;false;hills;7
4085;215;131;1;land;false;plains;7
4086;249;158;1;land;false;plains;7
4087;191;192;1;land;false;urban;7
4088;190;179;1;land;false;plains;7
4089;244;169;1;land;false;plains;7
4090;237;169;1;land;false;urban;7
4091;189;190;1;land;false;plains;7
4092;210;137;1;land;false;plains;7
4093;212;117;1;land;false;plains;7
4094;239;118;1;land;false;plains;7
4095;204;122;1;land;false;plains;7
4096;200;119;1;land;false;plains;7
4097;91;168;1;land;false;plains;7
4098;89;189;1;land;false;plains;7
4099;112;186;1;land;false;plains;7
4100;107;172;1;land;false;plains;7
4101;89;175;1;land;false;plains;7
4102;34;181;1;land;false;plains;7
4103;91;180;1;land;false;mountain;7
4104;73;178;1;land;false;plains;7
4105;81;197;1;land;false;plains;7
4106;99;124;1;land;false;hills;7
4107;82;191;1;land;false;hills;7
4108;41;179;1;land;false;mountain;7
4109;86;151;1;land;false;mountain;7
4110;62;146;1;land;false;mountain;7
4111;89;139;1;land;false;hills;7
4112;33;126;1;land;false;plains;7
4113;108;180;1;land;false;plains;7
4114;72;124;1;land;false;mountain;7
4115;102;191;1;land;false;plains;7
4116;67;136;1;land;false;plains;7
4117;103;170;1;land;false;plains;7
4118;73;151;1;land;false;plains;7
4119;64;141;1;land;false;hills;7
4120;78;173;1;land;false;plains;7
4121;50;174;1;land;false;plains;7
4122;97;123;1;land;false;mountain;7
4123;88;170;1;land;false;urban;7
4124;40;163;1;land;false;mountain;7
4125;96;151;1;land;false;hills;7
4126;63;159;1;land;false;plains;7
4127;52;193;1;land;false;plains;7
4128;42;188;1;land;false;plains;7
4129;34;183;1;land;false;mountain;7
4130;102;185;1;land;false;hills;7
4131;98;123;1;land;false;mountain;7
4132;100;191;1;land;false;plains;7
4133;102;179;1;land;false;plains;7
4134;97;140;1;land;false;plains;7
4135;84;129;1;land;false;plains;7
4136;39;188;1;land;false;plains;7
4137;109;193;1;land;false;plains;7
4138;82;136;1;land;false;plains;7
4139;61;164;1;land;false;hills;7
4140;79;118;1;land;false;hills;7
4141;60;19;1;land;false;mountain;7
4142;58;57;1;land;false;mountain;7
4143;83;21;1;land;false;hills;7
4144;63;27;1;land;false;mountain;7
4145;118;34;1;land;false;hills;7
4146;109;30;1;land;false;hills;7
4147;75;2;1;land;false;mountain;7
4148;88;13;1;land;false;mountain;7
4149;86;0;1;land;false;hills;7
4150;73;54;1;land;false;mountain;7
4151;104;41;1;land;false;mountain;7
4152;53;16;1;land;false;mountain;7
4153;121;2;1;land;false;plains;7
4154;49;36;1;land;false;mountain;7
4155;108;25;1;land;false;hills;7
4156;121;243;1;land;false;hills;7
4157;147;210;1;land;false;mountain;7
4158;119;243;1;land;false;hills;7
4159;138;219;1;land;false;plains;7
4160;161;205;1;land;false;mountain;7
4161;178;246;1;land;false;hills;7
4162;164;206;1;land;false;plains;7
4163;188;203;1;land;false;urban;7
4164;2;143;1;land;false;hills;7
4165;45;174;1;land;false;hills;7
4166;16;178;1;land;false;hills;7
4167;59;144;1;land;false;forest;7
4168;4;134;1;land;false;hills;7
4169;1;166;1;land;false;plains;7
4170;22;158;1;land;false;plains;7
4171;15;122;1;land;false;hills;7
4172;49;161;1;land;false;hills;7
4173;15;166;1;land;false;hills;7
4174;3;113;1;land;false;hills;7
4175;41;107;1;land;false;hills;7
4176;41;138;1;land;false;hills;7
4177;44;120;1;land;false;hills;7
4178;53;165;1;land;false;plains;7
4179;22;160;1;land;false;hills;7
4180;0;110;1;land;false;hills;7
4181;3;136;1;land;false;forest;7
4182;67;225;1;land;false;forest;7
4183;20;228;1;land;false;hills;7
4184;23;232;1;land;false;plains;7
4185;46;218;1;land;false;urban;7
4186;33;234;1;land;false;forest;7
4187;72;244;1;land;false;plains;7
4188;62;213;1;land;false;plains;7
4189;119;186;1;land;false;plains;7
4190;75;213;1;land;false;plains;7
4191;136;215;1;land;false;plains;7
4192;109;203;1;land;false;plains;7
4193;73;247;1;land;false;plains;7
4194;87;236;1;land;false;plains;7
4195;72;222;1;land;false;plains;7
4196;128;229;1;land;false;plains;7
4197;112;207;1;land;false;hills;7
4198;71;199;1;land;false;plains;7
4199;92;203;1;land;false;plains;7
4200;105;203;1;land;false;urban;7
4201;102;248;1;land;false;plains;7
4202;113;238;1;land;false;plains;7
4203;72;247;1;land;false;plains;7
4204;122;187;1;land;false;plains;7
4205;64;196;1;land;false;plains;7
4206;90;190;1;land;false;plains;7
4207;81;244;1;land;false;plains;7
4208;72;206;1;land;false;hills;7
4209;135;207;1;land;false;hills;7
4210;60;192;1;land;false;plains;7
4211;109;227;1;land;false;plains;7
4212;9;143;1;land;false;plains;7
4213;6;162;1;land;false;plains;7
4214;42;170;1;land;false;plains;7
4215;40;160;1;land;false;plains;7
4216;10;153;1;land;false;plains;7
4217;50;207;1;land;false;plains;7
4218;12;186;1;land;false;plains;7
4219;121;248;1;land;false;plains;7
4220;57;245;1;land;false;plains;7
4221;57;215;1;land;false;forest;7
4222;118;228;1;land;false;plains;7
4223;100;239;1;land;false;plains;7
4224;129;234;1;land;false;plains;7
4225;114;248;1;land;false;urban;7
4226;52;235;1;land;false;plains;7
4227;52;216;1;land;false;plains;7
4228;72;242;1;land;false;plains;7
4229;74;231;1;land;false;forest;7
4230;117;235;1;land;false;urban;7
4231;124;247;1;land;false;plains;7
4232;80;243;1;land;false;forest;7
4233;98;254;1;land;false;urban;7
4234;127;227;1;land;false;plains;7
4235;57;242;1;land;false;forest;7
4236;100;250;1;land;false;plains;7
4237;112;249;1;land;false;plains;7
4238;99;235;1;land;false;plains;7
4239;83;254;1;land;false;forest;7
4240;124;72;1;land;false;hills;7
4241;66;147;1;land;false;hills;7
4242;93;78;1;land;false;forest;7
4243;127;110;1;land;false;hills;7
4244;36;202;1;land;false;urban;7
4245;38;214;1;land;false;plains;7
4246;30;207;1;land;false;plains;7
4247;27;188;1;land;false;plains;7
4248;2;242;1;land;false;plains;7
4249;28;244;1;land;false;plains;7
4250;11;184;1;land;false;urban;7
4251;43;193;1;land;false;plains;7
4252;24;242;1;land;false;plains;7
4253;113;156;1;land;false;hills;7
4254;106;153;1;land;false;plains;7
4255;86;225;1;land;false;urban;7
4256;63;206;1;land;false;plains;7
4257;95;210;1;land;false;plains;7
4258;66;229;1;land;false;plains;7
4259;42;201;1;land;false;plains;7
4260;41;207;1;land;false;plains;7
4261;82;163;1;land;false;plains;7
4262;106;171;1;land;false;urban;7
4263;102;177;1;land;false;plains;7
4264;58;183;1;land;false;hills;7
4265;56;203;1;land;false;plains;7
4266;53;191;1;land;false;plains;7
4267;56;185;1;land;false;plains;7
4268;118;194;1;land;false;plains;7
4269;89;160;1;land;false;plains;7
4270;59;207;1;land;false;plains;7
4271;103;156;1;land;false;plains;7
4272;47;225;1;land;false;plains;7
4273;74;171;1;land;false;plains;7
4274;62;230;1;land;false;forest;7
4275;75;186;1;land;false;plains;7
4276;99;175;1;land;false;urban;7
4277;104;216;1;land;false;plains;7
4278;204;36;1;land;false;plains;7
4279;209;14;1;land;false;hills;7
4280;217;88;1;land;false;plains;7
4281;178;81;1;land;false;plains;7
4282;221;22;1;land;false;plains;7
4283;178;84;1;land;false;plains;7
4284;232;63;1;land;false;plains;7
4285;160;52;1;land;false;hills;7
4286;192;33;1;land;false;plains;7
4287;223;93;1;land;false;hills;7
4288;211;80;1;land;false;plains;7
4289;194;50;1;land;false;hills;7
4290;178;31;1;land;false;plains;7
4291;235;41;1;land;false;plains;7
4292;159;41;1;land;false;plains;7
4293;234;82;1;land;false;hills;7
4294;168;51;1;land;false;plains;7
4295;223;89;1;land;false;plains;7
4296;196;77;1;land;false;plains;7
4297;101;155;1;land;false;plains;7
4298;168;143;1;land;false;mountain;7
4299;142;167;1;land;false;hills;7
4300;238;159;1;land;false;plains;7
4301;236;173;1;land;false;hills;7
4302;165;30;1;land;false;forest;7
4303;71;71;1;land;false;plains;7
4304;95;127;1;land;false;plains;7
4305;61;91;1;land;false;plains;7
4306;31;85;1;land;false;urban;7
4307;51;94;1;land;false;plains;7
4308;35;88;1;land;false;hills;7
4309;39;80;1;land;false;plains;7
4310;81;121;1;land;false;plains;7
4311;102;122;1;land;false;plains;7
4312;86;118;1;land;false;plains;7
4313;63;66;1;land;false;plains;7
4314;95;196;1;land;false;plains;7
4315;123;212;1;land;false;forest;7
4316;152;169;1;land;false;hills;7
4317;109;181;1;land;false;plains;7
4318;112;182;1;land;false;plains;7
4319;103;165;1;land;false;plains;7
4320;148;177;1;land;false;hills;7
4321;164;241;1;land;false;hills;7
4322;99;185;1;land;false;plains;7
4323;104;236;1;land;false;urban;7
4324;128;189;1;land;false;plains;7
4325;119;224;1;land;false;plains;7
4326;118;191;1;land;false;urban;7
4327;97;173;1;land;false;plains;7
4328;205;225;1;land;false;hills;7
4329;169;248;1;land;false;plains;7
4330;233;220;1;land;false;plains;7
4331;229;225;1;land;false;plains;7
4332;224;232;1;land;false;plains;7
4333;234;239;1;land;false;plains;7
4334;239;239;1;land;false;plains;7
4335;175;254;1;land;false;mountain;7
4336;211;240;1;land;false;plains;7
4337;182;226;1;land;false;plains;7
4338;211;247;1;land;false;mountain;7
4339;193;229;1;land;false;plains;7
4340;185;244;1;land;false;plains;7
4341;211;217;1;land;false;hills;7
4342;162;251;1;land;false;hills;7
4343;227;221;1;land;false;hills;7
4344;185;251;1;land;false;plains;7
4345;207;245;1;land;false;hills;7
4346;161;253;1;land;false;plains;7
4347;216;249;1;land;false;plains;7
4348;237;234;1;land;false;plains;7
4349;193;251;1;land;false;mountain;7
4350;234;247;1;land;false;plains;7
4351;236;224;1;land;false;plains;7
4352;198;236;1;land;false;mountain;7
4353;231;249;1;land;false;plains;7
4354;188;231;1;land;false;plains;7
4355;183;224;1;land;false;plains;7
4356;209;215;1;land;false;hills;7
4357;77;175;1;land;false;plains;7
4358;13;129;1;land;false;plains;7
4359;43;129;1;land;false;plains;7
4360;13;156;1;land;false;plains;7
4361;49;147;1;land;false;plains;7
4362;69;148;1;land;false;plains;7
4363;38;106;1;land;false;plains;7
4364;7;149;1;land;false;plains;7
4365;73;189;1;land;true;plains;7
4366;51;216;1;land;false;hills;7
4367;41;176;1;land;false;plains;7
4368;66;183;1;land;false;plains;7
4369;54;223;1;land;true;plains;7
4370;30;222;1;land;true;plains;7
4371;27;192;1;land;false;plains;7
4372;47;202;1;land;true;plains;7
4373;10;168;1;land;true;plains;7
4374;76;203;1;land;true;plains;7
4375;61;210;1;land;true;plains;7
4376;24;179;1;land;false;plains;7
4377;123;121;1;land;false;plains;7
4378;91;62;1;land;false;plains;7
4379;117;47;1;land;false;plains;7
4380;120;66;1;land;false;plains;7
4381;120;87;1;land;false;plains;7
4382;162;106;1;land;false;plains;7
4383;126;71;1;land;false;plains;7
4384;193;52;1;land;false;hills;7
4385;198;34;1;land;false;mountain;7
4386;233;46;1;land;false;hills;7
4387;230;88;1;land;false;hills;7
4388;215;55;1;land;false;mountain;7
4389;220;86;1;land;false;mountain;7
4390;246;102;1;land;false;hills;7
4391;252;51;1;land;false;mountain;7
4392;223;21;1;land;false;plains;7
4393;252;24;1;land;false;forest;7
4394;212;61;1;land;false;plains;7
4395;243;68;1;land;false;urban;7
4396;239;16;1;land;false;hills;7
4397;217;6;1;land;false;plains;7
4398;233;34;1;land;false;hills;7
4399;233;36;1;land;false;plains;7
4400;212;49;1;land;false;urban;7
4401;102;135;1;land;false;mountain;7
4402;65;144;1;land;false;plains;7
4403;51;165;1;land;false;hills;7
4404;76;105;1;land;false;hills;7
4405;112;148;1;land;false;plains;7
4406;102;125;1;land;false;plains;7
4407;107;148;1;land;false;plains;7
4408;112;164;1;land;false;plains;7
4409;78;150;1;land;false;plains;7
4410;79;158;1;land;false;plains;7
4411;84;103;1;land;false;plains;7
4412;97;118;1;land;false;hills;7
4413;40;137;1;land;false;plains;7
4414;111;121;1;land;false;urban;7
4415;75;95;1;land;false;plains;7
4416;52;161;1;land;false;hills;7
4417;75;142;1;land;false;urban;7
4418;47;111;1;land;false;plains;7
4419;111;132;1;land;false;plains;7
4420;59;122;1;land;false;hills;7
4421;105;163;1;land;false;plains;7
4422;87;129;1;land;false;plains;7
4423;81;90;1;land;false;plains;7
4424;112;130;1;land;false;plains;7
4425;48;130;1;land;false;plains;7
4426;96;158;1;land;false;plains;7
4427;63;162;1;land;false;hills;7
4428;58;114;1;land;false;urban;7
4429;53;105;1;land;false;plains;7
4430;82;119;1;land;false;hills;7
4431;83;160;1;land;false;mountain;7
4432;71;159;1;land;false;plains;7
4433;114;109;1;land;false;plains;7
4434;86;127;1;land;false;plains;7
4435;48;105;1;land;false;plains;7
4436;88;106;1;land;false;urban;7
4437;74;105;1;land;false;plains;7
4438;74;126;1;land;false;plains;7
4439;109;87;1;land;false;plains;7
4440;107;103;1;land;false;plains;7
4441;111;90;1;land;false;hills;7
4442;106;135;1;land;false;urban;7
4443;69;133;1;land;false;hills;7
4444;77;123;1;land;false;hills;7
4445;72;144;1;land;false;plains;7
4446;234;254;1;land;false;plains;7
4447;229;215;1;land;false;urban;7
4448;221;208;1;land;false;plains;7
4449;19;65;1;land;false;plains;7
4450;45;47;1;land;false;plains;7
4451;29;74;1;land;false;plains;7
4452;80;15;1;land;false;hills;7
4453;85;48;1;land;false;hills;7
4454;116;140;1;land;false;mountain;7
4455;154;184;1;land;false;hills;7
4456;134;186;1;land;false;mountain;7
4457;137;145;1;land;false;hills;7
4458;179;186;1;land;false;mountain;7
4459;154;166;1;land;false;hills;7
4460;135;139;1;land;false;hills;7
4461;161;201;1;land;false;mountain;7
4462;171;162;1;land;false;hills;7
4463;136;178;1;land;false;hills;7
4464;112;199;1;land;false;hills;7
4465;107;31;1;land;false;plains;7
4466;115;32;1;land;false;plains;7
4467;47;7;1;land;false;plains;7
4468;40;24;1;land;false;plains;7
4469;117;30;1;land;false;plains;7
4470;102;21;1;land;false;plains;7
4471;63;36;1;land;false;forest;7
4472;64;7;1;land;false;urban;7
4473;114;224;1;land;true;plains;7
4474;169;223;1;land;true;plains;7
4475;140;212;1;land;false;urban;7
4476;139;254;1;land;false;plains;7
4477;189;225;1;land;false;plains;7
4478;151;215;1;land;false;hills;7
4479;159;185;1;land;false;plains;7
4480;205;196;1;land;false;hills;7
4481;157;191;1;land;false;plains;7
4482;178;217;1;land;false;hills;7
4483;134;247;1;land;false;plains;7
4484;181;242;1;land;false;hills;7
4485;192;220;1;land;false;plains;7
4486;239;202;1;land;false;hills;7
4487;229;188;1;land;false;hills;7
4488;223;247;1;land;false;plains;7
4489;211;251;1;land;false;hills;7
4490;195;231;1;land;false;hills;7
4491;235;194;1;land;false;mountain;7
4492;222;220;1;land;false;plains;7
4493;222;182;1;land;false;hills;7
4494;239;227;1;land;false;hills;7
4495;65;174;1;land;false;plains;7
4496;128;167;1;land;false;plains;7
4497;61;29;1;land;false;plains;7
4498;82;70;1;land;false;urban;7
4499;87;12;1;land;false;plains;7
4500;51;41;1;land;false;plains;7
4501;116;39;1;land;false;plains;7
4502;63;34;1;land;false;urban;7
4503;197;50;1;land;false;plains;7
4504;226;67;1;land;false;plains;7
4505;187;34;1;land;false;plains;7
4506;158;84;1;land;false;hills;7
4507;214;43;1;land;false;plains;7
4508;194;85;1;land;false;hills;7
4509;152;71;1;land;true;plains;7
4510;189;56;1;land;false;plains;7
4511;199;55;1;land;false;plains;7
4512;167;82;1;land;false;plains;7
4513;210;73;1;land;false;plains;7
4514;218;78;1;land;false;plains;7
4515;172;16;1;land;false;hills;7
4516;167;25;1;land;false;plains;7
4517;160;51;1;land;true;hills;7
4518;203;47;1;land;false;plains;7
4519;189;70;1;land;false;plains;7
4520;153;20;1;land;false;plains;7
4521;186;56;1;land;false;plains;7
4522;177;47;1;land;false;plains;7
4523;192;71;1;land;false;plains;7
4524;159;56;1;land;false;urban;7
4525;181;31;1;land;false;plains;7
4526;167;39;1;land;true;plains;7
4527;214;57;1;land;false;plains;7
4528;175;32;1;land;true;plains;7
4529;163;54;1;land;false;plains;7
4530;215;13;1;land;false;hills;7
4531;151;16;1;land;false;plains;7
4532;223;171;1;land;false;plains;7
4533;242;129;1;land;false;desert;7
4534;219;123;1;land;false;desert;7
4535;252;187;1;land;false;desert;7
4536;244;126;1;land;false;desert;7
4537;162;225;1;land;false;hills;7
4538;196;219;1;land;false;hills;7
4539;214;245;1;land;false;hills;7
4540;200;227;1;land;false;hills;7
4541;166;225;1;land;false;mountain;7
4542;149;242;1;land;false;plains;7
4543;138;241;1;land;false;plains;7
4544;146;211;1;land;false;plains;7
4545;176;207;1;land;false;hills;7
4546;144;249;1;land;false;plains;7
4547;147;226;1;land;false;hills;7
4548;214;235;1;land;false;plains;7
4549;178;235;1;land;false;hills;7
4550;213;222;1;land;false;hills;7
4551;203;249;1;land;false;hills;7
4552;180;207;1;land;false;hills;7
4553;138;215;1;land;false;hills;7
4554;203;221;1;land;false;hills;7
4555;58;14;1;land;false;forest;7
4556;78;2;1;land;false;forest;7
4557;36;9;1;land;false;forest;7
4558;16;12;1;land;false;forest;7
4559;70;6;1;land;false;forest;7
4560;24;8;1;land;false;forest;7
4561;61;17;1;land;false;forest;7
4562;94;9;1;land;false;forest;7
4563;34;20;1;land;false;forest;7
4564;67;25;1;land;false;forest;7
4565;88;39;1;land;false;forest;7
4566;85;28;1;land;false;forest;7
4567;76;226;1;land;false;plains;7
4568;81;166;1;land;false;plains;7
4569;57;170;1;land;false;plains;7
4570;15;202;1;land;false;plains;7
4571;7;220;1;land;false;plains;7
4572;58;203;1;land;false;plains;7
4573;72;186;1;land;false;urban;7
4574;57;198;1;land;false;plains;7
4575;16;214;1;land;false;plains;7
4576;26;194;1;land;false;plains;7
4577;58;196;1;land;false;plains;7
4578;75;209;1;land;false;plains;7
4579;26;211;1;land;false;plains;7
4580;8;207;1;land;false;plains;7
4581;10;236;1;land;false;plains;7
4582;27;174;1;land;false;plains;7
4583;3;230;1;land;false;plains;7
4584;16;209;1;land;false;urban;7
4585;29;230;1;land;false;plains;7
4586;182;18;1;land;false;hills;7
4587;180;21;1;land;false;plains;7
4588;185;42;1;land;false;mountain;7
4589;172;43;1;land;false;plains;7
4590;166;90;1;land;false;mountain;7
4591;171;33;1;land;false;mountain;7
4592;193;42;1;land;false;hills;7
4593;175;47;1;land;false;plains;7
4594;196;47;1;land;false;plains;7
4595;167;31;1;land;false;hills;7
4596;191;39;1;land;false;hills;7
4597;173;85;1;land;false;mountain;7
4598;173;75;1;land;false;plains;7
4599;180;28;1;land;false;plains;7
4600;197;15;1;land;false;plains;7
4601;25;56;1;land;true;plains;7
4602;19;85;1;land;false;plains;7
4603;15;47;1;land;true;plains;7
4604;32;129;1;land;false;plains;7
4605;33;88;1;land;false;plains;7
4606;27;138;1;land;false;plains;7
4607;55;85;1;land;false;plains;7
4608;56;102;1;land;false;plains;7
4609;33;81;1;land;false;plains;7
4610;39;132;1;land;false;plains;7
4611;52;131;1;land;false;plains;7
4612;45;138;1;land;false;plains;7
4613;18;67;1;land;false;plains;7
4614;42;139;1;land;false;hills;7
4615;14;68;1;land;false;hills;7
4616;190;214;1;land;false;plains;7
4617;168;184;1;land;false;urban;7
4618;176;223;1;land;false;plains;7
4619;181;236;1;land;false;plains;7
4620;155;189;1;land;false;plains;7
4621;154;214;1;land;false;plains;7
4622;147;244;1;land;false;urban;7
4623;167;240;1;land;false;plains;7
4624;196;220;1;land;false;hills;7
4625;199;219;1;land;false;hills;7
4626;194;228;1;land;false;hills;7
4627;188;181;1;land;false;plains;7
4628;180;182;1;land;false;plains;7
4629;200;198;1;land;false;plains;7
4630;197;197;1;land;false;plains;7
4631;188;237;1;land;false;hills;7
4632;174;252;1;land;false;plains;7
4633;152;185;1;land;false;hills;7
4634;150;197;1;land;false;plains;7
4635;163;197;1;land;false;mountain;7
4636;221;232;1;land;false;plains;7
4637;167;187;1;land;false;plains;7
4638;219;224;1;land;false;plains;7
4639;191;237;1;land;false;plains;7
4640;166;231;1;land;false;plains;7
4641;185;230;1;land;false;plains;7
4642;207;235;1;land;false;urban;7
4643;193;241;1;land;false;plains;7
4644;160;235;1;land;false;plains;7
4645;146;252;1;land;false;hills;7
4646;173;231;1;land;false;plains;7
4647;198;241;1;land;false;hills;7
4648;135;54;1;land;false;plains;7
4649;166;0;1;land;true;plains;7
4650;173;1;1;land;false;plains;7
4651;153;5;1;land;false;plains;7
4652;124;65;1;land;false;plains;7
4653;116;109;1;land;false;plains;7
4654;143;138;1;land;false;forest;7
4655;120;106;1;land;false;plains;7
4656;118;117;1;land;true;plains;7
4657;97;147;1;land;false;urban;7
4658;87;120;1;land;false;plains;7
4659;84;140;1;land;false;plains;7
4660;139;163;1;land;true;plains;7
4661;117;148;1;land;true;plains;7
4662;93;104;1;land;false;urban;7
4663;135;157;1;land;false;urban;7
4664;159;121;1;land;false;plains;7
4665;141;138;1;land;false;plains;7
4666;126;100;1;land;false;plains;7
4667;96;133;1;land;false;plains;7
4668;82;121;1;land;false;urban;7
4669;87;108;1;land;false;urban;7
4670;57;24;1;land;false;urban;7
4671;79;16;1;land;false;forest;7
4672;25;48;1;land;false;forest;7
4673;56;30;1;land;false;forest;7
4674;51;43;1;land;false;hills;7
4675;84;24;1;land;false;forest;7
4676;20;38;1;land;false;hills;7
4677;69;28;1;land;false;hills;7
4678;70;22;1;land;false;hills;7
4679;60;30;1;land;false;mountain;7
4680;82;62;1;land;false;forest;7
4681;48;25;1;land;false;urban;7
4682;25;35;1;land;false;hills;7
4683;16;53;1;land;false;hills;7
4684;15;58;1;land;false;hills;7
4685;54;8;1;land;false;hills;7
4686;80;4;1;land;false;hills;7
4687;197;236;1;land;false;plains;7
4688;210;239;1;land;false;plains;7
4689;226;216;1;land;false;plains;7
4690;176;210;1;land;false;plains;7
4691;218;254;1;land;false;plains;7
4692;147;222;1;land;false;plains;7
4693;149;197;1;land;false;plains;7
4694;195;227;1;land;false;plains;7
4695;177;206;1;land;false;plains;7
4696;168;241;1;land;false;plains;7
4697;183;248;1;land;false;plains;7
4698;159;244;1;land;false;plains;7
4699;217;210;1;land;false;plains;7
4700;190;197;1;land;false;hills;7
4701;192;211;1;land;false;plains;7
4702;220;230;1;land;false;plains;7
4703;217;236;1;land;false;plains;7
4704;176;251;1;land;false;plains;7
4705;213;225;1;land;false;plains;7
4706;219;237;1;land;false;plains;7
4707;163;253;1;land;false;hills;7
4708;213;211;1;land;false;plains;7
4709;218;244;1;land;false;hills;7
4710;205;215;1;land;false;plains;7
4711;173;203;1;land;false;plains;7
4712;198;204;1;land;false;plains;7
4713;222;216;1;land;false;plains;7
4714;192;247;1;land;false;plains;7
4715;171;209;1;land;false;plains;7
4716;188;210;1;land;false;plains;7
4717;48;96;1;land;false;hills;7
4718;67;115;1;land;true;plains;7
4719;66;114;1;land;false;plains;7
4720;85;116;1;land;true;plains;7
4721;60;77;1;land;true;plains;7
4722;67;81;1;land;false;hills;7
4723;72;99;1;land;false;plains;7
4724;204;244;1;land;false;mountain;7
4725;205;217;1;land;true;plains;7
4726;244;224;1;land;true;hills;7
4727;186;230;1;land;false;hills;7
4728;231;230;1;land;false;forest;7
4729;154;233;1;land;false;forest;7
4730;193;197;1;land;false;mountain;7
4731;173;236;1;land;false;hills;7
4732;152;182;1;land;false;hills;7
4733;185;191;1;land;false;hills;7
4734;219;198;1;land;false;hills;7
4735;207;206;1;land;false;urban;7
4736;85;9;1;land;false;plains;7
4737;107;44;1;land;false;plains;7
4738;138;42;1;land;false;plains;7
4739;119;47;1;land;false;hills;7
4740;101;41;1;land;false;plains;7
4741;121;44;1;land;false;mountain;7
4742;134;0;1;land;false;plains;7
4743;85;24;1;land;false;plains;7
4744;106;49;1;land;false;plains;7
4745;97;31;1;land;false;mountain;7
4746;81;13;1;land;false;plains;7
4747;110;54;1;land;false;plains;7
4748;70;58;1;land;false;hills;7
4749;128;29;1;land;false;plains;7
4750;115;18;1;land;false;hills;7
4751;87;23;1;land;false;plains;7
4752;76;30;1;land;false;plains;7
4753;102;9;1;land;false;hills;7
4754;97;43;1;land;false;plains;7
4755;123;49;1;land;false;plains;7
4756;88;0;1;land;false;plains;7
4757;76;47;1;land;false;hills;7
4758;120;13;1;land;false;hills;7
4759;77;4;1;land;false;plains;7
4760;110;26;1;land;false;plains;7
4761;143;53;1;land;false;plains;7
4762;74;6;1;land;false;plains;7
4763;133;13;1;land;false;mountain;7
4764;107;19;1;land;false;plains;7
4765;144;18;1;land;false;hills;7
4766;108;24;1;land;false;hills;7
4767;141;11;1;land;false;plains;7
4768;97;14;1;land;false;plains;7
4769;100;42;1;land;false;urban;7
4770;99;31;1;land;false;plains;7
4771;131;58;1;land;false;plains;7
4772;127;43;1;land;false;mountain;7
4773;201;157;1;land;false;mountain;7
4774;150;101;1;land;false;mountain;7
4775;156;130;1;land;false;hills;7
4776;135;147;1;land;false;hills;7
4777;133;127;1;land;false;mountain;7
4778;160;138;1;land;false;hills;7
4779;204;150;1;land;false;plains;7
4780;178;159;1;land;false;plains;7
4781;156;113;1;land;false;hills;7
4782;201;135;1;land;false;plains;7
4783;209;153;1;land;false;hills;7
4784;161;106;1;land;false;plains;7
4785;160;99;1;land;false;plains;7
4786;143;123;1;land;false;plains;7
4787;144;97;1;land;false;plains;7
4788;206;89;1;land;false;mountain;7
4789;191;150;1;land;false;hills;7
4790;197;94;1;land;false;hills;7
4791;137;136;1;land;false;plains;7
4792;207;89;1;land;false;mountain;7
4793;181;126;1;land;false;hills;7
4794;198;162;1;land;false;mountain;7
4795;192;129;1;land;false;plains;7
4796;169;142;1;land;false;mountain;7
4797;144;134;1;land;false;hills;7
4798;193;139;1;land;false;plains;7
4799;186;121;1;land;false;mountain;7
4800;212;156;1;land;false;plains;7
4801;167;134;1;land;false;plains;7
4802;134;117;1;land;false;hills;7
4803;189;95;1;land;false;hills;7
4804;193;146;1;land;false;plains;7
4805;153;110;1;land;false;plains;7
4806;154;87;1;land;false;mountain;7
4807;55;73;1;land;false;plains;7
4808;84;99;1;land;false;plains;7
4809;30;80;1;land;false;plains;7
4810;20;49;1;land;false;hills;7
4811;84;93;1;land;false;plains;7
4812;88;67;1;land;false;plains;7
4813;51;99;1;land;false;plains;7
4814;27;78;1;land;false;plains;7
4815;41;77;1;land;false;mountain;7
4816;11;108;1;land;false;plains;7
4817;33;122;1;land;false;plains;7
4818;53;112;1;land;false;mountain;7
4819;55;71;1;land;false;plains;7
4820;19;78;1;land;false;plains;7
4821;55;101;1;land;false;plains;7
4822;13;123;1;land;false;mountain;7
4823;32;84;1;land;false;hills;7
4824;51;54;1;land;false;plains;7
4825;59;96;1;land;false;plains;7
4826;81;97;1;land;false;plains;7
4827;37;98;1;land;false;plains;7
4828;39;82;1;land;false;hills;7
4829;70;86;1;land;false;plains;7
4830;56;98;1;land;false;plains;7
4831;59;58;1;land;false;plains;7
4832;19;101;1;land;false;plains;7
4833;53;79;1;land;false;plains;7
4834;80;115;1;land;false;plains;7
4835;87;57;1;land;false;plains;7
4836;20;112;1;land;false;plains;7
4837;25;106;1;land;false;plains;7
4838;68;93;1;land;false;plains;7
4839;39;45;1;land;false;plains;7
4840;45;48;1;land;false;plains;7
4841;34;68;1;land;false;plains;7
4842;49;57;1;land;false;mountain;7
4843;51;123;1;land;false;plains;7
4844;57;84;1;land;false;plains;7
4845;89;104;1;land;false;plains;7
4846;51;79;1;land;false;plains;7
4847;85;52;1;land;false;hills;7
4848;15;66;1;land;false;hills;7
4849;55;98;1;land;false;hills;7
4850;49;113;1;land;false;plains;7
4851;72;102;1;land;false;plains;7
4852;35;70;1;land;false;plains;7
4853;71;54;1;land;false;plains;7
4854;50;51;1;land;false;plains;7
4855;67;159;1;land;false;plains;7
4856;19;199;1;land;false;plains;7
4857;68;163;1;land;false;hills;7
4858;12;216;1;land;false;plains;7
4859;17;156;1;land;false;mountain;7
4860;55;204;1;land;false;plains;7
4861;57;218;1;land;false;plains;7
4862;12;193;1;land;false;hills;7
4863;20;219;1;land;false;plains;7
4864;48;183;1;land;false;mountain;7
4865;25;216;1;land;false;hills;7
4866;9;150;1;land;false;hills;7
4867;134;36;1;land;false;hills;7
4868;96;71;1;land;false;plains;7
4869;101;45;1;land;false;plains;7
4870;74;57;1;land;false;hills;7
4871;124;39;1;land;false;plains;7
4872;64;39;1;land;false;hills;7
4873;91;53;1;land;false;hills;7
4874;95;27;1;land;false;plains;7
4875;84;6;1;land;false;mountain;7
4876;115;62;1;land;false;mountain;7
4877;79;5;1;land;false;plains;7
4878;68;38;1;land;false;plains;7
4879;77;22;1;land;false;plains;7
4880;101;9;1;land;false;plains;7
4881;247;146;1;land;false;plains;7
4882;207;174;1;land;false;plains;7
4883;205;146;1;land;false;urban;7
4884;244;148;1;land;false;plains;7
4885;249;204;1;land;false;plains;7
4886;222;153;1;land;false;plains;7
4887;221;140;1;land;false;plains;7
4888;205;194;1;land;false;urban;7
4889;246;149;1;land;false;plains;7
4890;244;170;1;land;false;plains;7
4891;229;135;1;land;false;urban;7
4892;222;179;1;land;false;urban;7
4893;207;148;1;land;false;urban;7
4894;129;238;1;land;false;plains;7
4895;135;199;1;land;false;plains;7
4896;126;219;1;land;false;plains;7
4897;118;169;1;land;false;plains;7
4898;179;224;1;land;false;plains;7
4899;155;192;1;land;false;mountain;7
4900;125;238;1;land;false;plains;7
4901;169;222;1;land;false;hills;7
4902;160;204;1;land;false;plains;7
4903;164;181;1;land;false;plains;7
4904;146;177;1;land;false;hills;7
4905;176;171;1;land;false;hills;7
4906;136;240;1;land;false;plains;7
4907;117;221;1;land;false;mountain;7
4908;174;229;1;land;false;mountain;7
4909;110;164;1;land;false;plains;7
4910;107;191;1;land;false;plains;7
4911;121;164;1;land;false;hills;7
4912;107;182;1;land;false;plains;7
4913;163;226;1;land;false;plains;7
4914;177;166;1;land;false;mountain;7
4915;123;239;1;land;false;hills;7
4916;141;214;1;land;false;plains;7
4917;108;166;1;land;false;plains;7
4918;108;161;1;land;false;plains;7
4919;141;177;1;land;false;plains;7
4920;116;235;1;land;false;plains;7
4921;145;178;1;land;false;plains;7
4922;178;226;1;land;false;plains;7
4923;146;175;1;land;false;plains;7
4924;175;168;1;land;false;plains;7
4925;115;187;1;land;false;plains;7
4926;182;161;1;land;false;plains;7
4927;181;189;1;land;false;plains;7
4928;182;188;1;land;false;plains;7
4929;138;178;1;land;false;plains;7
4930;164;215;1;land;false;plains;7
4931;124;171;1;land;false;plains;7
4932;125;198;1;land;false;plains;7
4933;155;215;1;land;false;plains;7
4934;107;234;1;land;false;mountain;7
4935;39;133;1;land;false;hills;7
4936;37;164;1;land;false;hills;7
4937;6;147;1;land;false;mountain;7
4938;21;171;1;land;false;hills;7
4939;31;124;1;land;false;hills;7
4940;15;171;1;land;false;hills;7
4941;3;121;1;land;false;hills;7
4942;21;190;1;land;false;mountain;7
4943;1;144;1;land;false;hills;7
4944;27;155;1;land;false;mountain;7
4945;33;191;1;land;false;hills;7
4946;9;174;1;land;false;mountain;7
4947;4;130;1;land;false;plains;7
4948;7;129;1;land;false;hills;7
4949;93;77;1;land;false;urban;7
4950;54;145;1;land;false;plains;7
4951;104;137;1;land;false;plains;7
4952;103;71;1;land;false;plains;7
4953;104;102;1;land;false;hills;7
4954;74;138;1;land;false;plains;7
4955;31;76;1;land;false;plains;7
4956;14;11;1;land;false;plains;7
4957;38;18;1;land;false;plains;7
4958;8;12;1;land;false;plains;7
4959;18;9;1;land;false;plains;7
4960;26;1;1;land;false;plains;7
4961;0;3;1;land;false;plains;7
4962;38;3;1;land;false;plains;7
4963;39;39;1;land;false;plains;7
4964;13;26;1;land;false;plains;7
4965;33;30;1;land;false;plains;7
4966;28;18;1;land;false;plains;7
4967;14;19;1;land;false;plains;7
4968;37;11;1;land;false;plains;7
4969;29;41;1;land;false;urban;7
4970;17;34;1;land;false;plains;7
4971;1;38;1;land;false;plains;7
4972;19;11;1;land;false;plains;7
4973;14;17;1;land;false;plains;7
4974;10;34;1;land;false;plains;7
4975;38;43;1;land;false;hills;7
4976;21;25;1;land;false;plains;7
4977;32;21;1;land;false;hills;7
4978;28;22;1;land;false;plains;7
4979;5;13;1;land;false;plains;7
4980;33;37;1;land;false;plains;7
4981;21;32;1;land;false;plains;7
4982;33;20;1;land;false;plains;7
4983;45;130;1;land;false;plains;7
4984;45;105;1;land;false;desert;7
4985;0;134;1;land;false;hills;7
4986;35;132;1;land;false;plains;7
4987;22;70;1;land;false;hills;7
4988;37;71;1;land;false;plains;7
4989;25;138;1;land;false;plains;7
4990;37;122;1;land;false;mountain;7
4991;32;79;1;land;false;plains;7
4992;26;79;1;land;false;plains;7
4993;29;130;1;land;false;hills;7
4994;2;134;1;land;false;plains;7
4995;7;84;1;land;false;hills;7
4996;20;81;1;land;false;hills;7
4997;64;59;1;land;false;plains;7
4998;48;111;1;land;false;plains;7
4999;5;113;1;land;false;plains;7
5000;58;127;1;land;false;plains;7
5001;63;82;1;land;false;hills;7
5002;30;135;1;land;false;desert;7
5003;23;88;1;land;false;plains;7
5004;49;106;1;land;false;plains;7
5005;62;107;1;land;false;hills;7
5006;56;59;1;land;false;plains;7
5007;15;130;1;land;false;hills;7
5008;40;91;1;land;false;mountain;7
5009;54;121;1;land;false;hills;7
5010;65;85;1;land;false;plains;7
5011;15;72;1;land;false;hills;7
5012;64;137;1;land;false;plains;7
5013;41;87;1;land;false;plains;7
5014;57;71;1;land;false;urban;7
5015;49;94;1;land;false;plains;7
5016;48;73;1;land;false;plains;7
5017;17;83;1;land;false;hills;7
5018;25;118;1;land;false;hills;7
5019;60;112;1;land;false;plains;7
5020;59;86;1;land;false;plains;7
5021;47;79;1;land;false;hills;7
5022;46;87;1;land;false;hills;7
5023;47;95;1;land;false;desert;7
5024;53;63;1;land;false;plains;7
5025;54;98;1;land;false;hills;7
5026;28;106;1;land;false;plains;7
5027;41;86;1;land;false;plains;7
5028;198;196;1;land;false;hills;7
5029;199;163;1;land;false;plains;7
5030;209;163;1;land;false;hills;7
5031;232;206;1;land;false;plains;7
5032;231;165;1;land;false;hills;7
5033;230;200;1;land;false;hills;7
5034;181;17;1;land;false;mountain;7
5035;198;30;1;land;false;mountain;7
5036;236;50;1;land;true;hills;7
5037;195;52;1;land;true;plains;7
5038;192;49;1;land;false;hills;7
5039;249;26;1;land;true;plains;7
5040;206;93;1;land;false;hills;7
5041;194;49;1;land;true;mountain;7
5042;14;42;1;land;false;hills;7
5043;26;14;1;land;false;hills;7
5044;84;37;1;land;false;plains;7
5045;54;21;1;land;false;plains;7
5046;35;28;1;land;false;plains;7
5047;16;37;1;land;false;plains;7
5048;85;15;1;land;false;plains;7
5049;71;10;1;land;false;plains;7
5050;66;17;1;land;false;plains;7
5051;39;34;1;land;false;plains;7
5052;70;31;1;land;false;plains;7
5053;80;124;1;land;false;plains;7
5054;131;68;1;land;false;plains;7
5055;100;82;1;land;false;plains;7
5056;99;128;1;land;false;plains;7
5057;100;106;1;land;false;urban;7
5058;84;111;1;land;false;plains;7
5059;94;124;1;land;false;plains;7
5060;100;78;1;land;false;urban;7
5061;85;77;1;land;false;urban;7
5062;101;89;1;land;false;plains;7
5063;97;124;1;land;false;plains;7
5064;116;71;1;land;false;urban;7
5065;83;96;1;land;false;urban;7
5066;128;69;1;land;false;plains;7
5067;130;127;1;land;false;plains;7
5068;136;95;1;land;false;plains;7
5069;115;76;1;land;false;plains;7
5070;76;135;1;land;false;plains;7
5071;5;69;1;land;false;hills;7
5072;27;111;1;land;false;hills;7
5073;21;108;1;land;false;mountain;7
5074;38;64;1;land;false;hills;7
5075;21;65;1;land;false;hills;7
5076;24;66;1;land;false;hills;7
5077;18;85;1;land;false;plains;7
5078;59;117;1;land;false;mountain;7
5079;21;75;1;land;false;hills;7
5080;9;56;1;land;false;plains;7
5081;43;64;1;land;false;hills;7
5082;42;75;1;land;false;plains;7
5083;37;82;1;land;false;hills;7
5084;1;110;1;land;false;hills;7
5085;33;77;1;land;false;plains;7
5086;143;70;1;land;false;urban;7
5087;132;91;1;land;false;plains;7
5088;154;68;1;land;false;plains;7
5089;131;66;1;land;false;plains;7
5090;134;61;1;land;false;plains;7
5091;187;54;1;land;false;plains;7
5092;38;125;1;land;false;plains;7
5093;59;109;1;land;false;plains;7
5094;91;94;1;land;false;mountain;7
5095;29;60;1;land;false;plains;7
5096;98;52;1;land;false;plains;7
5097;45;86;1;land;false;hills;7
5098;104;99;1;land;false;forest;7
5099;71;86;1;land;false;hills;7
5100;34;115;1;land;false;plains;7
5101;102;97;1;land;false;plains;7
5102;50;98;1;land;false;plains;7
5103;67;89;1;land;false;plains;7
5104;52;126;1;land;false;plains;7
5105;41;117;1;land;false;plains;7
5106;60;91;1;land;false;plains;7
5107;39;69;1;land;false;plains;7
5108;100;126;1;land;false;mountain;7
5109;86;75;1;land;false;plains;7
5110;31;52;1;land;false;mountain;7
5111;36;125;1;land;false;hills;7
5112;53;115;1;land;false;plains;7
5113;67;72;1;land;false;plains;7
5114;76;81;1;land;false;urban;7
5115;48;63;1;land;false;hills;7
5116;65;107;1;land;false;plains;7
5117;77;103;1;land;false;hills;7
5118;90;68;1;land;false;plains;7
5119;71;62;1;land;false;hills;7
5120;32;105;1;land;false;plains;7
5121;56;51;1;land;false;plains;7
5122;63;70;1;land;false;plains;7
5123;41;76;1;land;false;plains;7
5124;77;109;1;land;false;plains;7
5125;85;73;1;land;false;forest;7
5126;52;92;1;land;false;forest;7
5127;89;92;1;land;false;plains;7
5128;70;94;1;land;false;plains;7
5129;34;111;1;land;false;hills;7
5130;68;100;1;land;false;mountain;7
5131;28;91;1;land;false;plains;7
5132;106;51;1;land;false;plains;7
5133;67;77;1;land;false;plains;7
5134;104;92;1;land;false;forest;7
5135;30;50;1;land;false;plains;7
5136;35;85;1;land;false;urban;7
5137;83;119;1;land;false;plains;7
5138;55;56;1;land;false;plains;7
5139;64;98;1;land;false;urban;7
5140;68;112;1;land;false;plains;7
5141;40;85;1;land;false;plains;7
5142;43;61;1;land;false;plains;7
5143;41;100;1;land;false;hills;7
5144;29;66;1;land;false;hills;7
5145;75;124;1;land;false;plains;7
5146;33;117;1;land;false;plains;7
5147;60;63;1;land;false;plains;7
5148;42;81;1;land;false;hills;7
5149;61;87;1;land;false;plains;7
5150;231;246;1;land;false;plains;7
5151;221;218;1;land;false;plains;7
5152;229;250;1;land;false;plains;7
5153;206;244;1;land;false;plains;7
5154;227;231;1;land;false;plains;7
5155;228;222;1;land;false;plains;7
5156;164;49;1;land;false;plains;7
5157;136;77;1;land;false;hills;7
5158;146;76;1;land;false;hills;7
5159;194;78;1;land;false;hills;7
5160;140;26;1;land;false;plains;7
5161;122;88;1;land;false;mountain;7
5162;151;54;1;land;false;plains;7
5163;169;74;1;land;false;mountain;7
5164;136;61;1;land;false;mountain;7
5165;199;22;1;land;false;plains;7
5166;168;68;1;land;false;urban;7
5167;131;34;1;land;false;plains;7
5168;122;6;1;land;false;urban;7
5169;116;9;1;land;false;hills;7
5170;122;47;1;land;false;hills;7
5171;111;43;1;land;false;hills;7
5172;147;7;1;land;false;hills;7
5173;151;81;1;land;false;plains;7
5174;112;31;1;land;false;hills;7
5175;115;36;1;land;false;hills;7
5176;82;78;1;land;false;urban;7
5177;220;4;1;land;false;plains;7
5178;244;22;1;land;false;plains;7
5179;233;1;1;land;false;plains;7
5180;239;26;1;land;false;plains;7
5181;249;36;1;land;false;plains;7
5182;223;15;1;land;false;plains;7
5183;214;27;1;land;false;plains;7
5184;220;2;1;land;false;hills;7
5185;248;29;1;land;false;plains;7
5186;161;181;1;land;false;plains;7
5187;164;184;1;land;false;plains;7
5188;158;145;1;land;false;plains;7
5189;154;179;1;land;false;desert;7
5190;199;137;1;land;false;hills;7
5191;189;141;1;land;false;plains;7
5192;179;123;1;land;false;plains;7
5193;205;144;1;land;false;plains;7
5194;212;155;1;land;false;plains;7
5195;148;25;1;land;false;urban;7
5196;135;73;1;land;false;plains;7
5197;159;57;1;land;false;plains;7
5198;177;9;1;land;false;plains;7
5199;194;54;1;land;false;urban;7
5200;176;53;1;land;false;plains;7
5201;171;46;1;land;false;plains;7
5202;191;43;1;land;false;urban;7
5203;149;55;1;land;false;plains;7
5204;183;73;1;land;false;urban;7
5205;133;50;1;land;false;plains;7
5206;179;10;1;land;false;plains;7
5207;153;43;1;land;false;plains;7
5208;173;39;1;land;false;plains;7
5209;153;12;1;land;false;plains;7
5210;129;10;1;land;false;hills;7
5211;181;64;1;land;false;plains;7
5212;159;2;1;land;false;plains;7
5213;126;15;1;land;false;plains;7
5214;168;2;1;land;false;plains;7
5215;139;18;1;land;false;forest;7
5216;180;20;1;land;false;plains;7
5217;197;51;1;land;false;plains;7
5218;130;22;1;land;false;plains;7
5219;202;35;1;land;false;plains;7
5220;134;67;1;land;false;plains;7
5221;133;52;1;land;false;plains;7
5222;185;35;1;land;false;plains;7
5223;125;74;1;land;false;plains;7
5224;193;20;1;land;false;urban;7
5225;186;32;1;land;false;plains;7
5226;179;67;1;land;false;plains;7
5227;137;42;1;land;false;urban;7
5228;200;177;1;land;true;plains;7
5229;186;170;1;land;false;hills;7
5230;201;115;1;land;false;plains;7
5231;243;139;1;land;false;hills;7
5232;215;134;1;land;false;plains;7
5233;236;146;1;land;false;plains;7
5234;223;126;1;land;false;plains;7
5235;237;145;1;land;false;plains;7
5236;223;115;1;land;false;plains;7
5237;247;151;1;land;false;plains;7
5238;82;15;1;land;false;hills;7
5239;139;28;1;land;false;plains;7
5240;125;14;1;land;false;hills;7
5241;81;30;1;land;false;plains;7
5242;119;32;1;land;false;plains;7
5243;90;0;1;land;false;hills;7
5244;82;3;1;land;false;hills;7
5245;134;8;1;land;false;hills;7
5246;74;51;1;land;false;hills;7
5247;77;8;1;land;false;hills;7
5248;75;15;1;land;false;plains;7
5249;98;10;1;land;false;plains;7
5250;148;18;1;land;false;hills;7
5251;8;82;1;land;false;plains;7
5252;46;60;1;land;false;forest;7
5253;36;106;1;land;false;hills;7
5254;15;69;1;land;false;hills;7
5255;22;88;1;land;false;urban;7
5256;31;71;1;land;false;urban;7
5257;6;103;1;land;false;plains;7
5258;15;78;1;land;false;plains;7
5259;10;91;1;land;false;hills;7
5260;230;70;1;land;false;plains;7
5261;248;85;1;land;false;plains;7
5262;197;114;1;land;false;plains;7
5263;186;69;1;land;false;plains;7
5264;252;109;1;land;false;plains;7
5265;254;111;1;land;false;plains;7
5266;212;72;1;land;false;hills;7
5267;241;184;1;land;false;plains;7
5268;237;182;1;land;false;plains;7
5269;224;213;1;land;false;plains;7
5270;230;239;1;land;false;urban;7
5271;193;246;1;land;false;plains;7
5272;194;215;1;land;false;plains;7
5273;172;218;1;land;false;plains;7
5274;166;235;1;land;false;plains;7
5275;242;243;1;land;false;plains;7
5276;189;201;1;land;false;plains;7
5277;227;226;1;land;false;plains;7
5278;35;92;1;land;false;urban;7
5279;19;43;1;land;false;plains;7
5280;1;84;1;land;false;plains;7
5281;30;44;1;land;false;urban;7
5282;47;70;1;land;false;forest;7
5283;39;96;1;land;false;plains;7
5284;8;87;1;land;false;forest;7
5285;2;70;1;land;false;forest;7
5286;67;239;1;land;false;plains;7
5287;7;229;1;land;false;plains;7
5288;62;254;1;land;false;plains;7
5289;28;217;1;land;false;plains;7
5290;16;220;1;land;false;plains;7
5291;52;238;1;land;false;urban;7
5292;51;214;1;land;false;plains;7
5293;35;241;1;land;false;urban;7
5294;17;242;1;land;false;plains;7
5295;53;85;1;land;false;plains;7
5296;7;94;1;land;false;plains;7
5297;25;107;1;land;true;plains;7
5298;28;84;1;land;true;plains;7
5299;11;87;1;land;false;plains;7
5300;36;103;1;land;false;plains;7
5301;182;146;1;land;false;plains;7
5302;177;145;1;land;false;hills;7
5303;176;121;1;land;false;plains;7
5304;156;151;1;land;false;plains;7
5305;204;139;1;land;false;plains;7
5306;177;114;1;land;false;plains;7
5307;187;140;1;land;false;urban;7
5308;160;119;1;land;false;plains;7
5309;68;120;1;land;false;plains;7
5310;35;125;1;land;false;urban;7
5311;41;105;1;land;false;plains;7
5312;39;50;1;land;false;plains;7
5313;112;185;1;land;false;plains;7
5314;110;32;1;land;true;plains;7
5315;109;64;1;land;false;hills;7
5316;86;18;1;land;false;plains;7
5317;112;13;1;land;false;hills;7
5318;83;55;1;land;false;mountain;7
5319;98;61;1;land;true;hills;7
5320;104;74;1;land;false;hills;7
5321;88;49;1;land;true;hills;7
5322;83;56;1;land;false;urban;7
5323;70;165;1;land;false;plains;7
5324;18;160;1;land;false;plains;7
5325;72;154;1;land;false;plains;7
5326;17;191;1;land;false;plains;7
5327;68;205;1;land;false;plains;7
5328;42;215;1;land;false;plains;7
5329;57;150;1;land;false;plains;7
5330;20;224;1;land;false;plains;7
5331;51;178;1;land;false;plains;7
5332;30;198;1;land;false;hills;7
5333;54;160;1;land;false;plains;7
5334;48;203;1;land;false;plains;7
5335;64;222;1;land;false;plains;7
5336;48;147;1;land;false;plains;7
5337;7;198;1;land;false;hills;7
5338;16;153;1;land;false;plains;7
5339;57;148;1;land;false;plains;7
5340;54;180;1;land;false;plains;7
5341;27;214;1;land;false;plains;7
5342;74;206;1;land;false;plains;7
5343;205;173;1;land;false;forest;7
5344;179;50;1;land;false;hills;7
5345;139;8;1;land;false;hills;7
5346;115;57;1;land;false;hills;7
5347;155;13;1;land;false;plains;7
5348;115;55;1;land;false;mountain;7
5349;167;57;1;land;false;plains;7
5350;116;70;1;land;false;plains;7
5351;140;25;1;land;false;hills;7
5352;149;42;1;land;false;urban;7
5353;164;36;1;land;false;hills;7
5354;164;31;1;land;false;hills;7
5355;115;166;1;land;true;plains;7
5356;144;158;1;land;false;forest;7
5357;121;155;1;land;false;urban;7
5358;115;158;1;land;false;urban;7
5359;138;149;1;land;false;urban;7
5360;156;138;1;land;false;urban;7
5361;108;159;1;land;false;plains;7
5362;158;137;1;land;false;plains;7
5363;141;153;1;land;false;plains;7
5364;120;163;1;land;false;plains;7
5365;117;141;1;land;true;plains;7
5366;180;130;1;land;false;urban;7
5367;112;168;1;land;false;plains;7
5368;159;139;1;land;false;urban;7
5369;184;144;1;land;false;urban;7
5370;142;141;1;land;false;urban;7
5371;167;150;1;land;false;urban;7
5372;133;114;1;land;true;plains;7
5373;123;163;1;land;false;plains;7
5374;113;148;1;land;false;plains;7
5375;184;96;1;land;false;urban;7
5376;148;157;1;land;false;urban;7
5377;143;140;1;land;false;forest;7
5378;99;2;1;land;false;hills;7
5379;65;39;1;land;false;plains;7
5380;115;40;1;land;false;hills;7
5381;48;10;1;land;false;mountain;7
5382;108;6;1;land;false;hills;7
5383;99;21;1;land;false;hills;7
5384;76;34;1;land;false;plains;7
5385;105;34;1;land;false;hills;7
5386;45;2;1;land;false;hills;7
5387;85;32;1;land;false;hills;7
5388;57;42;1;land;false;mountain;7
5389;102;44;1;land;false;hills;7
5390;88;112;1;land;false;urban;7
5391;134;155;1;land;false;mountain;7
5392;80;91;1;land;false;hills;7
5393;97;91;1;land;false;urban;7
5394;137;118;1;land;false;hills;7
5395;142;155;1;land;false;plains;7
5396;69;104;1;land;false;mountain;7
5397;124;148;1;land;false;plains;7
5398;140;126;1;land;false;plains;7
5399;142;90;1;land;false;plains;7
5400;125;132;1;land;false;desert;7
5401;115;143;1;land;false;plains;7
5402;108;114;1;land;false;hills;7
5403;130;100;1;land;false;mountain;7
5404;67;90;1;land;false;mountain;7
5405;89;94;1;land;false;plains;7
5406;84;147;1;land;false;mountain;7
5407;103;99;1;land;false;mountain;7
5408;93;87;1;land;false;plains;7
5409;239;210;1;land;false;plains;7
5410;203;201;1;land;false;plains;7
5411;204;208;1;land;false;urban;7
5412;211;204;1;land;false;hills;7
5413;228;213;1;land;false;plains;7
5414;212;221;1;land;false;plains;7
5415;231;219;1;land;false;plains;7
5416;217;242;1;land;false;hills;7
5417;198;216;1;land;false;plains;7
5418;186;226;1;land;false;plains;7
5419;211;229;1;land;false;mountain;7
5420;207;214;1;land;false;plains;7
5421;218;203;1;land;false;plains;7
5422;245;224;1;land;false;plains;7
5423;225;219;1;land;false;plains;7
5424;204;224;1;land;false;plains;7
5425;240;227;1;land;false;hills;7
5426;131;51;1;land;false;forest;7
5427;17;252;1;land;false;mountain;7
5428;3;233;1;land;false;mountain;7
5429;7;243;1;land;false;mountain;7
5430;32;234;1;land;false;mountain;7
5431;25;241;1;land;false;hills;7
5432;17;219;1;land;false;hills;7
5433;27;215;1;land;false;plains;7
5434;44;250;1;land;false;hills;7
5435;40;216;1;land;false;mountain;7
5436;31;252;1;land;false;mountain;7
5437;1;232;1;land;false;mountain;7
5438;39;242;1;land;false;plains;7
5439;43;203;1;land;false;mountain;7
5440;1;227;1;land;false;hills;7
5441;8;229;1;land;false;mountain;7
5442;35;250;1;land;false;hills;7
5443;13;246;1;land;false;plains;7
5444;0;217;1;land;false;hills;7
5445;18;198;1;land;false;plains;7
5446;24;227;1;land;false;hills;7
5447;35;198;1;land;false;hills;7
5448;23;215;1;land;false;hills;7
5449;30;244;1;land;false;mountain;7
5450;26;242;1;land;false;plains;7
5451;40;210;1;land;false;hills;7
5452;38;124;1;land;true;plains;7
5453;91;104;1;land;false;urban;7
5454;79;167;1;land;false;hills;7
5455;49;153;1;land;false;mountain;7
5456;142;48;1;land;false;plains;7
5457;90;60;1;land;false;plains;7
5458;106;53;1;land;false;plains;7
5459;116;38;1;land;false;desert;7
5460;110;25;1;land;false;plains;7
5461;134;65;1;land;false;hills;7
5462;119;61;1;land;false;hills;7
5463;124;6;1;land;false;plains;7
5464;134;76;1;land;false;hills;7
5465;111;27;1;land;false;plains;7
5466;158;38;1;land;false;hills;7
5467;122;29;1;land;false;desert;7
5468;151;63;1;land;false;hills;7
5469;145;54;1;land;false;desert;7
5470;129;32;1;land;false;hills;7
5471;53;77;1;land;false;plains;7
5472;16;72;1;land;false;plains;7
5473;55;102;1;land;false;plains;7
5474;38;78;1;land;false;plains;7
5475;13;105;1;land;false;plains;7
5476;47;45;1;land;false;hills;7
5477;48;57;1;land;false;plains;7
5478;26;99;1;land;false;hills;7
5479;27;38;1;land;false;hills;7
5480;42;42;1;land;false;plains;7
5481;18;29;1;land;false;plains;7
5482;50;55;1;land;false;hills;7
5483;17;91;1;land;false;plains;7
5484;9;54;1;land;false;plains;7
5485;50;49;1;land;false;plains;7
5486;50;28;1;land;false;plains;7
5487;58;189;1;land;false;urban;7
5488;73;139;1;land;true;plains;7
5489;44;176;1;land;false;plains;7
5490;67;129;1;land;false;plains;7
5491;17;135;1;land;true;plains;7
5492;75;187;1;land;true;plains;7
5493;52;173;1;land;false;urban;7
5494;64;122;1;land;true;forest;7
5495;42;169;1;land;true;plains;7
5496;76;141;1;land;false;plains;7
5497;81;164;1;land;false;urban;7
5498;73;129;1;land;true;plains;7
5499;35;130;1;land;true;plains;7
5500;15;180;1;land;false;urban;7
5501;19;175;1;land;false;plains;7
5502;231;28;1;land;false;hills;7
5503;251;44;1;land;false;hills;7
5504;235;18;1;land;false;hills;7
5505;205;29;1;land;false;hills;7
5506;250;61;1;land;false;hills;7
5507;209;45;1;land;false;plains;7
5508;200;19;1;land;false;hills;7
5509;204;32;1;land;false;mountain;7
5510;73;150;1;land;false;mountain;7
5511;73;138;1;land;false;mountain;7
5512;80;107;1;land;false;mountain;7
5513;102;126;1;land;false;mountain;7
5514;73;102;1;land;false;mountain;7
5515;8;20;1;land;false;plains;7
5516;62;35;1;land;false;plains;7
5517;49;8;1;land;false;plains;7
5518;23;13;1;land;false;plains;7
5519;52;34;1;land;false;plains;7
5520;4;1;1;land;false;plains;7
5521;57;7;1;land;false;plains;7
5522;34;42;1;land;false;plains;7
5523;48;19;1;land;false;plains;7
5524;122;250;1;land;false;desert;7
5525;133;231;1;land;true;desert;7
5526;144;206;1;land;true;plains;7
5527;177;193;1;land;false;plains;7
5528;182;189;1;land;false;desert;7
5529;174;192;1;land;true;desert;7
5530;168;197;1;land;true;desert;7
5531;145;243;1;land;true;desert;7
5532;182;211;1;land;false;desert;7
5533;162;192;1;land;true;desert;7
5534;136;192;1;land;true;desert;7
5535;160;223;1;land;true;desert;7
5536;186;180;1;land;false;desert;7
5537;152;183;1;land;false;desert;7
5538;160;201;1;land;false;desert;7
5539;121;214;1;land;false;desert;7
5540;69;226;1;land;false;plains;7
5541;58;215;1;land;false;plains;7
5542;46;236;1;land;false;urban;7
5543;90;251;1;land;false;plains;7
5544;89;224;1;land;false;urban;7
5545;107;233;1;land;false;plains;7
5546;46;245;1;land;false;plains;7
5547;76;229;1;land;false;plains;7
5548;50;246;1;land;false;plains;7
5549;109;225;1;land;false;plains;7
5550;77;226;1;land;false;plains;7
5551;88;243;1;land;false;plains;7
5552;76;244;1;land;false;plains;7
5553;83;180;1;land;false;plains;7
5554;115;141;1;land;false;hills;7
5555;86;193;1;land;false;plains;7
5556;59;200;1;land;false;hills;7
5557;54;144;1;land;false;urban;7
5558;61;139;1;land;false;hills;7
5559;112;202;1;land;false;urban;7
5560;80;147;1;land;false;hills;7
5561;102;157;1;land;false;urban;7
5562;72;172;1;land;false;plains;7
5563;127;190;1;land;false;urban;7
5564;59;178;1;land;false;hills;7
5565;74;217;1;land;false;plains;7
5566;76;215;1;land;false;plains;7
5567;97;194;1;land;false;plains;7
5568;97;213;1;land;false;hills;7
5569;132;138;1;land;false;hills;7
5570;91;174;1;land;false;plains;7
5571;68;177;1;land;false;plains;7
5572;55;212;1;land;false;plains;7
5573;80;163;1;land;false;plains;7
5574;72;175;1;land;false;plains;7
5575;159;104;1;land;true;plains;7
5576;218;91;1;land;false;plains;7
5577;166;114;1;land;true;plains;7
5578;192;118;1;land;false;plains;7
5579;191;96;1;land;false;plains;7
5580;188;110;1;land;true;plains;7
5581;154;136;1;land;false;plains;7
5582;164;132;1;land;false;plains;7
5583;189;90;1;land;false;plains;7
5584;196;118;1;land;true;plains;7
5585;207;115;1;land;false;plains;7
5586;194;159;1;land;false;plains;7
5587;180;138;1;land;false;plains;7
5588;176;149;1;land;true;plains;7
5589;186;129;1;land;false;plains;7
5590;224;149;1;land;true;plains;7
5591;210;138;1;land;true;plains;7
5592;179;143;1;land;true;plains;7
5593;216;84;1;land;false;plains;7
5594;213;150;1;land;false;plains;7
5595;146;195;1;land;false;mountain;7
5596;158;198;1;land;false;hills;7
5597;200;246;1;land;false;plains;7
5598;139;193;1;land;false;plains;7
5599;162;195;1;land;false;plains;7
5600;167;235;1;land;false;plains;7
5601;201;183;1;land;false;plains;7
5602;161;211;1;land;false;plains;7
5603;176;195;1;land;false;hills;7
5604;182;234;1;land;false;plains;7
5605;125;232;1;land;false;hills;7
5606;166;193;1;land;false;hills;7
5607;149;204;1;land;false;mountain;7
5608;148;246;1;land;false;plains;7
5609;131;239;1;land;false;plains;7
5610;187;218;1;land;false;plains;7
5611;194;233;1;land;false;hills;7
5612;195;240;1;land;false;mountain;7
5613;150;215;1;land;false;plains;7
5614;148;190;1;land;false;mountain;7
5615;183;229;1;land;true;hills;7
5616;189;236;1;land;true;plains;7
5617;223;214;1;land;true;plains;7
5618;214;179;1;land;false;urban;7
5619;236;254;1;land;false;plains;7
5620;219;178;1;land;false;plains;7
5621;221;188;1;land;false;plains;7
5622;244;228;1;land;false;plains;7
5623;218;241;1;land;false;plains;7
5624;173;244;1;land;true;hills;7
5625;183;207;1;land;false;plains;7
5626;178;190;1;land;false;plains;7
5627;238;181;1;land;false;plains;7
5628;205;234;1;land;true;hills;7
5629;189;215;1;land;true;plains;7
5630;233;197;1;land;false;plains;7
5631;188;182;1;land;false;plains;7
5632;171;232;1;land;false;plains;7
5633;240;234;1;land;false;plains;7
5634;202;199;1;land;false;plains;7
5635;102;187;1;land;false;urban;7
5636;91;224;1;land;true;plains;7
5637;224;112;1;land;true;hills;7
5638;234;136;1;land;false;hills;7
5639;120;26;1;land;true;forest;7
5640;152;31;1;land;true;forest;7
5641;126;14;1;land;true;forest;7
5642;97;62;1;land;false;forest;7
5643;142;15;1;land;true;forest;7
5644;46;39;1;land;false;plains;7
5645;17;33;1;land;false;plains;7
5646;49;1;1;land;false;urban;7
5647;16;28;1;land;false;urban;7
5648;14;2;1;land;false;plains;7
5649;7;36;1;land;false;plains;7
5650;35;13;1;land;false;plains;7
5651;40;15;1;land;false;plains;7
5652;50;26;1;land;false;plains;7
5653;41;8;1;land;false;plains;7
5654;47;31;1;land;false;plains;7
5655;11;35;1;land;false;urban;7
5656;45;6;1;land;false;plains;7
5657;45;12;1;land;false;forest;7
5658;25;31;1;land;false;plains;7
5659;38;25;1;land;false;plains;7
5660;46;4;1;land;false;plains;7
5661;10;8;1;land;false;plains;7
5662;10;5;1;land;false;plains;7
5663;7;30;1;land;false;plains;7
5664;204;67;1;land;false;plains;7
5665;101;209;1;land;false;plains;7
5666;130;167;1;land;false;plains;7
5667;104;174;1;land;false;plains;7
5668;156;223;1;land;false;plains;7
5669;65;62;1;land;false;mountain;7
5670;108;92;1;land;false;plains;7
5671;109;112;1;land;false;mountain;7
5672;43;21;1;land;false;plains;7
5673;54;36;1;land;false;plains;7
5674;31;29;1;land;false;plains;7
5675;43;41;1;land;false;plains;7
5676;40;7;1;land;false;plains;7
5677;14;27;1;land;false;urban;7
5678;47;11;1;land;false;plains;7
5679;0;30;1;land;false;plains;7
5680;30;16;1;land;false;plains;7
5681;6;21;1;land;false;plains;7
5682;41;27;1;land;false;plains;7
5683;15;28;1;land;false;plains;7
5684;59;15;1;land;false;plains;7
5685;42;20;1;land;false;urban;7
5686;13;13;1;land;false;plains;7
5687;17;11;1;land;false;urban;7
5688;57;5;1;land;false;plains;7
5689;241;133;1;land;false;mountain;7
5690;216;139;1;land;false;mountain;7
5691;208;103;1;land;false;mountain;7
5692;231;100;1;land;false;mountain;7
5693;210;167;1;land;false;mountain;7
5694;206;163;1;land;false;mountain;7
5695;240;171;1;land;false;hills;7
5696;231;152;1;land;false;mountain;7
5697;208;106;1;land;false;mountain;7
5698;225;247;1;land;false;plains;7
5699;208;226;1;land;false;hills;7
5700;223;251;1;land;false;plains;7
5701;241;208;1;land;false;mountain;7
5702;242;225;1;land;false;hills;7
5703;195;204;1;land;false;hills;7
5704;253;218;1;land;false;plains;7
5705;213;253;1;land;false;hills;7
5706;254;213;1;land;false;hills;7
5707;190;252;1;land;false;hills;7
5708;234;232;1;land;false;plains;7
5709;187;208;1;land;false;mountain;7
5710;243;236;1;land;false;plains;7
5711;198;224;1;land;false;mountain;7
5712;254;206;1;land;false;mountain;7
5713;200;206;1;land;false;plains;7
5714;230;207;1;land;false;plains;7
5715;39;57;1;land;false;mountain;7
5716;105;123;1;land;false;plains;7
5717;50;64;1;land;false;plains;7
5718;107;109;1;land;false;hills;7
5719;91;112;1;land;false;plains;7
5720;81;112;1;land;false;plains;7
5721;66;104;1;land;false;plains;7
5722;58;90;1;land;false;plains;7
5723;103;65;1;land;false;urban;7
5724;82;103;1;land;false;hills;7
5725;72;92;1;land;false;plains;7
5726;99;75;1;land;false;plains;7
5727;74;95;1;land;false;plains;7
5728;63;85;1;land;false;plains;7
5729;44;73;1;land;false;desert;7
5730;118;48;1;land;false;mountain;7
5731;102;47;1;land;false;hills;7
5732;102;115;1;land;false;plains;7
5733;39;46;1;land;false;plains;7
5734;66;54;1;land;false;hills;7
5735;45;78;1;land;false;plains;7
5736;90;120;1;land;false;plains;7
5737;85;62;1;land;false;plains;7
5738;47;76;1;land;false;plains;7
5739;70;61;1;land;false;plains;7
5740;58;86;1;land;false;plains;7
5741;72;83;1;land;false;plains;7
5742;73;52;1;land;false;hills;7
5743;102;67;1;land;false;plains;7
5744;72;119;1;land;false;plains;7
5745;57;123;1;land;false;plains;7
5746;109;74;1;land;false;plains;7
5747;44;78;1;land;false;plains;7
5748;69;66;1;land;false;hills;7
5749;117;108;1;land;false;hills;7
5750;76;116;1;land;false;urban;7
5751;81;109;1;land;false;hills;7
5752;140;162;1;land;false;hills;7
5753;79;199;1;land;false;plains;7
5754;116;175;1;land;false;mountain;7
5755;58;65;1;land;false;plains;7
5756;27;34;1;land;false;plains;7
5757;75;106;1;land;false;plains;7
5758;52;95;1;land;false;plains;7
5759;72;109;1;land;false;plains;7
5760;30;87;1;land;false;plains;7
5761;71;93;1;land;false;urban;7
5762;46;36;1;land;false;plains;7
5763;63;47;1;land;false;plains;7
5764;68;125;1;land;false;mountain;7
5765;55;67;1;land;false;hills;7
5766;50;118;1;land;false;mountain;7
5767;62;64;1;land;false;mountain;7
5768;20;121;1;land;false;plains;7
5769;16;123;1;land;false;mountain;7
5770;3;81;1;land;false;mountain;7
5771;75;132;1;land;false;mountain;7
5772;3;57;1;land;false;mountain;7
5773;32;125;1;land;false;forest;7
5774;181;107;1;land;false;hills;7
5775;178;116;1;land;false;mountain;7
5776;207;166;1;land;false;mountain;7
5777;230;131;1;land;false;mountain;7
5778;220;118;1;land;false;mountain;7
5779;220;129;1;land;false;hills;7
5780;191;105;1;land;false;mountain;7
5781;198;112;1;land;false;mountain;7
5782;221;118;1;land;false;mountain;7
5783;226;127;1;land;false;mountain;7
5784;188;115;1;land;false;plains;7
5785;174;114;1;land;false;hills;7
5786;227;94;1;land;false;mountain;7
5787;193;135;1;land;false;mountain;7
5788;189;112;1;land;false;mountain;7
5789;181;93;1;land;false;mountain;7
5790;186;148;1;land;false;hills;7
5791;225;137;1;land;false;hills;7
5792;173;149;1;land;false;mountain;7
5793;184;124;1;land;false;hills;7
5794;233;107;1;land;false;mountain;7
5795;227;124;1;land;false;mountain;7
5796;230;96;1;land;false;mountain;7
5797;223;112;1;land;false;mountain;7
5798;225;108;1;land;false;mountain;7
5799;184;147;1;land;false;plains;7
5800;239;121;1;land;false;mountain;7
5801;242;72;1;land;false;plains;7
5802;236;113;1;land;false;urban;7
5803;235;102;1;land;false;plains;7
5804;253;78;1;land;false;plains;7
5805;218;105;1;land;false;plains;7
5806;215;41;1;land;false;plains;7
5807;249;44;1;land;false;plains;7
5808;223;104;1;land;false;plains;7
5809;231;108;1;land;false;plains;7
5810;240;101;1;land;false;plains;7
5811;227;115;1;land;false;plains;7
5812;235;113;1;land;false;plains;7
5813;142;208;1;land;false;urban;7
5814;161;162;1;land;false;hills;7
5815;179;229;1;land;false;forest;7
5816;131;160;1;land;false;urban;7
5817;185;181;1;land;false;hills;7
5818;114;192;1;land;false;plains;7
5819;123;171;1;land;false;forest;7
5820;176;159;1;land;false;forest;7
5821;186;200;1;land;false;forest;7
5822;128;186;1;land;false;forest;7
5823;151;197;1;land;false;mountain;7
5824;160;216;1;land;false;hills;7
5825;118;175;1;land;false;forest;7
5826;112;195;1;land;false;hills;7
5827;140;232;1;land;false;mountain;7
5828;142;157;1;land;false;mountain;7
5829;153;179;1;land;false;hills;7
5830;176;227;1;land;false;hills;7
5831;148;10;1;land;false;hills;7
5832;144;77;1;land;false;hills;7
5833;95;66;1;land;false;hills;7
5834;145;17;1;land;false;hills;7
5835;144;70;1;land;false;hills;7
5836;129;1;1;land;false;hills;7
5837;123;17;1;land;false;hills;7
5838;162;26;1;land;false;hills;7
5839;168;74;1;land;false;hills;7
5840;106;99;1;land;false;plains;7
5841;36;116;1;land;false;plains;7
5842;39;147;1;land;false;mountain;7
5843;67;137;1;land;false;plains;7
5844;72;149;1;land;false;hills;7
5845;51;161;1;land;false;plains;7
5846;86;139;1;land;false;plains;7
5847;64;149;1;land;false;plains;7
5848;83;152;1;land;false;plains;7
5849;40;142;1;land;false;plains;7
5850;104;100;1;land;false;plains;7
5851;67;128;1;land;false;plains;7
5852;89;126;1;land;false;plains;7
5853;44;160;1;land;false;plains;7
5854;93;120;1;land;false;hills;7
5855;34;99;1;land;false;plains;7
5856;91;152;1;land;false;plains;7
5857;106;109;1;land;false;plains;7
5858;55;160;1;land;false;mountain;7
5859;80;111;1;land;false;plains;7
5860;61;113;1;land;false;plains;7
5861;77;112;1;land;false;hills;7
5862;100;93;1;land;false;plains;7
5863;86;153;1;land;false;mountain;7
5864;83;117;1;land;false;hills;7
5865;72;150;1;land;false;plains;7
5866;68;160;1;land;false;plains;7
5867;76;130;1;land;false;mountain;7
5868;85;112;1;land;false;plains;7
5869;80;153;1;land;false;plains;7
5870;91;162;1;land;false;plains;7
5871;94;155;1;land;false;mountain;7
5872;110;123;1;land;false;plains;7
5873;38;146;1;land;false;plains;7
5874;103;91;1;land;false;plains;7
5875;44;164;1;land;false;mountain;7
5876;60;102;1;land;false;mountain;7
5877;40;155;1;land;false;plains;7
5878;52;89;1;land;false;plains;7
5879;79;156;1;land;false;hills;7
5880;69;118;1;land;false;plains;7
5881;46;105;1;land;false;hills;7
5882;40;132;1;land;false;plains;7
5883;60;167;1;land;false;hills;7
5884;74;130;1;land;false;plains;7
5885;58;95;1;land;false;plains;7
5886;49;140;1;land;false;hills;7
5887;59;114;1;land;false;hills;7
5888;88;141;1;land;false;plains;7
5889;50;133;1;land;false;plains;7
5890;47;148;1;land;false;plains;7
5891;52;162;1;land;false;mountain;7
5892;107;155;1;land;false;plains;7
5893;103;103;1;land;false;plains;7
5894;43;91;1;land;false;plains;7
5895;94;120;1;land;false;plains;7
5896;67;91;1;land;false;mountain;7
5897;95;110;1;land;false;plains;7
5898;100;160;1;land;false;plains;7
5899;86;108;1;land;false;plains;7
5900;73;92;1;land;false;plains;7
5901;57;138;1;land;false;plains;7
5902;50;112;1;land;false;plains;7
5903;65;90;1;land;false;plains;7
5904;52;90;1;land;false;plains;7
5905;79;117;1;land;false;plains;7
5906;97;88;1;land;false;plains;7
5907;96;165;1;land;false;plains;7
5908;107;97;1;land;false;plains;7
5909;75;91;1;land;false;mountain;7
5910;99;97;1;land;false;plains;7
5911;65;105;1;land;false;hills;7
5912;36;126;1;land;false;plains;7
5913;110;104;1;land;false;mountain;7
5914;63;133;1;land;false;plains;7
5915;39;159;1;land;false;plains;7
5916;74;141;1;land;false;plains;7
5917;53;104;1;land;false;plains;7
5918;35;122;1;land;false;plains;7
5919;77;162;1;land;false;plains;7
5920;36;99;1;land;false;mountain;7
5921;84;113;1;land;false;plains;7
5922;110;90;1;land;false;plains;7
5923;102;128;1;land;false;plains;7
5924;87;134;1;land;false;hills;7
5925;102;111;1;land;false;mountain;7
5926;61;131;1;land;false;plains;7
5927;46;154;1;land;false;plains;7
5928;63;143;1;land;false;hills;7
5929;89;141;1;land;false;plains;7
5930;98;105;1;land;false;plains;7
5931;92;133;1;land;false;plains;7
5932;76;106;1;land;false;plains;7
5933;85;99;1;land;false;plains;7
5934;130;56;1;land;false;plains;7
5935;70;36;1;land;false;plains;7
5936;79;54;1;land;false;plains;7
5937;80;44;1;land;false;plains;7
5938;102;41;1;land;false;plains;7
5939;75;50;1;land;false;forest;7
5940;117;3;1;land;false;plains;7
5941;119;23;1;land;false;plains;7
5942;61;102;1;land;false;urban;5
5943;19;148;1;land;true;hills;5
5944;75;170;1;land;false;plains;5
5945;68;108;1;land;false;plains;5
5946;35;113;1;land;false;plains;5
5947;62;160;1;land;true;urban;5
5948;69;168;1;land;false;plains;5
5949;28;116;1;land;false;desert;5
5950;28;133;1;land;true;hills;5
5951;92;172;1;land;false;plains;5
5952;57;180;1;land;true;plains;5
5953;61;106;1;land;false;plains;5
5954;95;165;1;land;false;plains;5
5955;73;171;1;land;true;plains;5
5956;33;156;1;land;false;plains;5
5957;94;110;1;land;true;urban;5
5958;78;114;1;land;false;plains;5
5959;42;161;1;land;false;desert;5
5960;141;182;1;land;false;plains;5
5961;176;146;1;land;false;mountain;5
5962;179;191;1;land;false;hills;5
5963;175;212;1;land;false;urban;5
5964;169;181;1;land;false;mountain;5
5965;196;191;1;land;false;hills;5
5966;170;202;1;land;false;urban;5
5967;149;139;1;land;false;mountain;5
5968;127;141;1;land;false;plains;5
5969;155;168;1;land;false;mountain;5
5970;165;164;1;land;false;plains;5
5971;186;177;1;land;false;plains;5
5972;192;182;1;land;false;mountain;5
5973;143;182;1;land;false;plains;5
5974;148;168;1;land;false;mountain;5
5975;134;250;1;land;true;urban;5
5976;77;251;1;land;true;plains;5
5977;117;210;1;land;false;plains;5
5978;114;212;1;land;true;plains;5
5979;127;226;1;land;true;plains;5
5980;171;212;1;land;false;plains;5
5981;129;224;1;land;false;urban;5
5982;113;254;1;land;false;plains;5
5983;130;244;1;land;false;plains;5
5984;141;239;1;land;false;urban;5
5985;165;219;1;land;false;plains;5
5986;106;236;1;land;false;plains;5
5987;154;227;1;land;false;plains;5
5988;119;254;1;land;false;plains;5
5989;159;238;1;land;false;plains;5
5990;136;248;1;land;false;plains;5
5991;124;210;1;land;false;plains;5
5992;160;242;1;land;false;plains;5
5993;128;219;1;land;false;plains;5
5994;171;237;1;land;false;urban;5
5995;140;217;1;land;false;plains;5
5996;105;248;1;land;false;plains;5
5997;161;65;1;land;false;urban;5
5998;159;114;1;land;false;desert;5
5999;150;70;1;land;false;plains;5
6000;93;53;1;land;false;plains;5
6001;97;41;1;land;false;plains;5
6002;85;95;1;land;false;plains;5
6003;89;100;1;land;false;plains;5
6004;102;50;1;land;false;desert;5
6005;145;111;1;land;false;plains;5
6006;163;91;1;land;false;desert;5
6007;136;90;1;land;false;plains;5
6008;234;167;1;land;false;mountain;5
6009;231;229;1;land;false;plains;5
6010;247;166;1;land;true;plains;5
6011;223;160;1;land;false;hills;5
6012;238;176;1;land;false;plains;5
6013;203;216;1;land;true;plains;5
6014;236;177;1;land;false;hills;5
6015;249;231;1;land;true;plains;5
6016;196;167;1;land;false;hills;5
6017;241;183;1;land;false;plains;5
6018;230;223;1;land;false;mountain;5
6019;253;159;1;land;true;plains;5
6020;206;223;1;land;false;plains;5
6021;206;169;1;land;false;plains;5
6022;247;215;1;land;false;hills;5
6023;227;196;1;land;false;plains;5
6024;232;231;1;land;true;plains;5
6025;241;165;1;land;false;hills;5
6026;251;193;1;land;false;plains;5
6027;241;191;1;land;false;plains;5
6028;230;157;1;land;false;mountain;5
6029;195;171;1;land;false;plains;5
6030;196;192;1;land;false;hills;5
6031;232;197;1;land;false;plains;5
6032;197;207;1;land;false;plains;5
6033;220;189;1;land;false;hills;5
6034;243;224;1;land;false;plains;5
6035;220;53;1;land;false;plains;5
6036;243;47;1;land;false;plains;5
6037;207;24;1;land;false;plains;5
6038;186;37;1;land;false;urban;5
6039;202;23;1;land;false;desert;5
6040;182;27;1;land;false;urban;5
6041;229;14;1;land;false;plains;5
6042;230;11;1;land;false;plains;5
6043;187;9;1;land;false;plains;5
6044;204;30;1;land;false;plains;5
6045;237;13;1;land;false;plains;5
6046;213;42;1;land;false;urban;5
6047;243;4;1;land;false;plains;5
6048;215;40;1;land;false;plains;5
6049;217;26;1;land;false;urban;5
6050;218;8;1;land;false;urban;5
6051;248;36;1;land;false;plains;5
6052;232;13;1;land;false;plains;5
6053;236;5;1;land;false;desert;5
6054;209;30;1;land;false;plains;5
6055;213;49;1;land;false;plains;5
6056;217;54;1;land;false;urban;5
6057;184;1;1;land;false;plains;5
6058;223;59;1;land;false;plains;5
6059;248;0;1;land;false;desert;5
6060;245;27;1;land;false;plains;5
6061;181;2;1;land;false;plains;5
6062;226;51;1;land;false;plains;5
6063;197;0;1;land;false;urban;5
6064;216;7;1;land;false;urban;5
6065;135;135;1;land;false;plains;5
6066;139;170;1;land;false;hills;5
6067;144;149;1;land;false;hills;5
6068;164;139;1;land;false;mountain;5
6069;143;192;1;land;false;hills;5
6070;157;165;1;land;false;plains;5
6071;115;201;1;land;false;mountain;5
6072;153;174;1;land;false;hills;5
6073;136;144;1;land;false;plains;5
6074;174;160;1;land;false;urban;5
6075;121;171;1;land;false;mountain;5
6076;144;169;1;land;false;plains;5
6077;161;167;1;land;false;hills;5
6078;139;186;1;land;false;hills;5
6079;182;154;1;land;false;mountain;5
6080;139;141;1;land;false;mountain;5
6081;142;134;1;land;false;plains;5
6082;156;207;1;land;false;hills;5
6083;113;135;1;land;false;mountain;5
6084;162;175;1;land;false;mountain;5
6085;184;137;1;land;false;hills;5
6086;120;133;1;land;false;hills;5
6087;187;162;1;land;false;hills;5
6088;116;147;1;land;false;mountain;5
6089;27;194;1;land;false;urban;5
6090;58;205;1;land;true;plains;5
6091;51;176;1;land;false;plains;5
6092;42;174;1;land;true;plains;5
6093;19;181;1;land;true;urban;5
6094;0;186;1;land;true;plains;5
6095;57;238;1;land;true;plains;5
6096;36;184;1;land;true;urban;5
6097;63;161;1;land;false;urban;5
6098;98;110;1;land;false;plains;5
6099;65;138;1;land;false;plains;5
6100;91;125;1;land;false;plains;5
6101;48;138;1;land;false;plains;5
6102;50;139;1;land;false;plains;5
6103;65;111;1;land;false;plains;5
6104;81;175;1;land;false;plains;5
6105;94;176;1;land;false;plains;5
6106;174;183;1;land;false;plains;5
6107;201;192;1;land;false;urban;5
6108;172;192;1;land;true;plains;5
6109;209;194;1;land;true;plains;5
6110;205;210;1;land;false;plains;5
6111;228;171;1;land;true;plains;5
6112;196;176;1;land;true;plains;5
6113;226;157;1;land;false;plains;5
6114;236;186;1;land;true;plains;5
6115;227;183;1;land;false;plains;5
6116;176;197;1;land;false;forest;5
6117;218;149;1;land;false;forest;5
6118;211;206;1;land;false;forest;5
6119;186;209;1;land;false;urban;5
6120;212;186;1;land;false;forest;5
6121;187;184;1;land;false;forest;5
6122;222;204;1;land;false;urban;5
6123;163;216;1;land;false;forest;5
6124;219;181;1;land;false;forest;5
6125;214;168;1;land;false;forest;5
6126;197;149;1;land;false;forest;5
6127;217;201;1;land;false;forest;5
6128;195;144;1;land;false;forest;5
6129;214;206;1;land;false;forest;5
6130;172;182;1;land;false;forest;5
6131;166;206;1;land;false;urban;5
6132;12;96;1;land;false;plains;5
6133;21;138;1;land;false;hills;5
6134;34;123;1;land;false;urban;5
6135;37;149;1;land;false;plains;5
6136;18;114;1;land;false;plains;5
6137;24;122;1;land;false;mountain;5
6138;12;117;1;land;false;plains;5
6139;35;98;1;land;false;plains;5
6140;20;136;1;land;false;hills;5
6141;37;130;1;land;false;plains;5
6142;31;143;1;land;false;plains;5
6143;47;153;1;land;false;urban;5
6144;35;120;1;land;false;desert;5
6145;60;163;1;land;false;mountain;5
6146;49;121;1;land;false;urban;5
6147;55;170;1;land;false;hills;5
6148;71;98;1;land;false;plains;5
6149;74;169;1;land;false;plains;5
6150;49;117;1;land;true;desert;5
6151;98;160;1;land;true;plains;5
6152;65;112;1;land;true;desert;5
6153;85;148;1;land;false;desert;5
6154;64;145;1;land;true;desert;5
6155;76;153;1;land;false;plains;5
6156;49;165;1;land;false;plains;5
6157;108;119;1;land;false;mountain;5
6158;49;138;1;land;true;desert;5
6159;52;101;1;land;true;plains;5
6160;73;131;1;land;false;hills;5
6161;95;162;1;land;false;desert;5
6162;247;92;1;land;false;urban;5
6163;231;98;1;land;false;plains;5
6164;245;134;1;land;false;plains;5
6165;206;82;1;land;false;plains;5
6166;243;134;1;land;false;plains;5
6167;251;96;1;land;false;hills;5
6168;224;106;1;land;false;hills;5
6169;220;81;1;land;false;plains;5
6170;238;80;1;land;false;plains;5
6171;252;128;1;land;false;urban;5
6172;203;130;1;land;false;plains;5
6173;222;97;1;land;false;urban;5
6174;208;121;1;land;false;plains;5
6175;229;126;1;land;false;plains;5
6176;225;128;1;land;false;hills;5
6177;241;139;1;land;false;plains;5
6178;207;106;1;land;false;plains;5
6179;229;87;1;land;false;plains;5
6180;218;122;1;land;false;plains;5
6181;204;87;1;land;false;plains;5
6182;237;83;1;land;false;forest;5
6183;252;111;1;land;false;plains;5
6184;227;120;1;land;false;plains;5
6185;213;111;1;land;false;hills;5
6186;238;88;1;land;false;urban;5
6187;225;144;1;land;false;plains;5
6188;229;132;1;land;false;plains;5
6189;246;97;1;land;false;hills;5
6190;205;118;1;land;false;plains;5
6191;217;97;1;land;false;plains;5
6192;228;77;1;land;false;plains;5
6193;243;95;1;land;false;hills;5
6194;254;88;1;land;false;plains;5
6195;230;74;1;land;false;plains;5
6196;221;127;1;land;false;plains;5
6197;229;119;1;land;false;plains;5
6198;224;148;1;land;false;hills;5
6199;225;95;1;land;false;plains;5
6200;231;134;1;land;false;plains;5
6201;225;120;1;land;false;plains;5
6202;254;7;1;land;false;urban;5
6203;236;42;1;land;false;urban;5
6204;209;36;1;land;false;forest;5
6205;218;40;1;land;false;forest;5
6206;187;10;1;land;false;forest;5
6207;211;55;1;land;false;plains;5
6208;224;30;1;land;false;forest;5
6209;233;10;1;land;false;urban;5
6210;230;41;1;land;false;plains;5
6211;189;44;1;land;false;forest;5
6212;226;50;1;land;false;forest;5
6213;217;43;1;land;false;plains;5
6214;168;62;1;land;false;hills;5
6215;197;108;1;land;false;hills;5
6216;199;78;1;land;false;hills;5
6217;170;69;1;land;true;plains;5
6218;139;100;1;land;false;plains;5
6219;163;60;1;land;false;plains;5
6220;206;122;1;land;false;hills;5
6221;130;103;1;land;true;plains;5
6222;139;124;1;land;false;hills;5
6223;201;95;1;land;true;hills;5
6224;197;68;1;land;true;plains;5
6225;150;74;1;land;false;hills;5
6226;137;84;1;land;false;hills;5
6227;187;62;1;land;false;hills;5
6228;188;50;1;land;false;hills;5
6229;175;95;1;land;true;plains;5
6230;180;69;1;land;true;plains;5
6231;22;188;1;land;false;forest;5
6232;71;240;1;land;false;urban;5
6233;50;203;1;land;false;urban;5
6234;84;203;1;land;false;plains;5
6235;55;230;1;land;false;hills;5
6236;119;204;1;land;false;plains;5
6237;114;245;1;land;false;urban;5
6238;124;221;1;land;false;plains;5
6239;121;250;1;land;false;hills;5
6240;96;233;1;land;false;forest;5
6241;64;233;1;land;false;plains;5
6242;75;198;1;land;false;mountain;5
6243;85;213;1;land;false;plains;5
6244;165;169;1;land;false;plains;5
6245;177;161;1;land;false;plains;5
6246;145;146;1;land;false;hills;5
6247;149;157;1;land;false;hills;5
6248;162;157;1;land;false;desert;5
6249;113;161;1;land;false;desert;5
6250;147;127;1;land;false;desert;5
6251;169;125;1;land;false;hills;5
6252;123;191;1;land;false;plains;5
6253;148;165;1;land;false;plains;5
6254;129;171;1;land;false;desert;5
6255;162;168;1;land;false;plains;5
6256;159;174;1;land;false;plains;5
6257;153;145;1;land;false;plains;5
6258;101;190;1;land;false;desert;5
6259;141;141;1;land;false;plains;5
6260;113;144;1;land;false;desert;5
6261;132;159;1;land;false;plains;5
6262;129;184;1;land;false;hills;5
6263;99;126;1;land;false;plains;5
6264;155;184;1;land;false;desert;5
6265;104;184;1;land;false;desert;5
6266;166;168;1;land;false;desert;5
6267;43;244;1;land;false;hills;5
6268;69;237;1;land;false;hills;5
6269;55;214;1;land;false;hills;5
6270;56;184;1;land;false;plains;5
6271;53;177;1;land;false;plains;5
6272;74;187;1;land;false;mountain;5
6273;62;245;1;land;false;plains;5
6274;67;234;1;land;false;plains;5
6275;18;212;1;land;false;plains;5
6276;71;241;1;land;false;plains;5
6277;76;245;1;land;false;mountain;5
6278;98;246;1;land;false;plains;5
6279;157;208;1;land;false;plains;5
6280;123;213;1;land;false;plains;5
6281;161;247;1;land;false;plains;5
6282;123;207;1;land;false;plains;5
6283;140;248;1;land;false;plains;5
6284;104;241;1;land;false;plains;5
6285;135;234;1;land;false;plains;5
6286;138;207;1;land;false;plains;5
6287;96;243;1;land;false;urban;5
6288;163;209;1;land;false;plains;5
6289;126;220;1;land;false;urban;5
6290;152;235;1;land;false;urban;5
6291;91;214;1;land;false;plains;5
6292;148;252;1;land;false;plains;5
6293;124;204;1;land;false;plains;5
6294;120;213;1;land;false;plains;5
6295;197;24;1;land;false;urban;5
6296;156;13;1;land;false;plains;5
6297;200;31;1;land;false;plains;5
6298;192;0;1;land;false;plains;5
6299;195;2;1;land;false;plains;5
6300;160;38;1;land;false;plains;5
6301;158;5;1;land;false;plains;5
6302;72;162;1;land;true;hills;5
6303;89;162;1;land;true;hills;5
6304;12;124;1;land;false;mountain;5
6305;62;169;1;land;true;hills;5
6306;41;139;1;land;true;mountain;5
6307;16;169;1;land;false;hills;5
6308;28;118;1;land;false;mountain;5
6309;79;104;1;land;true;mountain;5
6310;61;161;1;land;false;mountain;5
6311;63;146;1;land;false;hills;5
6312;37;206;1;land;false;hills;5
6313;69;200;1;land;false;desert;5
6314;98;220;1;land;false;hills;5
6315;70;185;1;land;false;plains;5
6316;97;222;1;land;false;hills;5
6317;66;208;1;land;false;hills;5
6318;64;195;1;land;false;mountain;5
6319;123;241;1;land;false;plains;5
6320;93;228;1;land;false;hills;5
6321;79;240;1;land;false;plains;5
6322;156;245;1;land;false;plains;5
6323;103;246;1;land;false;hills;5
6324;111;200;1;land;false;plains;5
6325;99;216;1;land;false;hills;5
6326;147;245;1;land;false;plains;5
6327;116;202;1;land;false;hills;5
6328;122;200;1;land;false;plains;5
6329;134;209;1;land;false;plains;5
6330;123;211;1;land;false;plains;5
6331;107;254;1;land;false;urban;5
6332;96;238;1;land;false;hills;5
6333;103;248;1;land;false;plains;5
6334;85;245;1;land;false;plains;5
6335;147;229;1;land;false;hills;5
6336;150;221;1;land;false;hills;5
6337;139;211;1;land;false;hills;5
6338;83;241;1;land;false;plains;5
6339;88;211;1;land;false;plains;5
6340;89;213;1;land;false;plains;5
6341;170;79;1;land;true;plains;5
6342;182;59;1;land;true;plains;5
6343;153;80;1;land;false;urban;5
6344;207;90;1;land;false;plains;5
6345;195;63;1;land;false;plains;5
6346;217;75;1;land;true;plains;5
6347;187;64;1;land;false;plains;5
6348;153;144;1;land;false;plains;5
6349;143;194;1;land;false;plains;5
6350;170;150;1;land;false;plains;5
6351;131;173;1;land;false;plains;5
6352;158;148;1;land;false;plains;5
6353;197;150;1;land;false;plains;5
6354;150;192;1;land;false;plains;5
6355;197;193;1;land;false;plains;5
6356;142;201;1;land;false;plains;5
6357;186;171;1;land;false;plains;5
6358;245;218;1;land;false;plains;5
6359;222;146;1;land;false;desert;5
6360;189;192;1;land;false;plains;5
6361;218;217;1;land;false;plains;5
6362;244;174;1;land;false;plains;5
6363;250;223;1;land;false;plains;5
6364;208;221;1;land;false;desert;5
6365;243;215;1;land;false;desert;5
6366;225;153;1;land;false;plains;5
6367;194;145;1;land;false;plains;5
6368;185;167;1;land;false;plains;5
6369;207;218;1;land;false;urban;5
6370;220;154;1;land;false;plains;5
6371;195;219;1;land;false;plains;5
6372;235;220;1;land;false;desert;5
6373;250;168;1;land;false;plains;5
6374;252;212;1;land;false;desert;5
6375;209;213;1;land;false;plains;5
6376;243;174;1;land;false;plains;5
6377;249;146;1;land;false;plains;5
6378;18;62;1;land;false;mountain;5
6379;12;65;1;land;false;mountain;5
6380;50;34;1;land;false;hills;5
6381;41;52;1;land;false;hills;5
6382;153;236;1;land;false;hills;5
6383;175;251;1;land;false;hills;5
6384;157;253;1;land;false;plains;5
6385;151;212;1;land;false;hills;5
6386;177;245;1;land;false;plains;5
6387;203;244;1;land;false;plains;5
6388;144;215;1;land;false;hills;5
6389;162;245;1;land;false;mountain;5
6390;197;252;1;land;false;urban;5
6391;174;215;1;land;false;hills;5
6392;193;121;1;land;true;plains;5
6393;160;77;1;land;true;hills;5
6394;213;105;1;land;true;hills;5
6395;208;133;1;land;false;hills;5
6396;156;116;1;land;false;mountain;5
6397;146;91;1;land;true;plains;5
6398;161;120;1;land;false;mountain;5
6399;188;87;1;land;false;mountain;5
6400;165;130;1;land;false;hills;5
6401;122;130;1;land;false;plains;5
6402;123;156;1;land;false;plains;5
6403;126;161;1;land;false;plains;5
6404;148;167;1;land;false;plains;5
6405;123;144;1;land;false;plains;5
6406;81;149;1;land;false;plains;5
6407;114;169;1;land;false;urban;5
6408;113;181;1;land;false;plains;5
6409;115;183;1;land;false;urban;5
6410;141;134;1;land;false;plains;5
6411;126;170;1;land;false;plains;5
6412;71;175;1;land;false;urban;5
6413;140;142;1;land;false;plains;5
6414;96;124;1;land;false;plains;5
6415;123;107;1;land;false;plains;5
6416;133;121;1;land;false;plains;5
6417;130;126;1;land;false;urban;5
6418;74;142;1;land;false;urban;5
6419;108;150;1;land;false;plains;5
6420;93;160;1;land;false;plains;5
6421;122;172;1;land;false;plains;5
6422;123;155;1;land;false;hills;5
6423;86;176;1;land;false;plains;5
6424;104;204;1;land;false;plains;5
6425;67;155;1;land;false;plains;5
6426;73;145;1;land;false;plains;5
6427;94;170;1;land;false;plains;5
6428;120;184;1;land;false;urban;5
6429;112;134;1;land;false;plains;5
6430;73;134;1;land;false;plains;5
6431;84;172;1;land;false;hills;5
6432;94;188;1;land;false;plains;5
6433;87;200;1;land;false;plains;5
6434;59;172;1;land;false;plains;5
6435;117;147;1;land;false;plains;5
6436;119;132;1;land;false;plains;5
6437;114;152;1;land;false;plains;5
6438;113;166;1;land;false;plains;5
6439;93;162;1;land;false;plains;5
6440;82;203;1;land;false;plains;5
6441;63;198;1;land;false;plains;5
6442;71;201;1;land;false;plains;5
6443;67;157;1;land;false;plains;5
6444;112;141;1;land;false;plains;5
6445;59;127;1;land;false;plains;5
6446;86;142;1;land;false;plains;5
6447;108;158;1;land;false;plains;5
6448;112;174;1;land;false;urban;5
6449;119;135;1;land;false;plains;5
6450;94;177;1;land;false;plains;5
6451;79;202;1;land;false;plains;5
6452;59;193;1;land;false;plains;5
6453;99;204;1;land;false;plains;5
6454;85;158;1;land;false;plains;5
6455;107;174;1;land;false;plains;5
6456;116;142;1;land;false;plains;5
6457;83;134;1;land;false;plains;5
6458;61;194;1;land;false;urban;5
6459;87;184;1;land;false;plains;5
6460;118;164;1;land;false;plains;5
6461;125;156;1;land;false;plains;5
6462;77;145;1;land;false;plains;5
6463;120;125;1;land;false;plains;5
6464;106;127;1;land;false;plains;5
6465;76;200;1;land;false;plains;5
6466;56;188;1;land;false;plains;5
6467;59;130;1;land;false;plains;5
6468;58;147;1;land;false;plains;5
6469;91;164;1;land;false;plains;5
6470;80;143;1;land;false;hills;5
6471;82;182;1;land;false;plains;5
6472;76;194;1;land;false;urban;5
6473;93;199;1;land;false;plains;5
6474;97;157;1;land;false;plains;5
6475;107;198;1;land;false;plains;5
6476;120;164;1;land;false;plains;5
6477;97;165;1;land;false;plains;5
6478;112;183;1;land;false;plains;5
6479;66;187;1;land;false;plains;5
6480;51;204;1;land;false;plains;5
6481;87;127;1;land;false;plains;5
6482;102;131;1;land;false;plains;5
6483;54;165;1;land;false;plains;5
6484;117;154;1;land;false;plains;5
6485;60;202;1;land;false;plains;5
6486;123;175;1;land;false;plains;5
6487;59;174;1;land;false;plains;5
6488;124;169;1;land;false;plains;5
6489;80;170;1;land;false;plains;5
6490;161;185;1;land;false;plains;5
6491;161;172;1;land;false;plains;5
6492;95;207;1;land;false;plains;5
6493;129;216;1;land;false;plains;5
6494;153;171;1;land;false;urban;5
6495;113;147;1;land;false;urban;5
6496;139;196;1;land;false;plains;5
6497;104;178;1;land;false;plains;5
6498;127;162;1;land;false;plains;5
6499;129;90;1;land;false;plains;5
6500;153;33;1;land;false;plains;5
6501;175;53;1;land;false;plains;5
6502;149;77;1;land;false;plains;5
6503;113;70;1;land;false;plains;5
6504;128;39;1;land;false;plains;5
6505;166;36;1;land;false;plains;5
6506;159;63;1;land;false;urban;5
6507;177;68;1;land;false;plains;5
6508;149;33;1;land;false;urban;5
6509;147;57;1;land;false;plains;5
6510;153;39;1;land;false;plains;5
6511;167;50;1;land;false;plains;5
6512;151;100;1;land;false;plains;5
6513;135;77;1;land;false;hills;5
6514;159;39;1;land;false;plains;5
6515;164;87;1;land;false;plains;5
6516;182;92;1;land;false;plains;5
6517;180;95;1;land;false;urban;5
6518;147;92;1;land;false;urban;5
6519;28;55;1;land;false;plains;5
6520;35;62;1;land;false;forest;5
6521;34;49;1;land;false;urban;5
6522;52;23;1;land;false;urban;5
6523;64;9;1;land;false;forest;5
6524;106;77;1;land;false;forest;5
6525;107;21;1;land;false;forest;5
6526;44;79;1;land;false;forest;5
6527;81;72;1;land;false;forest;5
6528;66;18;1;land;false;forest;5
6529;86;56;1;land;false;forest;5
6530;93;80;1;land;false;forest;5
6531;102;81;1;land;false;urban;5
6532;81;50;1;land;false;plains;5
6533;85;35;1;land;false;plains;5
6534;67;36;1;land;false;plains;5
6535;29;72;1;land;false;forest;5
6536;60;13;1;land;false;forest;5
6537;55;78;1;land;false;forest;5
6538;50;80;1;land;false;urban;5
6539;48;72;1;land;false;urban;5
6540;62;34;1;land;false;urban;5
6541;91;64;1;land;false;urban;5
6542;117;31;1;land;false;hills;5
6543;151;34;1;land;false;plains;5
6544;183;46;1;land;true;plains;5
6545;179;43;1;land;false;plains;5
6546;151;10;1;land;false;hills;5
6547;151;47;1;land;false;urban;5
6548;115;29;1;land;true;plains;5
6549;136;45;1;land;false;urban;5
6550;121;37;1;land;false;hills;5
6551;169;29;1;land;true;urban;5
6552;117;45;1;land;false;hills;5
6553;127;17;1;land;false;hills;5
6554;171;3;1;land;true;urban;5
6555;187;24;1;land;false;plains;5
6556;139;45;1;land;true;plains;5
6557;180;5;1;land;true;hills;5
6558;220;108;1;land;true;plains;5
6559;242;64;1;land;false;plains;5
6560;224;88;1;land;false;urban;5
6561;250;63;1;land;false;plains;5
6562;220;128;1;land;false;plains;5
6563;200;83;1;land;false;urban;5
6564;249;222;1;land;false;plains;5
6565;245;202;1;land;false;forest;5
6566;227;220;1;land;true;plains;5
6567;199;192;1;land;true;forest;5
6568;200;217;1;land;true;plains;5
6569;242;239;1;land;true;plains;5
6570;229;216;1;land;false;plains;5
6571;246;238;1;land;false;forest;5
6572;213;205;1;land;true;plains;5
6573;208;244;1;land;false;forest;5
6574;191;176;1;land;true;urban;5
6575;252;175;1;land;true;urban;5
6576;177;88;1;land;false;plains;5
6577;108;78;1;land;false;hills;5
6578;130;106;1;land;false;plains;5
6579;132;55;1;land;false;urban;5
6580;171;59;1;land;false;hills;5
6581;165;40;1;land;false;plains;5
6582;101;101;1;land;false;plains;5
6583;99;81;1;land;false;plains;5
6584;138;80;1;land;false;plains;5
6585;147;36;1;land;false;plains;5
6586;103;64;1;land;false;plains;5
6587;141;78;1;land;false;plains;5
6588;159;50;1;land;false;hills;5
6589;120;55;1;land;false;hills;5
6590;155;77;1;land;false;plains;5
6591;132;36;1;land;false;plains;5
6592;126;49;1;land;false;plains;5
6593;171;100;1;land;false;forest;5
6594;135;66;1;land;false;hills;5
6595;88;109;1;land;false;hills;5
6596;99;67;1;land;true;plains;5
6597;50;85;1;land;false;hills;5
6598;79;76;1;land;false;plains;5
6599;61;80;1;land;true;hills;5
6600;55;74;1;land;true;hills;5
6601;114;72;1;land;false;hills;5
6602;54;39;1;land;true;plains;5
6603;79;81;1;land;false;hills;5
6604;62;168;1;land;false;urban;5
6605;100;155;1;land;false;plains;5
6606;62;141;1;land;false;plains;5
6607;117;161;1;land;false;plains;5
6608;58;96;1;land;false;urban;5
6609;54;146;1;land;false;urban;5
6610;82;133;1;land;false;urban;5
6611;112;99;1;land;false;plains;5
6612;109;148;1;land;true;urban;5
6613;126;116;1;land;false;plains;5
6614;68;109;1;land;false;urban;5
6615;116;151;1;land;true;plains;5
6616;116;174;1;land;false;plains;5
6617;115;96;1;land;false;urban;5
6618;72;101;1;land;false;plains;5
6619;84;97;1;land;false;plains;5
6620;119;125;1;land;false;urban;5
6621;110;155;1;land;false;plains;5
6622;114;149;1;land;true;plains;5
6623;81;163;1;land;true;urban;5
6624;150;172;1;land;true;plains;5
6625;148;146;1;land;false;urban;5
6626;147;157;1;land;false;plains;5
6627;101;171;1;land;false;urban;5
6628;88;160;1;land;false;plains;5
6629;98;162;1;land;true;urban;5
6630;131;157;1;land;false;plains;5
6631;106;164;1;land;false;urban;5
6632;100;150;1;land;true;urban;5
6633;118;135;1;land;false;plains;5
6634;136;111;1;land;false;plains;5
6635;154;161;1;land;false;plains;5
6636;124;152;1;land;false;plains;5
6637;90;119;1;land;true;plains;5
6638;127;160;1;land;false;plains;5
6639;111;152;1;land;false;urban;5
6640;121;125;1;land;false;urban;5
6641;159;32;1;land;false;plains;5
6642;125;1;1;land;false;plains;5
6643;139;41;1;land;false;plains;5
6644;90;16;1;land;false;plains;5
6645;95;32;1;land;false;plains;5
6646;118;7;1;land;false;plains;5
6647;157;25;1;land;false;urban;5
6648;167;28;1;land;false;plains;5
6649;153;24;1;land;false;urban;5
6650;147;32;1;land;false;plains;5
6651;151;36;1;land;false;plains;5
6652;147;26;1;land;false;plains;5
6653;111;31;1;land;false;plains;5
6654;134;26;1;land;false;plains;5
6655;155;40;1;land;false;plains;5
6656;160;41;1;land;false;urban;5
6657;138;25;1;land;false;plains;5
6658;145;20;1;land;false;plains;5
6659;101;14;1;land;false;plains;5
6660;82;83;1;land;false;mountain;5
6661;49;32;1;land;false;hills;5
6662;56;47;1;land;false;hills;5
6663;112;60;1;land;false;hills;5
6664;52;44;1;land;false;hills;5
6665;94;52;1;land;false;hills;5
6666;77;74;1;land;false;mountain;5
6667;50;35;1;land;false;hills;5
6668;85;63;1;land;false;hills;5
6669;65;172;1;land;false;plains;5
6670;101;157;1;land;false;plains;5
6671;106;193;1;land;false;plains;5
6672;114;194;1;land;false;forest;5
6673;107;154;1;land;false;plains;5
6674;92;156;1;land;false;plains;5
6675;117;159;1;land;false;forest;5
6676;132;129;1;land;false;plains;5
6677;121;136;1;land;false;plains;5
6678;133;194;1;land;false;forest;5
6679;77;158;1;land;false;plains;5
6680;69;154;1;land;false;plains;5
6681;63;177;1;land;false;plains;5
6682;109;131;1;land;false;plains;5
6683;111;193;1;land;false;plains;5
6684;102;172;1;land;false;plains;5
6685;99;183;1;land;false;plains;5
6686;61;145;1;land;false;plains;5
6687;81;129;1;land;false;plains;5
6688;94;193;1;land;false;plains;5
6689;84;233;1;land;false;plains;5
6690;76;231;1;land;false;hills;5
6691;135;252;1;land;false;mountain;5
6692;114;211;1;land;false;hills;5
6693;82;243;1;land;false;hills;5
6694;144;188;1;land;false;plains;5
6695;134;248;1;land;false;hills;5
6696;66;220;1;land;false;mountain;5
6697;120;216;1;land;false;plains;5
6698;88;223;1;land;false;hills;5
6699;85;254;1;land;false;hills;5
6700;76;222;1;land;false;plains;5
6701;72;192;1;land;false;plains;5
6702;95;213;1;land;false;hills;5
6703;170;214;1;land;false;hills;5
6704;217;223;1;land;true;desert;5
6705;220;215;1;land;false;hills;5
6706;215;251;1;land;false;desert;5
6707;233;248;1;land;true;desert;5
6708;165;245;1;land;false;mountain;5
6709;201;216;1;land;false;desert;5
6710;234;244;1;land;true;desert;5
6711;158;228;1;land;false;desert;5
6712;188;254;1;land;true;desert;5
6713;231;213;1;land;false;plains;5
6714;157;218;1;land;false;plains;5
6715;166;240;1;land;false;desert;5
6716;227;228;1;land;false;desert;5
6717;194;253;1;land;false;desert;5
6718;179;220;1;land;true;hills;5
6719;188;240;1;land;false;mountain;5
6720;178;216;1;land;false;mountain;5
6721;155;212;1;land;false;desert;5
6722;230;144;1;land;false;urban;5
6723;221;85;1;land;false;plains;5
6724;188;124;1;land;false;plains;5
6725;225;80;1;land;false;plains;5
6726;200;105;1;land;false;urban;5
6727;232;148;1;land;false;plains;5
6728;226;141;1;land;false;plains;5
6729;212;78;1;land;false;plains;5
6730;200;72;1;land;false;plains;5
6731;230;115;1;land;false;plains;5
6732;226;137;1;land;false;plains;5
6733;216;129;1;land;false;urban;5
6734;212;105;1;land;false;plains;5
6735;208;144;1;land;false;urban;5
6736;238;119;1;land;false;desert;5
6737;248;150;1;land;false;plains;5
6738;55;167;1;land;true;urban;5
6739;126;133;1;land;false;plains;5
6740;64;104;1;land;false;plains;5
6741;61;136;1;land;true;urban;5
6742;56;94;1;land;true;plains;5
6743;81;147;1;land;false;urban;5
6744;115;130;1;land;true;plains;5
6745;75;164;1;land;true;plains;5
6746;85;169;1;land;true;plains;5
6747;115;162;1;land;true;plains;5
6748;218;102;1;land;false;plains;5
6749;225;81;1;land;false;hills;5
6750;207;55;1;land;false;mountain;5
6751;240;112;1;land;false;hills;5
6752;210;131;1;land;false;plains;5
6753;217;68;1;land;false;plains;5
6754;197;81;1;land;false;plains;5
6755;230;113;1;land;false;mountain;5
6756;190;88;1;land;false;plains;5
6757;219;98;1;land;false;hills;5
6758;225;114;1;land;false;hills;5
6759;220;107;1;land;false;hills;5
6760;244;59;1;land;false;plains;5
6761;196;62;1;land;false;hills;5
6762;220;66;1;land;false;mountain;5
6763;209;100;1;land;false;plains;5
6764;247;114;1;land;false;hills;5
6765;212;130;1;land;false;plains;5
6766;242;118;1;land;false;mountain;5
6767;252;119;1;land;false;plains;5
6768;245;91;1;land;false;plains;5
6769;229;103;1;land;false;plains;5
6770;200;88;1;land;false;plains;5
6771;209;64;1;land;false;plains;5
6772;214;93;1;land;false;plains;5
6773;193;53;1;land;false;hills;5
6774;193;94;1;land;false;mountain;5
6775;212;67;1;land;false;mountain;5
6776;220;91;1;land;false;plains;5
6777;213;86;1;land;false;mountain;5
6778;211;98;1;land;false;mountain;5
6779;199;126;1;land;false;hills;5
6780;194;97;1;land;false;plains;5
6781;190;86;1;land;false;plains;5
6782;199;94;1;land;false;plains;5
6783;131;67;1;land;false;plains;5
6784;93;81;1;land;false;plains;5
6785;65;16;1;land;false;hills;5
6786;113;85;1;land;false;plains;5
6787;131;18;1;land;false;plains;5
6788;108;87;1;land;false;plains;5
6789;121;86;1;land;false;hills;5
6790;82;87;1;land;false;hills;5
6791;220;188;1;land;false;hills;5
6792;191;143;1;land;false;mountain;5
6793;214;153;1;land;false;mountain;5
6794;221;132;1;land;true;plains;5
6795;239;114;1;land;false;urban;5
6796;225;61;1;land;false;plains;5
6797;242;134;1;land;false;plains;5
6798;213;100;1;land;false;plains;5
6799;218;110;1;land;false;plains;5
6800;207;120;1;land;true;plains;5
6801;204;93;1;land;false;plains;5
6802;234;65;1;land;false;plains;5
6803;252;116;1;land;false;urban;5
6804;7;109;1;land;false;plains;5
6805;12;105;1;land;false;urban;5
6806;15;80;1;land;false;plains;5
6807;24;80;1;land;false;plains;5
6808;23;72;1;land;false;plains;5
6809;4;75;1;land;false;plains;5
6810;23;77;1;land;false;plains;5
6811;9;119;1;land;false;plains;5
6812;14;135;1;land;false;desert;5
6813;56;110;1;land;false;urban;5
6814;29;127;1;land;false;desert;5
6815;40;73;1;land;false;urban;5
6816;4;70;1;land;false;plains;5
6817;38;97;1;land;false;plains;5
6818;41;129;1;land;false;plains;5
6819;50;96;1;land;false;plains;5
6820;36;88;1;land;false;plains;5
6821;10;74;1;land;false;plains;5
6822;60;134;1;land;false;urban;5
6823;26;94;1;land;false;urban;5
6824;6;119;1;land;false;desert;5
6825;20;185;1;land;false;forest;5
6826;31;235;1;land;false;plains;5
6827;25;246;1;land;false;urban;5
6828;21;222;1;land;false;plains;5
6829;57;189;1;land;false;plains;5
6830;33;207;1;land;false;urban;5
6831;22;194;1;land;false;plains;5
6832;65;238;1;land;false;plains;5
6833;51;221;1;land;false;forest;5
6834;65;243;1;land;false;urban;5
6835;9;233;1;land;false;urban;5
6836;24;219;1;land;false;hills;5
6837;58;53;1;land;false;hills;5
6838;106;5;1;land;false;hills;5
6839;54;48;1;land;false;plains;5
6840;100;30;1;land;false;hills;5
6841;48;22;1;land;false;urban;5
6842;62;58;1;land;false;plains;5
6843;112;26;1;land;false;plains;5
6844;114;47;1;land;false;urban;5
6845;82;32;1;land;false;plains;5
6846;155;65;1;land;false;plains;5
6847;138;33;1;land;false;plains;5
6848;155;19;1;land;false;urban;5
6849;81;93;1;land;false;urban;5
6850;128;59;1;land;false;plains;5
6851;81;52;1;land;false;urban;5
6852;131;80;1;land;false;plains;5
6853;133;86;1;land;false;plains;5
6854;145;74;1;land;false;plains;5
6855;127;70;1;land;false;urban;5
6856;84;46;1;land;false;plains;5
6857;85;69;1;land;false;urban;5
6858;158;79;1;land;false;urban;5
6859;147;66;1;land;false;plains;5
6860;116;15;1;land;false;plains;5
6861;100;27;1;land;false;plains;5
6862;147;94;1;land;false;plains;5
6863;59;97;1;land;false;forest;5
6864;40;77;1;land;false;urban;5
6865;76;64;1;land;false;urban;5
6866;75;97;1;land;false;forest;5
6867;59;61;1;land;false;plains;5
6868;107;48;1;land;false;forest;5
6869;85;31;1;land;false;plains;5
6870;80;101;1;land;false;forest;5
6871;93;94;1;land;false;urban;5
6872;16;23;1;land;false;plains;5
6873;8;62;1;land;false;plains;5
6874;68;45;1;land;false;plains;5
6875;55;16;1;land;false;hills;5
6876;35;87;1;land;false;plains;5
6877;68;32;1;land;false;plains;5
6878;20;53;1;land;false;hills;5
6879;15;31;1;land;false;plains;5
6880;54;73;1;land;false;plains;5
6881;23;91;1;land;false;hills;5
6882;32;71;1;land;false;hills;5
6883;45;20;1;land;false;plains;5
6884;70;45;1;land;false;hills;5
6885;41;235;1;land;false;plains;5
6886;69;229;1;land;false;plains;5
6887;83;204;1;land;false;plains;5
6888;88;201;1;land;false;plains;5
6889;101;219;1;land;false;hills;5
6890;56;239;1;land;false;mountain;5
6891;86;215;1;land;false;plains;5
6892;16;254;1;land;false;plains;5
6893;45;217;1;land;false;plains;5
6894;38;212;1;land;false;plains;5
6895;34;196;1;land;false;plains;5
6896;9;247;1;land;false;urban;5
6897;38;210;1;land;false;plains;5
6898;34;242;1;land;false;urban;5
6899;4;230;1;land;false;urban;5
6900;14;191;1;land;false;plains;5
6901;22;227;1;land;false;plains;5
6902;23;231;1;land;false;plains;5
6903;44;237;1;land;false;urban;5
6904;24;223;1;land;false;plains;5
6905;67;195;1;land;false;plains;5
6906;35;187;1;land;false;forest;5
6907;22;183;1;land;false;urban;5
6908;205;7;1;land;false;plains;5
6909;196;25;1;land;false;plains;5
6910;233;5;1;land;false;plains;5
6911;206;37;1;land;false;plains;5
6912;173;2;1;land;false;plains;5
6913;238;25;1;land;false;plains;5
6914;250;1;1;land;false;plains;5
6915;249;6;1;land;false;plains;5
6916;188;40;1;land;false;plains;5
6917;239;32;1;land;false;plains;5
6918;209;4;1;land;false;plains;5
6919;219;33;1;land;false;plains;5
6920;250;7;1;land;false;plains;5
6921;225;22;1;land;false;plains;5
6922;174;97;1;land;false;plains;5
6923;102;84;1;land;false;plains;5
6924;179;100;1;land;false;plains;5
6925;156;82;1;land;true;urban;5
6926;157;108;1;land;true;urban;5
6927;153;109;1;land;false;plains;5
6928;163;100;1;land;false;urban;5
6929;176;60;1;land;false;plains;5
6930;147;81;1;land;false;plains;5
6931;175;78;1;land;false;plains;5
6932;132;96;1;land;false;hills;5
6933;121;51;1;land;false;plains;5
6934;176;101;1;land;false;urban;5
6935;149;69;1;land;true;plains;5
6936;174;110;1;land;true;urban;5
6937;110;121;1;land;false;plains;5
6938;152;101;1;land;true;forest;5
6939;42;36;1;land;false;hills;5
6940;15;26;1;land;false;plains;5
6941;78;52;1;land;false;hills;5
6942;72;62;1;land;false;hills;5
6943;200;226;1;land;false;plains;5
6944;196;225;1;land;false;plains;5
6945;209;251;1;land;false;plains;5
6946;254;240;1;land;false;hills;5
6947;107;76;1;land;false;plains;5
6948;70;84;1;land;false;urban;5
6949;116;77;1;land;false;urban;5
6950;122;80;1;land;false;urban;5
6951;95;124;1;land;false;plains;5
6952;70;132;1;land;false;plains;5
6953;44;174;1;land;false;urban;5
6954;41;237;1;land;false;plains;5
6955;88;226;1;land;false;urban;5
6956;85;230;1;land;false;plains;5
6957;29;233;1;land;false;plains;5
6958;86;183;1;land;false;urban;5
6959;49;236;1;land;false;plains;5
6960;45;228;1;land;false;plains;5
6961;15;175;1;land;false;plains;5
6962;120;82;1;land;false;urban;5
6963;123;70;1;land;false;plains;5
6964;129;92;1;land;false;plains;5
6965;134;137;1;land;false;plains;5
6966;172;116;1;land;false;plains;5
6967;138;135;1;land;false;plains;5
6968;157;77;1;land;false;urban;5
6969;134;92;1;land;false;plains;5
6970;136;112;1;land;false;plains;5
6971;131;129;1;land;false;plains;5
6972;136;96;1;land;false;plains;5
6973;147;121;1;land;false;plains;5
6974;177;116;1;land;false;plains;5
6975;178;101;1;land;false;plains;5
6976;113;110;1;land;false;plains;5
6977;152;111;1;land;false;plains;5
6978;159;119;1;land;false;plains;5
6979;141;119;1;land;false;plains;5
6980;157;135;1;land;false;plains;5
6981;168;77;1;land;false;urban;5
6982;119;137;1;land;false;plains;5
6983;133;147;1;land;false;plains;5
6984;124;84;1;land;false;plains;5
6985;137;112;1;land;false;urban;5
6986;154;72;1;land;false;plains;5
6987;147;79;1;land;false;plains;5
6988;124;98;1;land;false;urban;5
6989;155;126;1;land;false;plains;5
6990;228;141;1;land;false;urban;5
6991;201;137;1;land;false;plains;5
6992;211;133;1;land;false;urban;5
6993;237;194;1;land;false;plains;5
6994;195;199;1;land;false;plains;5
6995;232;199;1;land;false;plains;5
6996;209;155;1;land;false;urban;5
6997;207;176;1;land;false;urban;5
6998;210;192;1;land;false;plains;5
6999;108;107;1;land;false;forest;5
7000;119;158;1;land;false;urban;5
7001;81;117;1;land;false;urban;5
7002;88;127;1;land;false;plains;5
7003;98;132;1;land;false;urban;5
7004;63;103;1;land;false;forest;5
7005;118;110;1;land;false;plains;5
7006;85;104;1;land;false;plains;5
7007;123;100;1;land;false;urban;5
7008;99;101;1;land;false;plains;5
7009;109;102;1;land;false;plains;5
7010;123;104;1;land;false;plains;5
7011;109;152;1;land;false;urban;5
7012;112;97;1;land;false;plains;5
7013;103;101;1;land;false;urban;5
7014;139;106;1;land;false;plains;5
7015;119;126;1;land;false;plains;5
7016;90;147;1;land;false;plains;5
7017;17;229;1;land;false;plains;5
7018;40;237;1;land;true;plains;5
7019;0;245;1;land;false;hills;5
7020;12;199;1;land;false;hills;5
7021;29;219;1;land;true;plains;5
7022;4;242;1;land;false;plains;5
7023;38;213;1;land;false;hills;5
7024;39;209;1;land;false;plains;5
7025;21;217;1;land;true;plains;5
7026;42;205;1;land;true;hills;5
7027;37;243;1;land;false;plains;5
7028;9;216;1;land;true;urban;5
7029;15;207;1;land;true;plains;5
7030;218;30;1;land;true;plains;5
7031;224;73;1;land;true;plains;5
7032;201;6;1;land;true;plains;5
7033;161;38;1;land;true;plains;5
7034;156;49;1;land;true;urban;5
7035;251;125;1;land;false;forest;5
7036;199;98;1;land;false;plains;5
7037;213;53;1;land;false;urban;5
7038;208;96;1;land;false;plains;5
7039;222;98;1;land;false;urban;5
7040;232;127;1;land;false;forest;5
7041;220;94;1;land;false;plains;5
7042;211;96;1;land;false;plains;5
7043;219;69;1;land;false;plains;5
7044;252;52;1;land;false;plains;5
7045;247;59;1;land;false;urban;5
7046;206;50;1;land;false;plains;5
7047;225;118;1;land;false;plains;5
7048;217;77;1;land;false;plains;5
7049;217;221;1;land;false;forest;5
7050;216;231;1;land;false;forest;5
7051;162;207;1;land;false;forest;5
7052;189;216;1;land;false;forest;5
7053;211;197;1;land;false;forest;5
7054;216;217;1;land;false;urban;5
7055;192;186;1;land;false;forest;5
7056;227;213;1;land;false;forest;5
7057;212;201;1;land;false;forest;5
7058;150;107;1;land;false;plains;5
7059;144;100;1;land;false;desert;5
7060;42;1;1;land;false;hills;5
7061;0;41;1;land;false;plains;5
7062;41;38;1;land;false;plains;5
7063;25;14;1;land;false;mountain;5
7064;60;48;1;land;false;mountain;5
7065;26;6;1;land;false;plains;5
7066;25;44;1;land;false;hills;5
7067;38;20;1;land;false;mountain;5
7068;22;45;1;land;false;hills;5
7069;10;45;1;land;false;mountain;5
7070;43;37;1;land;false;urban;5
7071;6;7;1;land;false;plains;5
7072;20;30;1;land;false;hills;5
7073;196;26;1;land;false;forest;5
7074;216;10;1;land;false;urban;5
7075;237;26;1;land;false;plains;5
7076;194;9;1;land;false;urban;5
7077;201;24;1;land;false;urban;5
7078;237;31;1;land;false;forest;5
7079;193;28;1;land;false;urban;5
7080;214;14;1;land;false;plains;5
7081;244;60;1;land;false;urban;5
7082;223;53;1;land;false;forest;5
7083;194;20;1;land;false;urban;5
7084;237;33;1;land;false;urban;5
7085;243;38;1;land;false;urban;5
7086;196;73;1;land;false;forest;5
7087;41;216;1;land;false;urban;5
7088;36;233;1;land;false;urban;5
7089;41;246;1;land;false;plains;5
7090;70;240;1;land;false;urban;5
7091;38;228;1;land;false;urban;5
7092;62;241;1;land;false;plains;5
7093;47;238;1;land;false;plains;5
7094;65;245;1;land;false;urban;5
7095;42;239;1;land;false;plains;5
7096;64;230;1;land;false;urban;5
7097;166;85;1;land;false;plains;5
7098;126;79;1;land;false;urban;5
7099;136;50;1;land;false;plains;5
7100;162;17;1;land;false;plains;5
7101;137;70;1;land;false;hills;5
7102;144;68;1;land;false;plains;5
7103;140;36;1;land;false;urban;5
7104;120;90;1;land;false;plains;5
7105;139;88;1;land;false;urban;5
7106;135;22;1;land;false;hills;5
7107;124;80;1;land;false;hills;5
7108;96;23;1;land;false;urban;5
7109;119;17;1;land;false;plains;5
7110;153;47;1;land;false;plains;5
7111;138;57;1;land;false;urban;5
7112;111;68;1;land;false;plains;5
7113;111;17;1;land;false;plains;5
7114;94;73;1;land;false;urban;5
7115;171;30;1;land;false;plains;5
7116;148;36;1;land;false;plains;5
7117;117;44;1;land;false;plains;5
7118;67;205;1;land;false;plains;5
7119;127;157;1;land;false;plains;5
7120;107;200;1;land;false;hills;5
7121;107;176;1;land;false;urban;5
7122;128;190;1;land;false;hills;5
7123;111;168;1;land;false;plains;5
7124;210;208;1;land;false;hills;5
7125;189;241;1;land;true;plains;5
7126;218;205;1;land;false;mountain;5
7127;186;208;1;land;false;hills;5
7128;165;236;1;land;true;hills;5
7129;213;215;1;land;false;hills;5
7130;224;240;1;land;true;desert;5
7131;84;106;1;land;false;plains;5
7132;11;126;1;land;false;plains;5
7133;71;80;1;land;false;plains;5
7134;51;110;1;land;false;urban;5
7135;69;144;1;land;false;plains;5
7136;15;125;1;land;false;hills;5
7137;37;68;1;land;false;plains;5
7138;52;120;1;land;false;plains;5
7139;39;71;1;land;false;plains;5
7140;10;115;1;land;false;urban;5
7141;35;128;1;land;false;plains;5
7142;59;69;1;land;false;urban;5
7143;70;71;1;land;false;plains;5
7144;60;117;1;land;false;plains;5
7145;34;132;1;land;false;plains;5
7146;70;136;1;land;false;hills;5
7147;33;108;1;land;false;plains;5
7148;56;117;1;land;false;plains;5
7149;83;137;1;land;false;plains;5
7150;23;121;1;land;false;plains;5
7151;85;80;1;land;false;plains;5
7152;44;148;1;land;false;hills;5
7153;71;129;1;land;false;urban;5
7154;78;120;1;land;false;plains;5
7155;68;142;1;land;false;plains;5
7156;36;110;1;land;false;plains;5
7157;54;94;1;land;false;plains;5
7158;76;109;1;land;false;plains;5
7159;81;138;1;land;false;urban;5
7160;52;110;1;land;false;plains;5
7161;83;69;1;land;false;plains;5
7162;75;111;1;land;false;plains;5
7163;28;82;1;land;false;plains;5
7164;9;90;1;land;false;plains;5
7165;83;95;1;land;false;hills;5
7166;143;181;1;land;false;hills;5
7167;92;238;1;land;false;hills;5
7168;135;241;1;land;false;forest;5
7169;101;193;1;land;false;hills;5
7170;93;236;1;land;false;forest;5
7171;87;227;1;land;false;hills;5
7172;237;198;1;land;false;plains;5
7173;195;251;1;land;false;plains;5
7174;193;232;1;land;false;plains;5
7175;214;239;1;land;false;plains;5
7176;236;236;1;land;false;plains;5
7177;232;192;1;land;false;plains;5
7178;206;240;1;land;false;plains;5
7179;30;70;1;land;false;plains;5
7180;58;59;1;land;false;plains;5
7181;72;110;1;land;false;desert;5
7182;39;119;1;land;false;urban;5
7183;87;68;1;land;false;plains;5
7184;56;123;1;land;false;desert;5
7185;40;70;1;land;false;desert;5
7186;53;67;1;land;false;desert;5
7187;34;63;1;land;false;desert;5
7188;93;121;1;land;false;desert;5
7189;33;93;1;land;false;urban;5
7190;89;59;1;land;false;plains;5
7191;51;107;1;land;false;desert;5
7192;133;73;1;land;false;mountain;5
7193;175;56;1;land;false;mountain;5
7194;174;19;1;land;false;mountain;5
7195;144;73;1;land;false;mountain;5
7196;110;28;1;land;false;mountain;5
7197;137;47;1;land;false;mountain;5
7198;143;55;1;land;false;mountain;5
7199;150;92;1;land;false;mountain;5
7200;128;46;1;land;false;mountain;5
7201;151;55;1;land;false;hills;5
7202;169;64;1;land;false;mountain;5
7203;156;18;1;land;false;mountain;5
7204;157;45;1;land;false;mountain;5
7205;151;19;1;land;false;mountain;5
7206;165;55;1;land;false;mountain;5
7207;93;26;1;land;false;plains;5
7208;44;35;1;land;false;plains;5
7209;56;31;1;land;false;plains;5
7210;22;48;1;land;false;plains;5
7211;35;39;1;land;false;plains;5
7212;32;58;1;land;false;plains;5
7213;57;23;1;land;false;hills;5
7214;77;40;1;land;false;plains;5
7215;61;10;1;land;false;plains;5
7216;149;118;1;land;false;plains;5
7217;151;149;1;land;false;desert;5
7218;187;115;1;land;false;plains;5
7219;188;152;1;land;false;plains;5
7220;139;116;1;land;false;hills;5
7221;188;140;1;land;false;plains;5
7222;173;146;1;land;false;plains;5
7223;142;137;1;land;false;plains;5
7224;159;179;1;land;false;plains;5
7225;211;186;1;land;false;desert;5
7226;216;138;1;land;false;plains;5
7227;216;157;1;land;false;hills;5
7228;216;167;1;land;false;desert;5
7229;196;116;1;land;false;urban;5
7230;137;157;1;land;false;plains;5
7231;174;130;1;land;false;hills;5
7232;182;111;1;land;false;plains;5
7233;139;158;1;land;false;desert;5
7234;143;150;1;land;false;plains;5
7235;186;111;1;land;false;plains;5
7236;169;149;1;land;false;plains;5
7237;145;160;1;land;false;hills;5
7238;214;177;1;land;false;plains;5
7239;198;170;1;land;false;plains;5
7240;175;130;1;land;false;hills;5
7241;177;157;1;land;false;hills;5
7242;208;161;1;land;false;hills;5
7243;158;140;1;land;false;plains;5
7244;157;155;1;land;false;urban;5
7245;223;245;1;land;true;plains;5
7246;237;217;1;land;true;plains;5
7247;251;251;1;land;true;plains;5
7248;226;218;1;land;false;plains;5
7249;224;253;1;land;true;urban;5
7250;241;222;1;land;true;plains;5
7251;212;220;1;land;false;urban;5
7252;169;138;1;land;false;plains;5
7253;189;127;1;land;false;desert;5
7254;209;139;1;land;false;desert;5
7255;210;130;1;land;false;plains;5
7256;215;105;1;land;false;desert;5
7257;216;123;1;land;false;urban;5
7258;192;143;1;land;false;plains;5
7259;197;156;1;land;false;desert;5
7260;186;150;1;land;false;plains;5
7261;192;122;1;land;false;desert;5
7262;235;137;1;land;false;desert;5
7263;225;130;1;land;false;plains;5
7264;221;148;1;land;false;desert;5
7265;177;144;1;land;false;desert;5
7266;208;158;1;land;false;plains;5
7267;196;94;1;land;false;desert;5
7268;184;94;1;land;false;plains;5
7269;185;120;1;land;false;plains;5
7270;49;240;1;land;false;plains;5
7271;48;216;1;land;false;urban;5
7272;13;193;1;land;true;plains;5
7273;11;227;1;land;false;urban;5
7274;48;233;1;land;true;plains;5
7275;12;245;1;land;true;plains;5
7276;18;201;1;land;false;urban;5
7277;22;250;1;land;false;urban;5
7278;7;218;1;land;true;plains;5
7279;13;223;1;land;false;urban;5
7280;26;49;1;land;false;plains;5
7281;66;28;1;land;false;plains;5
7282;6;62;1;land;false;plains;5
7283;46;84;1;land;false;plains;5
7284;25;76;1;land;false;plains;5
7285;21;72;1;land;false;plains;5
7286;38;67;1;land;false;plains;5
7287;27;97;1;land;false;urban;5
7288;43;106;1;land;false;plains;5
7289;62;85;1;land;false;plains;5
7290;1;62;1;land;false;plains;5
7291;9;84;1;land;false;urban;5
7292;4;93;1;land;false;plains;5
7293;43;140;1;land;false;plains;5
7294;20;68;1;land;false;urban;5
7295;43;124;1;land;false;plains;5
7296;53;145;1;land;false;plains;5
7297;47;104;1;land;false;plains;5
7298;95;80;1;land;false;plains;5
7299;64;75;1;land;false;plains;5
7300;85;145;1;land;false;plains;5
7301;87;123;1;land;false;urban;5
7302;57;80;1;land;false;urban;5
7303;54;250;1;land;false;plains;5
7304;19;244;1;land;false;urban;5
7305;10;209;1;land;false;forest;5
7306;51;236;1;land;false;plains;5
7307;44;240;1;land;false;urban;5
7308;27;231;1;land;false;forest;5
7309;52;201;1;land;false;plains;5
7310;240;191;1;land;false;plains;5
7311;225;165;1;land;false;mountain;5
7312;250;150;1;land;false;plains;5
7313;247;133;1;land;false;hills;5
7314;250;155;1;land;false;hills;5
7315;239;150;1;land;false;plains;5
7316;245;201;1;land;false;hills;5
7317;231;146;1;land;false;hills;5
7318;239;166;1;land;false;hills;5
7319;89;106;1;land;false;urban;5
7320;103;79;1;land;false;urban;5
7321;116;132;1;land;false;plains;5
7322;65;147;1;land;false;plains;5
7323;94;84;1;land;false;forest;5
7324;51;152;1;land;false;plains;5
7325;56;128;1;land;false;plains;5
7326;96;83;1;land;false;plains;5
7327;118;105;1;land;false;plains;5
7328;98;151;1;land;false;urban;5
7329;96;139;1;land;false;plains;5
7330;51;92;1;land;false;urban;5
7331;115;107;1;land;false;plains;5
7332;161;107;1;land;false;desert;5
7333;213;83;1;land;false;plains;5
7334;206;99;1;land;true;desert;5
7335;183;97;1;land;true;plains;5
7336;184;119;1;land;false;urban;5
7337;163;87;1;land;true;desert;5
7338;223;124;1;land;false;plains;5
7339;225;99;1;land;false;desert;5
7340;138;124;1;land;false;plains;5
7341;120;120;1;land;false;plains;5
7342;216;85;1;land;false;urban;5
7343;226;100;1;land;true;plains;5
7344;226;39;1;land;true;plains;5
7345;197;63;1;land;false;plains;5
7346;228;33;1;land;false;plains;5
7347;236;108;1;land;false;urban;5
7348;182;90;1;land;true;desert;5
7349;235;31;1;land;false;plains;5
7350;181;82;1;land;true;plains;5
7351;243;75;1;land;false;plains;5
7352;247;39;1;land;false;plains;5
7353;201;62;1;land;false;urban;5
7354;237;104;1;land;false;urban;5
7355;242;97;1;land;false;plains;5
7356;213;171;1;land;false;hills;5
7357;203;140;1;land;false;hills;5
7358;235;204;1;land;false;hills;5
7359;207;195;1;land;false;urban;5
7360;211;176;1;land;false;hills;5
7361;247;162;1;land;false;urban;5
7362;218;194;1;land;false;mountain;5
7363;199;172;1;land;false;hills;5
7364;248;182;1;land;false;hills;5
7365;214;155;1;land;false;plains;5
7366;138;110;1;land;false;hills;5
7367;192;148;1;land;false;mountain;5
7368;190;161;1;land;false;hills;5
7369;134;119;1;land;false;hills;5
7370;182;166;1;land;false;hills;5
7371;125;118;1;land;false;mountain;5
7372;171;168;1;land;false;plains;5
7373;157;138;1;land;false;hills;5
7374;147;158;1;land;false;mountain;5
7375;151;132;1;land;false;mountain;5
7376;156;168;1;land;false;hills;5
7377;164;135;1;land;false;hills;5
7378;139;132;1;land;false;hills;5
7379;154;123;1;land;false;hills;5
7380;138;165;1;land;false;hills;5
7381;192;114;1;land;false;hills;5
7382;114;153;1;land;false;plains;5
7383;168;144;1;land;false;hills;5
7384;159;110;1;land;false;hills;5
7385;171;167;1;land;false;hills;5
7386;127;120;1;land;false;mountain;5
7387;114;114;1;land;false;plains;5
7388;133;168;1;land;false;plains;5
7389;158;159;1;land;false;hills;5
7390;82;247;1;land;false;hills;5
7391;116;230;1;land;false;hills;5
7392;95;200;1;land;false;hills;5
7393;80;237;1;land;false;mountain;5
7394;100;247;1;land;false;mountain;5
7395;127;201;1;land;false;hills;5
7396;130;181;1;land;false;hills;5
7397;205;82;1;land;false;hills;5
7398;243;29;1;land;false;mountain;5
7399;238;22;1;land;true;plains;5
7400;236;19;1;land;true;desert;5
7401;231;18;1;land;true;urban;5
7402;230;14;1;land;false;desert;5
7403;245;2;1;land;true;desert;5
7404;143;142;1;land;false;urban;5
7405;194;91;1;land;false;hills;5
7406;213;95;1;land;false;plains;5
7407;149;94;1;land;false;hills;5
7408;165;200;1;land;false;urban;5
7409;159;236;1;land;false;plains;5
7410;168;242;1;land;true;plains;5
7411;103;180;1;land;false;plains;5
7412;143;229;1;land;false;plains;5
7413;141;180;1;land;false;urban;5
7414;130;235;1;land;false;urban;5
7415;121;225;1;land;false;plains;5
7416;130;245;1;land;false;plains;5
7417;173;196;1;land;false;plains;5
7418;77;87;1;land;false;mountain;5
7419;117;56;1;land;false;plains;5
7420;69;55;1;land;false;mountain;5
7421;59;57;1;land;false;hills;5
7422;87;66;1;land;false;plains;5
7423;69;57;1;land;false;mountain;5
7424;116;97;1;land;false;mountain;5
7425;132;74;1;land;false;mountain;5
7426;101;118;1;land;false;hills;5
7427;103;81;1;land;false;plains;5
7428;127;19;1;land;true;urban;5
7429;54;43;1;land;false;hills;5
7430;68;35;1;land;false;hills;5
7431;101;42;1;land;false;plains;5
7432;93;14;1;land;false;mountain;5
7433;46;63;1;land;false;plains;5
7434;81;51;1;land;false;hills;5
7435;63;23;1;land;false;hills;5
7436;120;34;1;land;false;hills;5
7437;111;29;1;land;false;hills;5
7438;102;22;1;land;false;hills;5
7439;57;60;1;land;false;hills;5
7440;95;28;1;land;false;hills;5
7441;82;55;1;land;false;hills;5
7442;79;58;1;land;false;hills;5
7443;46;51;1;land;false;plains;5
7444;49;182;1;land;true;urban;5
7445;96;177;1;land;false;hills;5
7446;43;142;1;land;false;mountain;5
7447;56;168;1;land;false;hills;5
7448;90;129;1;land;false;plains;5
7449;40;130;1;land;false;plains;5
7450;44;175;1;land;false;plains;5
7451;41;199;1;land;false;hills;5
7452;112;126;1;land;false;plains;5
7453;54;191;1;land;false;urban;5
7454;104;193;1;land;false;mountain;5
7455;60;184;1;land;false;hills;5
7456;57;126;1;land;false;plains;5
7457;56;170;1;land;false;plains;5
7458;78;142;1;land;false;plains;5
7459;57;156;1;land;false;hills;5
7460;51;196;1;land;false;mountain;5
7461;96;192;1;land;false;mountain;5
7462;116;189;1;land;true;hills;5
7463;75;163;1;land;false;mountain;5
7464;49;169;1;land;false;plains;5
7465;113;132;1;land;false;plains;5
7466;76;125;1;land;false;hills;5
7467;80;184;1;land;false;plains;5
7468;61;196;1;land;false;mountain;5
7469;51;136;1;land;false;plains;5
7470;90;200;1;land;false;plains;5
7471;45;198;1;land;false;plains;5
7472;77;132;1;land;false;mountain;5
7473;43;171;1;land;false;mountain;5
7474;95;130;1;land;false;plains;5
7475;99;162;1;land;false;plains;5
7476;97;136;1;land;false;mountain;5
7477;38;156;1;land;false;plains;5
7478;110;135;1;land;false;plains;5
7479;41;157;1;land;false;mountain;5
7480;92;140;1;land;false;hills;5
7481;107;171;1;land;true;plains;5
7482;80;199;1;land;true;plains;5
7483;107;189;1;land;false;plains;5
7484;52;149;1;land;false;hills;5
7485;56;201;1;land;false;mountain;5
7486;101;129;1;land;false;mountain;5
7487;117;126;1;land;false;plains;5
7488;83;192;1;land;false;mountain;5
7489;88;179;1;land;true;urban;5
7490;52;127;1;land;false;mountain;5
7491;55;148;1;land;false;hills;5
7492;61;202;1;land;false;mountain;5
7493;53;195;1;land;false;plains;5
7494;98;131;1;land;false;plains;5
7495;96;202;1;land;false;plains;5
7496;47;197;1;land;false;mountain;5
7497;77;143;1;land;false;plains;5
7498;113;126;1;land;true;hills;5
7499;94;191;1;land;false;plains;5
7500;57;153;1;land;false;hills;5
7501;67;200;1;land;false;plains;5
7502;103;147;1;land;false;hills;5
7503;66;188;1;land;false;hills;5
7504;95;177;1;land;false;plains;5
7505;79;193;1;land;false;mountain;5
7506;102;127;1;land;false;plains;5
7507;46;181;1;land;false;hills;5
7508;105;180;1;land;false;plains;5
7509;64;175;1;land;true;plains;5
7510;98;201;1;land;false;hills;5
7511;54;175;1;land;false;mountain;5
7512;103;155;1;land;false;plains;5
7513;68;188;1;land;false;plains;5
7514;41;203;1;land;false;hills;5
7515;67;140;1;land;false;hills;5
7516;95;147;1;land;false;plains;5
7517;46;135;1;land;false;plains;5
7518;64;182;1;land;false;mountain;5
7519;51;148;1;land;false;hills;5
7520;95;146;1;land;false;plains;5
7521;131;163;1;land;false;desert;5
7522;109;173;1;land;false;plains;5
7523;99;177;1;land;false;plains;5
7524;126;180;1;land;false;plains;5
7525;63;193;1;land;false;plains;5
7526;120;227;1;land;false;plains;5
7527;88;238;1;land;false;plains;5
7528;117;176;1;land;false;plains;5
7529;113;223;1;land;false;urban;5
7530;106;163;1;land;false;desert;5
7531;95;206;1;land;false;desert;5
7532;124;186;1;land;false;plains;5
7533;107;188;1;land;false;plains;5
7534;98;189;1;land;false;plains;5
7535;125;194;1;land;false;plains;5
7536;104;195;1;land;false;desert;5
7537;89;176;1;land;false;plains;5
7538;119;192;1;land;false;plains;5
7539;86;214;1;land;false;desert;5
7540;142;210;1;land;false;urban;5
7541;89;168;1;land;false;plains;5
7542;79;218;1;land;false;urban;5
7543;41;212;1;land;false;hills;5
7544;11;217;1;land;false;hills;5
7545;20;203;1;land;false;plains;5
7546;20;175;1;land;false;mountain;5
7547;28;213;1;land;false;plains;5
7548;25;222;1;land;false;plains;5
7549;42;226;1;land;false;hills;5
7550;23;198;1;land;false;plains;5
7551;9;173;1;land;false;plains;5
7552;11;183;1;land;false;plains;5
7553;16;205;1;land;false;plains;5
7554;43;230;1;land;false;urban;5
7555;52;194;1;land;false;plains;5
7556;5;201;1;land;false;plains;5
7557;0;185;1;land;false;hills;5
7558;28;169;1;land;false;plains;5
7559;22;178;1;land;false;urban;5
7560;40;212;1;land;false;plains;5
7561;181;174;1;land;false;urban;5
7562;251;178;1;land;false;urban;5
7563;184;162;1;land;false;urban;5
7564;179;199;1;land;false;urban;5
7565;189;200;1;land;false;forest;5
7566;184;188;1;land;false;forest;5
7567;252;184;1;land;false;urban;5
7568;177;164;1;land;false;forest;5
7569;217;179;1;land;false;urban;5
7570;104;134;1;land;false;forest;5
7571;103;186;1;land;false;plains;5
7572;110;143;1;land;false;hills;5
7573;154;133;1;land;false;urban;5
7574;94;159;1;land;false;plains;5
7575;162;184;1;land;false;urban;5
7576;165;139;1;land;false;forest;5
7577;96;130;1;land;false;plains;5
7578;115;127;1;land;false;forest;5
7579;102;160;1;land;false;plains;5
7580;109;91;1;land;false;hills;5
7581;138;98;1;land;false;hills;5
7582;22;33;1;land;false;plains;5
7583;13;52;1;land;false;plains;5
7584;1;83;1;land;false;urban;5
7585;4;71;1;land;false;plains;5
7586;31;86;1;land;false;plains;5
7587;33;29;1;land;false;plains;5
7588;23;67;1;land;false;plains;5
7589;14;45;1;land;false;plains;5
7590;5;30;1;land;false;urban;5
7591;24;41;1;land;false;plains;5
7592;13;62;1;land;false;plains;5
7593;36;21;1;land;false;plains;5
7594;36;69;1;land;false;plains;5
7595;40;45;1;land;false;urban;5
7596;30;34;1;land;false;urban;5
7597;24;42;1;land;false;plains;5
7598;46;54;1;land;true;plains;5
7599;96;4;1;land;true;plains;5
7600;22;66;1;land;true;urban;5
7601;27;54;1;land;true;urban;5
7602;43;54;1;land;false;plains;5
7603;40;12;1;land;false;plains;5
7604;37;2;1;land;true;plains;5
7605;32;76;1;land;true;plains;5
7606;36;7;1;land;false;plains;5
7607;218;27;1;land;false;plains;5
7608;208;150;1;land;false;plains;5
7609;249;103;1;land;false;plains;5
7610;224;99;1;land;false;plains;5
7611;234;120;1;land;false;plains;5
7612;211;167;1;land;false;plains;5
7613;242;151;1;land;false;plains;5
7614;241;156;1;land;false;plains;5
7615;242;136;1;land;false;plains;5
7616;243;99;1;land;false;plains;5
7617;237;97;1;land;false;plains;5
7618;215;128;1;land;false;plains;5
7619;233;145;1;land;false;plains;5
7620;227;97;1;land;false;plains;5
7621;249;112;1;land;false;hills;5
7622;242;102;1;land;false;urban;5
7623;249;130;1;land;false;forest;5
7624;245;137;1;land;false;forest;5
7625;240;104;1;land;false;plains;5
7626;249;82;1;land;false;plains;5
7627;248;82;1;land;false;forest;5
7628;238;140;1;land;false;urban;5
7629;135;67;1;land;false;plains;5
7630;157;53;1;land;false;urban;5
7631;161;81;1;land;false;plains;5
7632;210;53;1;land;false;plains;5
7633;170;87;1;land;false;urban;5
7634;9;74;1;land;false;plains;5
7635;26;70;1;land;false;plains;5
7636;9;87;1;land;false;urban;5
7637;56;96;1;land;false;urban;5
7638;44;81;1;land;false;plains;5
7639;14;56;1;land;false;plains;5
7640;21;109;1;land;false;plains;5
7641;5;57;1;land;false;plains;5
7642;52;107;1;land;false;plains;5
7643;117;29;1;land;false;urban;5
7644;79;35;1;land;false;plains;5
7645;71;17;1;land;false;plains;5
7646;91;19;1;land;false;plains;5
7647;123;79;1;land;false;urban;5
7648;59;34;1;land;false;plains;5
7649;124;42;1;land;false;plains;5
7650;97;25;1;land;false;plains;5
7651;117;33;1;land;false;plains;5
7652;46;61;1;land;true;urban;5
7653;3;55;1;land;true;urban;5
7654;8;59;1;land;true;urban;5
7655;144;49;1;land;false;plains;5
7656;154;4;1;land;false;urban;5
7657;95;17;1;land;false;plains;5
7658;97;54;1;land;false;plains;5
7659;108;35;1;land;false;plains;5
7660;92;19;1;land;true;plains;5
7661;95;33;1;land;false;urban;5
7662;155;25;1;land;false;urban;5
7663;138;1;1;land;true;plains;5
7664;132;17;1;land;false;urban;5
7665;131;27;1;land;false;plains;5
7666;155;58;1;land;false;urban;5
7667;87;24;1;land;false;urban;5
7668;119;48;1;land;false;plains;5
7669;79;21;1;land;false;urban;5
7670;130;36;1;land;false;plains;5
7671;151;4;1;land;false;urban;5
7672;97;55;1;land;false;plains;5
7673;102;39;1;land;false;plains;5
7674;131;49;1;land;false;urban;5
7675;128;52;1;land;false;plains;5
7676;135;63;1;land;false;plains;5
7677;127;4;1;land;false;plains;5
7678;172;158;1;land;false;mountain;5
7679;192;100;1;land;false;hills;5
7680;162;100;1;land;false;hills;5
7681;196;145;1;land;false;hills;5
7682;193;117;1;land;false;mountain;5
7683;207;160;1;land;false;hills;5
7684;198;103;1;land;true;hills;5
7685;183;169;1;land;false;mountain;5
7686;206;132;1;land;false;plains;5
7687;156;163;1;land;false;hills;5
7688;227;145;1;land;false;hills;5
7689;175;173;1;land;false;mountain;5
7690;152;122;1;land;true;hills;5
7691;158;169;1;land;false;hills;5
7692;192;178;1;land;false;plains;5
7693;161;173;1;land;false;mountain;5
7694;222;120;1;land;false;mountain;5
7695;220;137;1;land;false;mountain;5
7696;154;138;1;land;false;plains;5
7697;197;133;1;land;false;mountain;5
7698;182;175;1;land;false;hills;5
7699;203;177;1;land;true;hills;5
7700;169;137;1;land;false;mountain;5
7701;163;154;1;land;false;mountain;5
7702;178;112;1;land;true;hills;5
7703;179;130;1;land;false;hills;5
7704;200;133;1;land;false;hills;5
7705;185;147;1;land;false;mountain;5
7706;189;147;1;land;true;hills;5
7707;161;161;1;land;false;mountain;5
7708;214;139;1;land;true;hills;5
7709;169;124;1;land;false;hills;5
7710;169;153;1;land;true;hills;5
7711;214;173;1;land;false;mountain;5
7712;223;132;1;land;false;mountain;5
7713;218;154;1;land;false;hills;5
7714;174;157;1;land;false;hills;5
7715;178;134;1;land;false;mountain;5
7716;225;168;1;land;false;plains;5
7717;168;102;1;land;true;mountain;5
7718;220;145;1;land;false;mountain;5
7719;128;227;1;land;true;plains;5
7720;84;205;1;land;false;plains;5
7721;90;222;1;land;true;plains;5
7722;93;235;1;land;false;plains;5
7723;124;234;1;land;true;plains;5
7724;128;168;1;land;false;plains;5
7725;147;132;1;land;false;plains;5
7726;181;181;1;land;false;plains;5
7727;163;115;1;land;false;plains;5
7728;170;151;1;land;false;plains;5
7729;180;171;1;land;false;plains;5
7730;104;40;1;land;false;hills;5
7731;72;36;1;land;false;hills;5
7732;26;22;1;land;false;hills;5
7733;160;20;1;land;true;urban;5
7734;198;6;1;land;true;plains;5
7735;188;162;1;land;false;plains;5
7736;169;97;1;land;false;plains;5
7737;170;101;1;land;false;plains;5
7738;219;137;1;land;false;desert;5
7739;214;121;1;land;false;plains;5
7740;187;99;1;land;false;desert;5
7741;168;119;1;land;false;plains;5
7742;213;122;1;land;false;desert;5
7743;146;156;1;land;false;plains;5
7744;200;132;1;land;false;plains;5
7745;165;95;1;land;false;plains;5
7746;174;151;1;land;false;desert;5
7747;161;115;1;land;false;desert;5
7748;166;142;1;land;false;desert;5
7749;159;145;1;land;false;plains;5
7750;150;141;1;land;false;plains;5
7751;155;119;1;land;false;plains;5
7752;165;93;1;land;false;desert;5
7753;195;146;1;land;false;plains;5
7754;173;140;1;land;false;plains;5
7755;93;125;1;land;false;urban;5
7756;121;80;1;land;false;plains;5
7757;115;74;1;land;false;plains;5
7758;84;139;1;land;false;plains;5
7759;125;63;1;land;false;plains;5
7760;125;119;1;land;false;plains;5
7761;129;142;1;land;false;plains;5
7762;88;102;1;land;false;plains;5
7763;104;117;1;land;false;plains;5
7764;123;119;1;land;false;plains;5
7765;78;102;1;land;false;plains;5
7766;114;96;1;land;false;urban;5
7767;93;64;1;land;false;urban;5
7768;106;122;1;land;false;plains;5
7769;60;113;1;land;false;plains;5
7770;65;202;1;land;false;desert;5
7771;37;191;1;land;false;desert;5
7772;32;151;1;land;false;desert;5
7773;38;152;1;land;false;desert;5
7774;34;210;1;land;false;desert;5
7775;14;184;1;land;false;desert;5
7776;58;201;1;land;false;plains;5
7777;40;176;1;land;false;plains;5
7778;76;137;1;land;false;plains;5
7779;45;184;1;land;false;desert;5
7780;57;175;1;land;false;plains;5
7781;67;202;1;land;false;desert;5
7782;251;235;1;land;false;urban;5
7783;242;241;1;land;false;urban;5
7784;226;238;1;land;false;plains;5
7785;244;208;1;land;false;forest;5
7786;252;235;1;land;false;plains;5
7787;239;246;1;land;false;urban;5
7788;226;215;1;land;false;forest;5
7789;219;223;1;land;false;plains;5
7790;244;217;1;land;false;plains;5
7791;229;234;1;land;false;forest;5
7792;245;228;1;land;false;forest;5
7793;238;218;1;land;false;urban;5
7794;57;173;1;land;false;urban;5
7795;98;210;1;land;false;plains;5
7796;88;168;1;land;false;urban;5
7797;54;211;1;land;false;plains;5
7798;50;199;1;land;false;plains;5
7799;98;178;1;land;false;urban;5
7800;129;91;1;land;false;plains;5
7801;143;130;1;land;false;urban;5
7802;186;70;1;land;false;plains;5
7803;172;133;1;land;false;plains;5
7804;131;95;1;land;false;urban;5
7805;190;107;1;land;false;plains;5
7806;146;102;1;land;false;plains;5
7807;165;63;1;land;false;plains;5
7808;121;106;1;land;false;plains;5
7809;123;102;1;land;false;plains;5
7810;158;77;1;land;false;urban;5
7811;184;118;1;land;false;plains;5
7812;153;112;1;land;false;plains;5
7813;11;57;1;land;false;plains;5
7814;32;45;1;land;false;plains;5
7815;19;103;1;land;false;plains;5
7816;22;99;1;land;false;plains;5
7817;13;107;1;land;false;plains;5
7818;38;113;1;land;false;plains;5
7819;34;70;1;land;false;hills;5
7820;29;91;1;land;false;desert;5
7821;2;36;1;land;false;plains;5
7822;4;68;1;land;false;plains;5
7823;32;57;1;land;false;plains;5
7824;28;103;1;land;false;plains;5
7825;39;112;1;land;false;plains;5
7826;13;60;1;land;false;desert;5
7827;2;53;1;land;false;plains;5
7828;33;107;1;land;false;hills;5
7829;27;96;1;land;false;hills;5
7830;7;113;1;land;false;plains;5
7831;30;58;1;land;false;plains;5
7832;0;83;1;land;false;plains;5
7833;39;89;1;land;false;plains;5
7834;33;48;1;land;false;hills;5
7835;36;81;1;land;false;plains;5
7836;10;66;1;land;false;desert;5
7837;28;13;1;land;false;hills;5
7838;33;10;1;land;false;hills;5
7839;59;46;1;land;false;hills;5
7840;18;78;1;land;false;urban;5
7841;33;78;1;land;false;hills;5
7842;22;28;1;land;false;forest;5
7843;7;41;1;land;false;hills;5
7844;53;41;1;land;false;mountain;5
7845;10;29;1;land;false;hills;5
7846;16;89;1;land;false;forest;5
7847;30;64;1;land;false;hills;5
7848;1;47;1;land;false;forest;5
7849;17;201;1;land;false;urban;5
7850;8;191;1;land;false;plains;5
7851;1;185;1;land;false;plains;5
7852;70;202;1;land;false;forest;5
7853;48;200;1;land;false;forest;5
7854;2;199;1;land;false;urban;5
7855;54;153;1;land;false;plains;5
7856;70;193;1;land;false;plains;5
7857;52;178;1;land;false;urban;5
7858;236;25;1;land;false;urban;5
7859;195;47;1;land;false;forest;5
7860;230;4;1;land;false;urban;5
7861;231;10;1;land;false;urban;5
7862;212;5;1;land;false;urban;5
7863;192;4;1;land;false;urban;5
7864;159;29;1;land;false;forest;5
7865;200;52;1;land;false;urban;5
7866;227;53;1;land;false;forest;5
7867;235;58;1;land;false;urban;5
7868;228;58;1;land;false;forest;5
7869;164;15;1;land;false;urban;5
7870;228;50;1;land;false;plains;5
7871;194;18;1;land;false;plains;5
7872;197;61;1;land;false;forest;5
7873;224;52;1;land;false;forest;5
7874;221;116;1;land;false;plains;5
7875;209;136;1;land;false;urban;5
7876;170;107;1;land;false;plains;5
7877;228;165;1;land;false;plains;5
7878;212;125;1;land;false;plains;5
7879;217;98;1;land;false;plains;5
7880;218;164;1;land;false;urban;5
7881;174;115;1;land;false;urban;5
7882;233;136;1;land;false;plains;5
7883;199;170;1;land;false;plains;5
7884;175;159;1;land;false;plains;5
7885;8;249;1;land;false;urban;5
7886;19;196;1;land;true;plains;5
7887;39;228;1;land;true;plains;5
7888;32;211;1;land;true;plains;5
7889;41;175;1;land;false;urban;5
7890;37;218;1;land;false;urban;5
7891;4;224;1;land;true;urban;5
7892;26;40;1;land;false;plains;5
7893;11;78;1;land;false;plains;5
7894;39;108;1;land;false;plains;5
7895;23;97;1;land;false;plains;5
7896;54;61;1;land;false;plains;5
7897;38;53;1;land;false;urban;5
7898;31;91;1;land;false;plains;5
7899;46;40;1;land;false;plains;5
7900;27;110;1;land;false;hills;5
7901;38;65;1;land;false;hills;5
7902;44;82;1;land;false;plains;5
7903;52;72;1;land;false;plains;5
7904;3;92;1;land;false;plains;5
7905;50;57;1;land;false;hills;5
7906;85;199;1;land;false;hills;5
7907;114;157;1;land;false;urban;5
7908;123;126;1;land;false;plains;5
7909;93;176;1;land;false;plains;5
7910;114;163;1;land;false;plains;5
7911;90;197;1;land;false;plains;5
7912;128;129;1;land;false;plains;5
7913;78;158;1;land;false;urban;5
7914;91;141;1;land;false;plains;5
7915;77;172;1;land;false;urban;5
7916;106;145;1;land;false;urban;5
7917;61;166;1;land;false;plains;5
7918;124;164;1;land;false;plains;5
7919;94;163;1;land;false;plains;5
7920;70;142;1;land;false;plains;5
7921;96;127;1;land;false;plains;5
7922;88;176;1;land;false;urban;5
7923;79;149;1;land;false;plains;5
7924;77;154;1;land;false;plains;5
7925;71;178;1;land;false;plains;5
7926;234;193;1;land;false;hills;5
7927;201;179;1;land;false;plains;5
7928;235;149;1;land;false;plains;5
7929;242;187;1;land;false;hills;5
7930;226;204;1;land;false;plains;5
7931;197;184;1;land;false;plains;5
7932;181;198;1;land;false;hills;5
7933;254;211;1;land;false;plains;5
7934;231;184;1;land;false;plains;5
7935;81;144;1;land;false;plains;5
7936;74;154;1;land;false;plains;5
7937;52;169;1;land;false;plains;5
7938;59;148;1;land;false;plains;5
7939;48;145;1;land;false;plains;5
7940;81;145;1;land;false;plains;5
7941;79;209;1;land;false;plains;5
7942;36;168;1;land;false;plains;5
7943;47;160;1;land;false;urban;5
7944;58;150;1;land;false;plains;5
7945;27;181;1;land;false;plains;5
7946;43;184;1;land;false;plains;5
7947;192;96;1;land;false;plains;5
7948;214;46;1;land;false;mountain;5
7949;251;113;1;land;false;plains;5
7950;249;45;1;land;false;plains;5
7951;213;52;1;land;false;mountain;5
7952;199;106;1;land;false;plains;5
7953;189;78;1;land;false;mountain;5
7954;54;220;1;land;false;urban;5
7955;46;162;1;land;false;plains;5
7956;53;157;1;land;false;plains;5
7957;30;211;1;land;false;desert;5
7958;62;220;1;land;false;plains;5
7959;23;180;1;land;false;plains;5
7960;39;182;1;land;false;plains;5
7961;42;148;1;land;false;plains;5
7962;51;218;1;land;false;plains;5
7963;10;169;1;land;false;plains;5
7964;46;198;1;land;false;plains;5
7965;39;194;1;land;false;plains;5
7966;9;208;1;land;false;plains;5
7967;54;187;1;land;false;plains;5
7968;8;143;1;land;false;urban;5
7969;21;164;1;land;false;plains;5
7970;181;249;1;land;false;hills;5
7971;148;231;1;land;false;desert;5
7972;187;195;1;land;false;desert;5
7973;152;236;1;land;false;desert;5
7974;140;200;1;land;false;desert;5
7975;145;218;1;land;false;hills;5
7976;185;193;1;land;false;desert;5
7977;189;237;1;land;false;desert;5
7978;128;199;1;land;false;plains;5
7979;179;241;1;land;false;plains;5
7980;120;229;1;land;false;plains;5
7981;152;221;1;land;false;desert;5
7982;113;203;1;land;false;desert;5
7983;148;209;1;land;false;plains;5
7984;147;251;1;land;false;desert;5
7985;175;234;1;land;false;desert;5
7986;163;202;1;land;false;desert;5
7987;174;210;1;land;false;desert;5
7988;125;254;1;land;false;plains;5
7989;176;232;1;land;false;plains;5
7990;120;187;1;land;false;plains;5
7991;129;226;1;land;false;desert;5
7992;178;252;1;land;false;desert;5
7993;142;228;1;land;false;plains;5
7994;154;198;1;land;false;plains;5
7995;190;229;1;land;false;plains;5
7996;245;35;1;land;true;hills;5
7997;220;65;1;land;false;mountain;5
7998;218;54;1;land;true;plains;5
7999;231;35;1;land;false;mountain;5
8000;25;19;1;land;false;plains;5
8001;61;36;1;land;false;plains;5
8002;6;0;1;land;false;plains;5
8003;14;1;1;land;false;plains;5
8004;7;25;1;land;false;plains;5
8005;36;15;1;land;false;urban;5
8006;78;39;1;land;false;plains;5
8007;20;18;1;land;false;urban;5
8008;6;13;1;land;false;plains;5
8009;60;36;1;land;false;plains;5
8010;58;1;1;land;false;plains;5
8011;80;51;1;land;false;plains;5
8012;17;49;1;land;false;plains;5
8013;13;46;1;land;false;plains;5
8014;68;25;1;land;false;urban;5
8015;67;19;1;land;false;plains;5
8016;72;24;1;land;false;plains;5
8017;20;8;1;land;false;plains;5
8018;101;15;1;land;false;urban;5
8019;50;24;1;land;false;plains;5
8020;56;19;1;land;false;plains;5
8021;114;8;1;land;false;plains;5
8022;107;16;1;land;false;plains;5
8023;84;31;1;land;false;urban;5
8024;55;19;1;land;false;urban;5
8025;80;36;1;land;false;plains;5
8026;128;36;1;land;false;urban;5
8027;96;44;1;land;false;urban;5
8028;121;19;1;land;false;plains;5
8029;110;29;1;land;false;urban;5
8030;111;44;1;land;false;urban;5
8031;60;17;1;land;false;plains;5
8032;59;33;1;land;false;plains;5
8033;171;223;1;land;true;plains;5
8034;162;249;1;land;false;urban;5
8035;164;210;1;land;false;plains;5
8036;128;193;1;land;false;urban;5
8037;145;210;1;land;false;forest;5
8038;124;190;1;land;true;urban;5
8039;142;218;1;land;true;urban;5
8040;135;254;1;land;true;plains;5
8041;164;201;1;land;false;urban;5
8042;145;139;1;land;false;plains;5
8043;143;71;1;land;false;plains;5
8044;87;113;1;land;false;plains;5
8045;87;124;1;land;false;plains;5
8046;116;106;1;land;false;urban;5
8047;121;103;1;land;false;plains;5
8048;145;66;1;land;false;plains;5
8049;132;90;1;land;false;urban;5
8050;30;183;1;land;false;plains;5
8051;95;189;1;land;false;plains;5
8052;80;214;1;land;false;plains;5
8053;64;208;1;land;false;hills;5
8054;101;158;1;land;false;hills;5
8055;90;163;1;land;false;plains;5
8056;99;149;1;land;false;plains;5
8057;90;137;1;land;true;plains;5
8058;34;161;1;land;false;hills;5
8059;80;182;1;land;true;hills;5
8060;28;144;1;land;false;plains;5
8061;73;186;1;land;false;plains;5
8062;105;204;1;land;false;hills;5
8063;30;151;1;land;true;plains;5
8064;32;208;1;land;false;plains;5
8065;36;198;1;land;false;plains;5
8066;65;193;1;land;true;mountain;5
8067;66;168;1;land;false;hills;5
8068;64;183;1;land;true;plains;5
8069;33;194;1;land;false;plains;5
8070;36;205;1;land;false;hills;5
8071;87;186;1;land;false;hills;5
8072;85;197;1;land;false;plains;5
8073;87;147;1;land;false;plains;5
8074;76;205;1;land;true;hills;5
8075;101;149;1;land;true;plains;5
8076;85;140;1;land;false;plains;5
8077;43;213;1;land;true;hills;5
8078;48;198;1;land;true;hills;5
8079;30;189;1;land;false;hills;5
8080;29;177;1;land;false;mountain;5
8081;42;194;1;land;false;plains;5
8082;57;192;1;land;false;plains;5
8083;55;173;1;land;false;hills;5
8084;70;146;1;land;false;hills;5
8085;64;205;1;land;false;plains;5
8086;146;213;1;land;false;hills;5
8087;158;216;1;land;false;plains;5
8088;125;189;1;land;false;plains;5
8089;149;239;1;land;false;hills;5
8090;146;221;1;land;false;hills;5
8091;104;201;1;land;false;plains;5
8092;128;246;1;land;false;hills;5
8093;170;249;1;land;false;hills;5
8094;146;188;1;land;false;mountain;5
8095;162;190;1;land;false;hills;5
8096;127;232;1;land;false;plains;5
8097;103;198;1;land;false;plains;5
8098;166;213;1;land;false;hills;5
8099;101;244;1;land;false;hills;5
8100;153;232;1;land;false;plains;5
8101;143;198;1;land;false;plains;5
8102;108;250;1;land;false;plains;5
8103;175;243;1;land;false;plains;5
8104;136;238;1;land;false;plains;5
8105;176;217;1;land;false;hills;5
8106;152;246;1;land;false;plains;5
8107;129;204;1;land;false;plains;5
8108;170;191;1;land;false;plains;5
8109;131;188;1;land;false;plains;5
8110;33;217;1;land;false;plains;5
8111;13;228;1;land;false;plains;5
8112;28;197;1;land;false;plains;5
8113;9;224;1;land;false;plains;5
8114;37;215;1;land;false;plains;5
8115;20;250;1;land;false;plains;5
8116;169;231;1;land;false;mountain;5
8117;109;60;1;land;false;plains;5
8118;64;119;1;land;false;plains;5
8119;33;55;1;land;false;plains;5
8120;81;70;1;land;false;plains;5
8121;45;129;1;land;true;plains;5
8122;111;128;1;land;false;plains;5
8123;53;102;1;land;false;plains;5
8124;59;79;1;land;true;plains;5
8125;46;113;1;land;false;plains;5
8126;76;98;1;land;false;plains;5
8127;90;66;1;land;false;plains;5
8128;54;108;1;land;false;plains;5
8129;91;79;1;land;true;plains;5
8130;59;77;1;land;false;plains;5
8131;88;78;1;land;false;plains;5
8132;43;113;1;land;false;plains;5
8133;85;120;1;land;false;plains;5
8134;99;125;1;land;false;plains;5
8135;48;122;1;land;false;plains;5
8136;86;72;1;land;false;plains;5
8137;105;53;1;land;false;plains;5
8138;106;72;1;land;false;plains;5
8139;42;62;1;land;false;plains;5
8140;64;61;1;land;false;plains;5
8141;41;74;1;land;false;plains;5
8142;62;70;1;land;false;plains;5
8143;86;125;1;land;false;plains;5
8144;53;122;1;land;false;plains;5
8145;55;146;1;land;false;plains;5
8146;57;132;1;land;false;urban;5
8147;75;146;1;land;false;urban;5
8148;76;148;1;land;false;urban;5
8149;29;110;1;land;false;urban;5
8150;59;119;1;land;false;urban;5
8151;54;128;1;land;false;urban;5
8152;9;239;1;land;false;plains;5
8153;45;211;1;land;false;plains;5
8154;41;243;1;land;false;plains;5
8155;67;217;1;land;false;plains;5
8156;2;250;1;land;false;hills;5
8157;70;212;1;land;false;urban;5
8158;10;223;1;land;false;hills;5
8159;1;250;1;land;false;plains;5
8160;113;122;1;land;false;plains;5
8161;104;105;1;land;false;urban;5
8162;167;93;1;land;false;hills;5
8163;145;153;1;land;false;hills;5
8164;132;144;1;land;false;plains;5
8165;136;146;1;land;false;plains;5
8166;106;107;1;land;false;hills;5
8167;92;106;1;land;false;plains;5
8168;93;67;1;land;false;plains;5
8169;21;94;1;land;false;plains;5
8170;92;84;1;land;false;plains;5
8171;37;77;1;land;false;plains;5
8172;37;102;1;land;false;plains;5
8173;37;99;1;land;false;plains;5
8174;84;121;1;land;false;urban;5
8175;22;62;1;land;false;plains;5
8176;35;103;1;land;false;plains;5
8177;94;102;1;land;false;plains;5
8178;27;60;1;land;false;plains;5
8179;173;215;1;land;false;plains;5
8180;175;232;1;land;false;plains;5
8181;195;200;1;land;false;plains;5
8182;102;141;1;land;false;hills;5
8183;86;167;1;land;false;plains;5
8184;101;174;1;land;false;plains;5
8185;66;214;1;land;false;mountain;5
8186;117;149;1;land;false;hills;5
8187;79;200;1;land;false;plains;5
8188;108;218;1;land;false;plains;5
8189;57;197;1;land;false;urban;5
8190;103;159;1;land;false;urban;5
8191;110;195;1;land;false;hills;5
8192;84;149;1;land;false;hills;5
8193;56;164;1;land;false;plains;5
8194;91;148;1;land;false;hills;5
8195;69;43;1;land;false;desert;5
8196;66;40;1;land;false;plains;5
8197;99;16;1;land;false;plains;5
8198;92;18;1;land;false;plains;5
8199;72;59;1;land;false;desert;5
8200;45;58;1;land;false;plains;5
8201;76;7;1;land;false;hills;5
8202;82;27;1;land;false;desert;5
8203;34;12;1;land;false;plains;5
8204;63;16;1;land;false;desert;5
8205;99;27;1;land;false;plains;5
8206;81;57;1;land;false;plains;5
8207;61;31;1;land;false;desert;5
8208;1;210;1;land;false;forest;5
8209;32;242;1;land;false;plains;5
8210;8;203;1;land;false;urban;5
8211;9;207;1;land;false;forest;5
8212;15;254;1;land;false;plains;5
8213;131;122;1;land;false;urban;5
8214;114;133;1;land;false;plains;5
8215;144;87;1;land;false;plains;5
8216;175;112;1;land;false;plains;5
8217;119;136;1;land;false;plains;5
8218;130;86;1;land;false;plains;5
8219;123;71;1;land;false;plains;5
8220;1;89;1;land;false;forest;5
8221;192;73;1;land;false;plains;5
8222;193;82;1;land;false;plains;5
8223;232;74;1;land;false;urban;5
8224;202;60;1;land;false;plains;5
8225;156;66;1;land;false;plains;5
8226;175;92;1;land;false;plains;5
8227;158;71;1;land;false;urban;5
8228;185;37;1;land;false;urban;5
8229;235;81;1;land;false;plains;5
8230;230;66;1;land;false;plains;5
8231;165;100;1;land;false;plains;5
8232;159;67;1;land;false;plains;5
8233;187;57;1;land;false;plains;5
8234;189;38;1;land;false;plains;5
8235;175;71;1;land;false;plains;5
8236;171;24;1;land;false;plains;5
8237;161;83;1;land;false;plains;5
8238;185;204;1;land;false;plains;5
8239;208;252;1;land;false;plains;5
8240;149;237;1;land;false;plains;5
8241;174;212;1;land;false;plains;5
8242;189;187;1;land;false;urban;5
8243;140;206;1;land;false;urban;5
8244;136;226;1;land;false;urban;5
8245;169;240;1;land;false;plains;5
8246;153;250;1;land;false;urban;5
8247;207;246;1;land;false;plains;5
8248;152;194;1;land;false;urban;5
8249;35;133;1;land;false;hills;5
8250;16;184;1;land;false;plains;5
8251;23;153;1;land;false;hills;5
8252;34;119;1;land;false;plains;5
8253;16;147;1;land;false;urban;5
8254;11;144;1;land;false;mountain;5
8255;29;146;1;land;false;mountain;5
8256;41;115;1;land;false;plains;5
8257;29;128;1;land;false;mountain;5
8258;98;95;1;land;false;plains;5
8259;130;70;1;land;false;plains;5
8260;124;106;1;land;false;plains;5
8261;119;100;1;land;false;urban;5
8262;115;81;1;land;false;urban;5
8263;98;97;1;land;false;plains;5
8264;160;68;1;land;false;urban;5
8265;61;142;1;land;false;plains;5
8266;74;173;1;land;false;plains;5
8267;45;162;1;land;false;plains;5
8268;51;137;1;land;false;plains;5
8269;14;167;1;land;false;plains;5
8270;82;184;1;land;false;plains;5
8271;69;134;1;land;false;plains;5
8272;69;141;1;land;false;plains;5
8273;38;177;1;land;false;plains;5
8274;67;144;1;land;false;plains;5
8275;39;142;1;land;false;plains;5
8276;29;161;1;land;false;plains;5
8277;63;166;1;land;false;plains;5
8278;15;135;1;land;false;plains;5
8279;23;136;1;land;false;plains;5
8280;37;185;1;land;false;plains;5
8281;23;160;1;land;false;plains;5
8282;85;198;1;land;false;plains;5
8283;62;161;1;land;false;plains;5
8284;42;137;1;land;false;plains;5
8285;13;155;1;land;false;plains;5
8286;69;128;1;land;false;plains;5
8287;80;136;1;land;false;plains;5
8288;46;152;1;land;false;plains;5
8289;47;137;1;land;false;plains;5
8290;40;189;1;land;false;plains;5
8291;32;170;1;land;false;plains;5
8292;86;154;1;land;false;plains;5
8293;90;168;1;land;false;plains;5
8294;18;143;1;land;false;plains;5
8295;89;180;1;land;false;plains;5
8296;52;133;1;land;false;plains;5
8297;56;159;1;land;false;plains;5
8298;14;168;1;land;false;plains;5
8299;16;130;1;land;false;plains;5
8300;37;194;1;land;false;plains;5
8301;14;169;1;land;false;plains;5
8302;64;151;1;land;false;plains;5
8303;90;135;1;land;false;plains;5
8304;22;157;1;land;false;plains;5
8305;18;149;1;land;false;plains;5
8306;61;199;1;land;false;plains;5
8307;70;176;1;land;false;plains;5
8308;73;170;1;land;false;plains;5
8309;89;128;1;land;false;plains;5
8310;23;162;1;land;false;plains;5
8311;47;164;1;land;false;plains;5
8312;73;180;1;land;false;plains;5
8313;89;183;1;land;false;plains;5
8314;61;169;1;land;false;plains;5
8315;87;159;1;land;false;plains;5
8316;31;140;1;land;false;plains;5
8317;27;129;1;land;false;plains;5
8318;22;132;1;land;false;plains;5
8319;44;193;1;land;false;plains;5
8320;36;124;1;land;false;plains;5
8321;36;173;1;land;false;plains;5
8322;19;193;1;land;false;plains;5
8323;63;136;1;land;false;plains;5
8324;45;189;1;land;false;plains;5
8325;69;152;1;land;false;plains;5
8326;40;148;1;land;false;plains;5
8327;82;168;1;land;false;plains;5
8328;23;144;1;land;false;plains;5
8329;49;179;1;land;false;plains;5
8330;69;157;1;land;false;plains;5
8331;38;166;1;land;false;plains;5
8332;16;155;1;land;false;plains;5
8333;19;192;1;land;false;plains;5
8334;44;185;1;land;false;plains;5
8335;40;196;1;land;false;plains;5
8336;65;136;1;land;false;plains;5
8337;75;178;1;land;false;plains;5
8338;86;185;1;land;false;plains;5
8339;52;187;1;land;false;plains;5
8340;61;133;1;land;false;plains;5
8341;85;127;1;land;false;plains;5
8342;63;187;1;land;false;plains;5
8343;26;129;1;land;false;plains;5
8344;22;191;1;land;false;plains;5
8345;89;145;1;land;false;plains;5
8346;70;26;1;land;false;plains;5
8347;72;26;1;land;false;plains;5
8348;84;7;1;land;false;plains;5
8349;98;35;1;land;false;plains;5
8350;42;29;1;land;false;plains;5
8351;58;24;1;land;false;plains;5
8352;106;35;1;land;false;plains;5
8353;79;14;1;land;false;plains;5
8354;115;15;1;land;false;plains;5
8355;54;7;1;land;false;plains;5
8356;75;29;1;land;false;plains;5
8357;107;8;1;land;false;plains;5
8358;39;7;1;land;false;plains;5
8359;103;34;1;land;false;plains;5
8360;116;2;1;land;false;plains;5
8361;71;39;1;land;false;plains;5
8362;102;24;1;land;false;hills;5
8363;56;16;1;land;false;plains;5
8364;75;13;1;land;false;plains;5
8365;47;3;1;land;false;plains;5
8366;74;34;1;land;false;plains;5
8367;41;23;1;land;false;plains;5
8368;51;19;1;land;false;hills;5
8369;89;0;1;land;false;plains;5
8370;54;22;1;land;false;plains;5
8371;47;17;1;land;false;plains;5
8372;63;19;1;land;false;plains;5
8373;220;151;1;land;false;desert;5
8374;229;177;1;land;false;urban;5
8375;244;146;1;land;false;hills;5
8376;230;103;1;land;false;plains;5
8377;216;160;1;land;false;hills;5
8378;250;165;1;land;false;plains;5
8379;240;113;1;land;false;hills;5
8380;235;112;1;land;false;hills;5
8381;211;154;1;land;false;plains;5
8382;221;109;1;land;false;urban;5
8383;251;165;1;land;false;urban;5
8384;249;138;1;land;false;plains;5
8385;226;156;1;land;false;desert;5
8386;209;170;1;land;false;plains;5
8387;236;179;1;land;false;desert;5
8388;242;126;1;land;false;plains;5
8389;210;179;1;land;false;plains;5
8390;211;175;1;land;false;plains;5
8391;154;172;1;land;true;plains;5
8392;133;148;1;land;false;urban;5
8393;233;195;1;land;false;plains;5
8394;171;187;1;land;true;plains;5
8395;190;222;1;land;false;plains;5
8396;218;189;1;land;false;plains;5
8397;212;252;1;land;true;plains;5
8398;197;246;1;land;true;plains;5
8399;214;212;1;land;false;hills;5
8400;201;201;1;land;true;plains;5
8401;190;182;1;land;false;mountain;5
8402;239;235;1;land;true;plains;5
8403;212;197;1;land;false;plains;5
8404;200;188;1;land;true;plains;5
8405;60;115;1;land;false;plains;5
8406;90;141;1;land;false;hills;5
8407;65;116;1;land;false;plains;5
8408;123;16;1;land;true;plains;5
8409;103;8;1;land;false;urban;5
8410;113;2;1;land;false;plains;5
8411;135;17;1;land;false;urban;5
8412;138;5;1;land;true;plains;5
8413;248;217;1;land;false;plains;5
8414;40;251;1;land;false;plains;5
8415;28;224;1;land;false;plains;5
8416;49;246;1;land;false;plains;5
8417;27;244;1;land;false;plains;5
8418;20;236;1;land;false;urban;5
8419;57;241;1;land;false;plains;5
8420;101;197;1;land;false;plains;5
8421;143;238;1;land;false;hills;5
8422;95;180;1;land;false;plains;5
8423;107;201;1;land;false;urban;5
8424;74;174;1;land;false;mountain;5
8425;132;212;1;land;false;plains;5
8426;119;161;1;land;false;plains;5
8427;107;207;1;land;false;hills;5
8428;91;190;1;land;false;hills;5
8429;117;188;1;land;false;forest;5
8430;127;187;1;land;false;urban;5
8431;71;167;1;land;false;plains;5
8432;144;184;1;land;false;plains;5
8433;144;199;1;land;false;hills;5
8434;65;189;1;land;false;plains;5
8435;113;183;1;land;false;plains;5
8436;135;236;1;land;false;urban;5
8437;137;224;1;land;false;hills;5
8438;128;228;1;land;false;forest;5
8439;122;169;1;land;false;hills;5
8440;131;181;1;land;false;hills;5
8441;131;206;1;land;false;forest;5
8442;106;182;1;land;false;plains;5
8443;117;240;1;land;false;plains;5
8444;138;161;1;land;false;forest;5
8445;87;206;1;land;false;plains;5
8446;47;215;1;land;true;hills;5
8447;14;229;1;land;true;hills;5
8448;26;240;1;land;true;forest;5
8449;26;228;1;land;true;hills;5
8450;37;237;1;land;false;hills;5
8451;17;222;1;land;false;mountain;5
8452;119;24;1;land;false;plains;5
8453;254;56;1;land;true;plains;6
8454;45;21;1;land;false;urban;6
8455;3;17;1;land;false;forest;6
8456;39;15;1;land;false;plains;6
8457;25;29;1;land;false;forest;6
8458;2;35;1;land;false;plains;6
8459;11;12;1;land;false;hills;6
8460;43;5;1;land;false;plains;6
8461;26;58;1;land;false;plains;6
8462;229;83;1;land;true;plains;6
8463;230;95;1;land;false;urban;6
8464;247;156;1;land;true;plains;6
8465;221;137;1;land;true;hills;6
8466;246;103;1;land;false;hills;6
8467;238;118;1;land;false;hills;6
8468;227;108;1;land;false;plains;6
8469;217;101;1;land;true;hills;6
8470;221;143;1;land;true;plains;6
8471;220;109;1;land;false;urban;6
8472;250;140;1;land;false;hills;6
8473;233;133;1;land;false;urban;6
8474;161;35;1;land;false;plains;6
8475;185;11;1;land;false;plains;6
8476;200;42;1;land;false;plains;6
8477;137;37;1;land;false;plains;6
8478;115;90;1;land;false;plains;6
8479;126;83;1;land;false;plains;6
8480;152;42;1;land;false;plains;6
8481;147;39;1;land;false;plains;6
8482;81;48;1;land;false;plains;6
8483;40;221;1;land;false;plains;6
8484;37;184;1;land;false;plains;6
8485;31;215;1;land;false;hills;6
8486;23;214;1;land;false;plains;6
8487;68;27;1;land;false;mountain;6
8488;16;70;1;land;false;plains;6
8489;64;23;1;land;false;plains;6
8490;55;63;1;land;false;mountain;6
8491;52;42;1;land;false;plains;6
8492;7;79;1;land;false;plains;6
8493;45;61;1;land;false;plains;6
8494;65;26;1;land;false;hills;6
8495;40;6;1;land;false;plains;6
8496;58;52;1;land;false;hills;6
8497;69;85;1;land;false;plains;6
8498;0;66;1;land;false;plains;6
8499;54;9;1;land;false;plains;6
8500;85;207;1;land;false;plains;6
8501;86;198;1;land;false;plains;6
8502;74;240;1;land;false;plains;6
8503;98;236;1;land;false;plains;6
8504;71;223;1;land;false;hills;6
8505;83;228;1;land;false;plains;6
8506;69;207;1;land;false;plains;6
8507;71;248;1;land;false;plains;6
8508;104;202;1;land;false;plains;6
8509;44;222;1;land;false;hills;6
8510;25;201;1;land;false;mountain;6
8511;93;204;1;land;false;hills;6
8512;96;190;1;land;false;mountain;6
8513;54;237;1;land;false;hills;6
8514;75;189;1;land;false;mountain;6
8515;35;222;1;land;false;mountain;6
8516;57;237;1;land;false;hills;6
8517;47;222;1;land;false;plains;6
8518;35;196;1;land;false;mountain;6
8519;31;200;1;land;false;mountain;6
8520;32;240;1;land;false;mountain;6
8521;80;246;1;land;false;hills;6
8522;87;199;1;land;false;mountain;6
8523;89;202;1;land;false;hills;6
8524;19;208;1;land;false;mountain;6
8525;67;71;1;land;false;plains;6
8526;7;81;1;land;false;hills;6
8527;33;82;1;land;false;mountain;6
8528;59;36;1;land;false;plains;6
8529;71;13;1;land;false;hills;6
8530;20;26;1;land;false;urban;6
8531;59;65;1;land;false;mountain;6
8532;23;14;1;land;false;mountain;6
8533;6;44;1;land;false;plains;6
8534;68;11;1;land;false;hills;6
8535;7;20;1;land;false;plains;6
8536;42;15;1;land;false;plains;6
8537;54;42;1;land;false;hills;6
8538;16;27;1;land;false;hills;6
8539;52;27;1;land;false;hills;6
8540;76;44;1;land;false;hills;6
8541;70;48;1;land;false;hills;6
8542;35;47;1;land;false;hills;6
8543;19;18;1;land;false;hills;6
8544;4;37;1;land;false;mountain;6
8545;86;144;1;land;false;forest;6
8546;120;147;1;land;false;hills;6
8547;82;188;1;land;false;urban;6
8548;134;124;1;land;false;forest;6
8549;103;192;1;land;false;hills;6
8550;65;161;1;land;false;plains;6
8551;102;164;1;land;false;plains;6
8552;80;159;1;land;false;plains;6
8553;120;167;1;land;false;plains;6
8554;97;163;1;land;false;plains;6
8555;91;108;1;land;false;plains;6
8556;42;151;1;land;false;plains;6
8557;60;119;1;land;false;plains;6
8558;100;161;1;land;false;urban;6
8559;150;193;1;land;false;urban;6
8560;86;141;1;land;false;urban;6
8561;159;128;1;land;false;plains;6
8562;129;163;1;land;false;urban;6
8563;98;150;1;land;false;urban;6
8564;120;124;1;land;false;plains;6
8565;136;176;1;land;false;forest;6
8566;124;238;1;land;false;hills;6
8567;163;245;1;land;false;plains;6
8568;164;212;1;land;false;plains;6
8569;112;210;1;land;false;plains;6
8570;111;219;1;land;false;mountain;6
8571;186;227;1;land;false;mountain;6
8572;160;233;1;land;false;mountain;6
8573;159;217;1;land;false;plains;6
8574;166;216;1;land;false;hills;6
8575;130;214;1;land;false;mountain;6
8576;116;237;1;land;false;mountain;6
8577;155;226;1;land;false;plains;6
8578;111;235;1;land;false;hills;6
8579;192;14;1;land;false;plains;6
8580;153;21;1;land;false;hills;6
8581;218;38;1;land;false;hills;6
8582;172;21;1;land;false;hills;6
8583;210;46;1;land;false;plains;6
8584;196;40;1;land;false;plains;6
8585;202;30;1;land;false;plains;6
8586;162;30;1;land;false;plains;6
8587;210;38;1;land;false;hills;6
8588;189;11;1;land;false;hills;6
8589;152;30;1;land;false;plains;6
8590;165;42;1;land;false;plains;6
8591;220;41;1;land;false;hills;6
8592;219;3;1;land;false;plains;6
8593;151;9;1;land;false;urban;6
8594;187;28;1;land;false;desert;6
8595;173;26;1;land;false;plains;6
8596;200;180;1;land;false;plains;6
8597;206;227;1;land;false;plains;6
8598;227;198;1;land;false;mountain;6
8599;227;197;1;land;false;plains;6
8600;239;205;1;land;false;mountain;6
8601;250;230;1;land;false;hills;6
8602;237;193;1;land;false;plains;6
8603;219;192;1;land;false;mountain;6
8604;226;232;1;land;false;plains;6
8605;212;226;1;land;false;mountain;6
8606;253;173;1;land;false;mountain;6
8607;214;158;1;land;false;hills;6
8608;235;205;1;land;false;plains;6
8609;203;217;1;land;false;plains;6
8610;229;157;1;land;false;plains;6
8611;224;221;1;land;false;mountain;6
8612;213;188;1;land;false;mountain;6
8613;249;198;1;land;false;mountain;6
8614;212;216;1;land;false;plains;6
8615;209;232;1;land;false;hills;6
8616;210;181;1;land;false;hills;6
8617;212;177;1;land;false;mountain;6
8618;228;232;1;land;false;plains;6
8619;241;195;1;land;false;mountain;6
8620;137;244;1;land;false;plains;6
8621;148;226;1;land;false;plains;6
8622;179;236;1;land;false;plains;6
8623;133;244;1;land;false;plains;6
8624;191;235;1;land;false;urban;6
8625;133;248;1;land;false;urban;6
8626;145;220;1;land;false;hills;6
8627;158;242;1;land;false;plains;6
8628;123;238;1;land;false;plains;6
8629;183;223;1;land;false;hills;6
8630;181;233;1;land;false;hills;6
8631;177;254;1;land;false;plains;6
8632;160;220;1;land;false;plains;6
8633;135;227;1;land;false;urban;6
8634;114;253;1;land;false;hills;6
8635;206;40;1;land;false;forest;6
8636;182;23;1;land;false;plains;6
8637;227;2;1;land;false;forest;6
8638;181;48;1;land;false;forest;6
8639;215;43;1;land;false;hills;6
8640;214;48;1;land;false;hills;6
8641;172;31;1;land;false;plains;6
8642;175;0;1;land;false;forest;6
8643;202;20;1;land;false;hills;6
8644;178;7;1;land;false;mountain;6
8645;203;43;1;land;false;mountain;6
8646;219;7;1;land;false;urban;6
8647;199;5;1;land;false;forest;6
8648;186;50;1;land;false;mountain;6
8649;189;0;1;land;false;plains;6
8650;167;20;1;land;false;mountain;6
8651;169;5;1;land;false;plains;6
8652;214;20;1;land;false;plains;6
8653;208;28;1;land;false;plains;6
8654;200;22;1;land;false;hills;6
8655;170;21;1;land;false;forest;6
8656;194;113;1;land;false;plains;6
8657;202;63;1;land;false;forest;6
8658;206;64;1;land;false;plains;6
8659;225;94;1;land;false;plains;6
8660;202;66;1;land;false;plains;6
8661;196;103;1;land;false;plains;6
8662;243;127;1;land;false;plains;6
8663;210;90;1;land;false;plains;6
8664;211;113;1;land;false;plains;6
8665;228;137;1;land;false;plains;6
8666;77;208;1;land;false;hills;6
8667;103;190;1;land;false;plains;6
8668;82;213;1;land;false;mountain;6
8669;38;206;1;land;false;hills;6
8670;79;206;1;land;false;mountain;6
8671;107;232;1;land;false;hills;6
8672;78;211;1;land;false;mountain;6
8673;82;241;1;land;false;hills;6
8674;70;248;1;land;false;hills;6
8675;55;201;1;land;false;mountain;6
8676;45;245;1;land;false;mountain;6
8677;64;232;1;land;false;hills;6
8678;47;186;1;land;false;hills;6
8679;34;218;1;land;false;hills;6
8680;91;245;1;land;false;plains;6
8681;59;222;1;land;false;plains;6
8682;104;251;1;land;false;mountain;6
8683;110;192;1;land;false;urban;6
8684;193;177;1;land;false;plains;6
8685;195;139;1;land;false;mountain;6
8686;140;147;1;land;false;hills;6
8687;147;197;1;land;false;hills;6
8688;175;203;1;land;false;hills;6
8689;126;178;1;land;false;hills;6
8690;142;139;1;land;false;plains;6
8691;193;188;1;land;false;mountain;6
8692;132;132;1;land;false;hills;6
8693;197;182;1;land;false;hills;6
8694;132;208;1;land;false;plains;6
8695;137;204;1;land;false;mountain;6
8696;131;149;1;land;false;plains;6
8697;193;159;1;land;false;hills;6
8698;165;152;1;land;false;plains;6
8699;141;164;1;land;false;mountain;6
8700;130;207;1;land;false;hills;6
8701;132;161;1;land;false;mountain;6
8702;195;173;1;land;false;hills;6
8703;138;195;1;land;false;hills;6
8704;141;145;1;land;false;hills;6
8705;134;201;1;land;false;mountain;6
8706;167;208;1;land;false;mountain;6
8707;165;197;1;land;false;plains;6
8708;128;141;1;land;false;plains;6
8709;136;189;1;land;false;plains;6
8710;189;157;1;land;false;hills;6
8711;197;165;1;land;false;plains;6
8712;198;168;1;land;false;mountain;6
8713;57;36;1;land;false;plains;6
8714;70;21;1;land;false;mountain;6
8715;76;67;1;land;false;urban;6
8716;47;80;1;land;false;plains;6
8717;113;73;1;land;false;hills;6
8718;58;29;1;land;false;mountain;6
8719;76;74;1;land;false;forest;6
8720;107;20;1;land;false;mountain;6
8721;65;48;1;land;false;mountain;6
8722;96;67;1;land;false;plains;6
8723;164;70;1;land;true;plains;6
8724;85;101;1;land;false;urban;6
8725;102;61;1;land;false;urban;6
8726;152;85;1;land;false;plains;6
8727;105;102;1;land;true;plains;6
8728;112;73;1;land;true;plains;6
8729;141;110;1;land;false;plains;6
8730;13;16;1;land;false;plains;6
8731;40;35;1;land;false;plains;6
8732;28;49;1;land;false;plains;6
8733;21;43;1;land;false;hills;6
8734;19;7;1;land;false;plains;6
8735;24;22;1;land;false;plains;6
8736;8;36;1;land;false;plains;6
8737;26;48;1;land;false;plains;6
8738;7;59;1;land;false;urban;6
8739;166;7;1;land;false;hills;6
8740;191;38;1;land;true;hills;6
8741;197;35;1;land;false;hills;6
8742;199;43;1;land;true;hills;6
8743;189;31;1;land;true;hills;6
8744;171;44;1;land;true;hills;6
8745;159;38;1;land;true;plains;6
8746;193;6;1;land;true;plains;6
8747;173;37;1;land;true;mountain;6
8748;178;36;1;land;false;hills;6
8749;182;39;1;land;false;mountain;6
8750;175;23;1;land;false;hills;6
8751;193;13;1;land;true;hills;6
8752;169;0;1;land;true;hills;6
8753;153;38;1;land;false;hills;6
8754;196;38;1;land;true;plains;6
8755;169;22;1;land;true;plains;6
8756;154;21;1;land;false;mountain;6
8757;175;15;1;land;true;plains;6
8758;151;3;1;land;true;hills;6
8759;215;23;1;land;false;hills;6
8760;212;12;1;land;true;hills;6
8761;152;147;1;land;false;mountain;6
8762;147;191;1;land;false;urban;6
8763;147;171;1;land;false;hills;6
8764;155;157;1;land;false;forest;6
8765;120;122;1;land;false;hills;6
8766;131;139;1;land;false;hills;6
8767;94;171;1;land;false;forest;6
8768;102;150;1;land;false;forest;6
8769;210;81;1;land;false;plains;6
8770;227;129;1;land;false;plains;6
8771;230;149;1;land;false;urban;6
8772;222;77;1;land;false;urban;6
8773;248;144;1;land;false;plains;6
8774;252;143;1;land;false;plains;6
8775;226;101;1;land;false;urban;6
8776;244;91;1;land;false;plains;6
8777;250;135;1;land;false;hills;6
8778;248;96;1;land;false;plains;6
8779;248;129;1;land;false;hills;6
8780;111;215;1;land;false;plains;6
8781;108;210;1;land;false;urban;6
8782;120;226;1;land;false;plains;6
8783;83;206;1;land;false;plains;6
8784;85;237;1;land;false;plains;6
8785;138;238;1;land;false;forest;6
8786;48;246;1;land;false;desert;6
8787;52;195;1;land;false;plains;6
8788;48;248;1;land;false;plains;6
8789;33;197;1;land;false;plains;6
8790;70;249;1;land;false;urban;6
8791;43;237;1;land;false;desert;6
8792;46;182;1;land;false;urban;6
8793;31;217;1;land;false;plains;6
8794;21;183;1;land;false;plains;6
8795;43;214;1;land;false;plains;6
8796;39;181;1;land;false;plains;6
8797;82;208;1;land;false;plains;6
8798;76;102;1;land;false;plains;6
8799;78;49;1;land;false;plains;6
8800;127;58;1;land;true;mountain;6
8801;142;74;1;land;false;plains;6
8802;137;80;1;land;false;plains;6
8803;78;85;1;land;true;hills;6
8804;85;70;1;land;false;plains;6
8805;79;46;1;land;true;hills;6
8806;97;73;1;land;false;plains;6
8807;145;53;1;land;false;plains;6
8808;149;56;1;land;false;plains;6
8809;96;99;1;land;false;hills;6
8810;114;67;1;land;true;plains;6
8811;95;91;1;land;false;plains;6
8812;88;36;1;land;true;mountain;6
8813;142;65;1;land;false;urban;6
8814;100;86;1;land;false;mountain;6
8815;129;89;1;land;false;plains;6
8816;104;45;1;land;false;plains;6
8817;162;103;1;land;false;plains;6
8818;132;57;1;land;false;plains;6
8819;86;13;1;land;false;hills;6
8820;35;57;1;land;false;plains;6
8821;80;19;1;land;false;plains;6
8822;71;60;1;land;false;plains;6
8823;36;18;1;land;false;hills;6
8824;55;57;1;land;false;plains;6
8825;46;90;1;land;false;plains;6
8826;53;26;1;land;false;hills;6
8827;92;58;1;land;false;plains;6
8828;104;52;1;land;false;plains;6
8829;39;23;1;land;false;plains;6
8830;37;12;1;land;false;hills;6
8831;68;83;1;land;false;hills;6
8832;93;89;1;land;false;plains;6
8833;55;55;1;land;false;plains;6
8834;93;86;1;land;false;plains;6
8835;59;87;1;land;false;plains;6
8836;39;51;1;land;false;plains;6
8837;110;51;1;land;false;plains;6
8838;70;50;1;land;false;plains;6
8839;103;43;1;land;false;plains;6
8840;88;46;1;land;false;plains;6
8841;66;140;1;land;false;urban;6
8842;136;162;1;land;true;urban;6
8843;117;151;1;land;false;hills;6
8844;102;124;1;land;false;plains;6
8845;81;113;1;land;false;plains;6
8846;105;111;1;land;true;urban;6
8847;125;116;1;land;false;plains;6
8848;86;133;1;land;false;urban;6
8849;99;40;1;land;false;urban;6
8850;151;33;1;land;false;forest;6
8851;82;95;1;land;false;forest;6
8852;144;52;1;land;false;hills;6
8853;107;84;1;land;false;forest;6
8854;141;47;1;land;false;forest;6
8855;108;86;1;land;false;hills;6
8856;141;57;1;land;false;plains;6
8857;130;39;1;land;false;urban;6
8858;156;53;1;land;false;plains;6
8859;110;72;1;land;false;hills;6
8860;124;91;1;land;false;plains;6
8861;148;75;1;land;false;urban;6
8862;102;34;1;land;false;forest;6
8863;150;76;1;land;false;urban;6
8864;154;46;1;land;false;forest;6
8865;140;38;1;land;false;urban;6
8866;157;38;1;land;false;urban;6
8867;152;43;1;land;false;plains;6
8868;109;103;1;land;false;forest;6
8869;139;37;1;land;false;hills;6
8870;187;117;1;land;false;plains;6
8871;125;112;1;land;false;plains;6
8872;163;79;1;land;false;plains;6
8873;169;59;1;land;false;plains;6
8874;187;93;1;land;false;urban;6
8875;134;105;1;land;false;plains;6
8876;133;51;1;land;false;plains;6
8877;196;83;1;land;false;urban;6
8878;133;112;1;land;false;plains;6
8879;121;42;1;land;false;plains;6
8880;157;49;1;land;false;plains;6
8881;162;93;1;land;false;plains;6
8882;174;116;1;land;false;plains;6
8883;199;138;1;land;false;plains;6
8884;156;201;1;land;false;urban;6
8885;189;145;1;land;false;plains;6
8886;184;181;1;land;false;plains;6
8887;163;200;1;land;false;urban;6
8888;147;178;1;land;false;urban;6
8889;207;137;1;land;false;plains;6
8890;214;191;1;land;false;plains;6
8891;80;49;1;land;false;hills;6
8892;110;56;1;land;false;hills;6
8893;184;190;1;land;false;plains;6
8894;149;155;1;land;true;plains;6
8895;115;151;1;land;true;plains;6
8896;140;123;1;land;false;plains;6
8897;132;131;1;land;true;plains;6
8898;143;129;1;land;true;plains;6
8899;105;149;1;land;false;plains;6
8900;111;177;1;land;true;plains;6
8901;136;137;1;land;false;plains;6
8902;141;195;1;land;false;plains;6
8903;177;168;1;land;false;plains;6
8904;126;107;1;land;false;hills;6
8905;90;165;1;land;false;plains;6
8906;128;134;1;land;false;urban;6
8907;72;147;1;land;false;plains;6
8908;65;118;1;land;false;plains;6
8909;102;170;1;land;false;plains;6
8910;71;166;1;land;false;urban;6
8911;114;134;1;land;false;urban;6
8912;123;170;1;land;false;hills;6
8913;72;142;1;land;false;plains;6
8914;91;170;1;land;false;plains;6
8915;100;103;1;land;false;plains;6
8916;71;138;1;land;false;plains;6
8917;100;178;1;land;false;plains;6
8918;67;138;1;land;false;plains;6
8919;119;183;1;land;false;plains;6
8920;72;112;1;land;false;plains;6
8921;70;141;1;land;false;hills;6
8922;160;30;1;land;false;urban;6
8923;190;36;1;land;true;urban;6
8924;173;31;1;land;false;plains;6
8925;195;9;1;land;true;forest;6
8926;225;18;1;land;false;plains;6
8927;175;40;1;land;true;forest;6
8928;234;39;1;land;false;plains;6
8929;168;0;1;land;true;urban;6
8930;215;20;1;land;true;forest;6
8931;213;124;1;land;true;forest;6
8932;170;90;1;land;false;mountain;6
8933;110;101;1;land;false;hills;6
8934;159;42;1;land;false;plains;6
8935;116;65;1;land;false;urban;6
8936;136;64;1;land;false;mountain;6
8937;162;95;1;land;false;plains;6
8938;109;61;1;land;false;plains;6
8939;105;45;1;land;false;hills;6
8940;108;67;1;land;false;hills;6
8941;182;101;1;land;false;plains;6
8942;117;77;1;land;false;mountain;6
8943;175;54;1;land;false;mountain;6
8944;181;69;1;land;false;plains;6
8945;178;47;1;land;false;plains;6
8946;111;86;1;land;false;hills;6
8947;154;112;1;land;false;hills;6
8948;175;104;1;land;false;hills;6
8949;121;70;1;land;false;plains;6
8950;124;46;1;land;false;hills;6
8951;82;64;1;land;false;plains;6
8952;131;98;1;land;false;plains;6
8953;134;96;1;land;false;hills;6
8954;89;76;1;land;false;plains;6
8955;87;52;1;land;false;plains;6
8956;98;20;1;land;false;plains;6
8957;223;172;1;land;false;plains;6
8958;224;160;1;land;false;mountain;6
8959;197;199;1;land;false;plains;6
8960;213;166;1;land;false;hills;6
8961;189;220;1;land;false;urban;6
8962;234;205;1;land;false;plains;6
8963;245;213;1;land;false;plains;6
8964;236;166;1;land;false;hills;6
8965;242;155;1;land;false;urban;6
8966;215;173;1;land;false;urban;6
8967;206;160;1;land;false;plains;6
8968;223;150;1;land;false;mountain;6
8969;189;142;1;land;false;plains;6
8970;198;181;1;land;false;hills;6
8971;229;149;1;land;false;plains;6
8972;203;87;1;land;false;hills;6
8973;226;75;1;land;false;plains;6
8974;210;134;1;land;false;plains;6
8975;216;119;1;land;false;hills;6
8976;231;115;1;land;false;hills;6
8977;207;136;1;land;false;hills;6
8978;247;144;1;land;false;plains;6
8979;225;140;1;land;false;plains;6
8980;235;109;1;land;false;hills;6
8981;51;120;1;land;false;hills;6
8982;14;103;1;land;false;urban;6
8983;3;134;1;land;false;hills;6
8984;47;126;1;land;false;hills;6
8985;7;143;1;land;false;plains;6
8986;49;103;1;land;false;hills;6
8987;6;123;1;land;false;hills;6
8988;36;113;1;land;false;plains;6
8989;23;101;1;land;false;mountain;6
8990;35;207;1;land;false;hills;6
8991;32;223;1;land;false;forest;6
8992;39;201;1;land;false;hills;6
8993;32;205;1;land;false;plains;6
8994;33;193;1;land;false;hills;6
8995;12;214;1;land;false;hills;6
8996;4;231;1;land;false;forest;6
8997;23;179;1;land;false;mountain;6
8998;17;179;1;land;false;plains;6
8999;18;216;1;land;false;plains;6
9000;7;174;1;land;false;urban;6
9001;11;225;1;land;false;forest;6
9002;12;178;1;land;false;urban;6
9003;25;191;1;land;false;forest;6
9004;19;180;1;land;false;urban;6
9005;8;236;1;land;false;hills;6
9006;39;160;1;land;false;hills;6
9007;34;229;1;land;false;mountain;6
9008;11;176;1;land;false;forest;6
9009;14;214;1;land;false;hills;6
9010;28;225;1;land;false;forest;6
9011;30;162;1;land;false;plains;6
9012;39;173;1;land;false;hills;6
9013;11;160;1;land;false;hills;6
9014;14;227;1;land;false;hills;6
9015;11;193;1;land;false;hills;6
9016;10;232;1;land;false;hills;6
9017;13;222;1;land;false;plains;6
9018;7;161;1;land;false;mountain;6
9019;151;179;1;land;false;urban;6
9020;117;164;1;land;false;forest;6
9021;138;118;1;land;false;forest;6
9022;130;154;1;land;false;forest;6
9023;150;170;1;land;false;plains;6
9024;165;125;1;land;false;plains;6
9025;154;140;1;land;false;plains;6
9026;98;169;1;land;false;forest;6
9027;172;168;1;land;false;urban;6
9028;243;31;1;land;true;plains;6
9029;253;27;1;land;true;forest;6
9030;224;2;1;land;false;hills;6
9031;236;6;1;land;true;plains;6
9032;228;6;1;land;true;plains;6
9033;231;54;1;land;false;urban;6
9034;208;13;1;land;false;plains;6
9035;244;49;1;land;false;plains;6
9036;207;52;1;land;false;plains;6
9037;206;60;1;land;true;plains;6
9038;209;0;1;land;true;plains;6
9039;222;31;1;land;true;forest;6
9040;244;58;1;land;false;hills;6
9041;244;42;1;land;false;hills;6
9042;236;24;1;land;false;hills;6
9043;241;37;1;land;false;plains;6
9044;228;26;1;land;false;plains;6
9045;253;21;1;land;false;urban;6
9046;218;21;1;land;false;plains;6
9047;242;28;1;land;false;urban;6
9048;224;55;1;land;false;urban;6
9049;241;5;1;land;false;plains;6
9050;246;7;1;land;false;urban;6
9051;224;27;1;land;false;mountain;6
9052;217;15;1;land;false;mountain;6
9053;230;47;1;land;false;plains;6
9054;253;20;1;land;false;hills;6
9055;218;28;1;land;false;hills;6
9056;247;15;1;land;false;plains;6
9057;227;18;1;land;false;urban;6
9058;253;46;1;land;false;hills;6
9059;214;26;1;land;false;hills;6
9060;236;54;1;land;false;hills;6
9061;214;6;1;land;false;plains;6
9062;233;49;1;land;false;plains;6
9063;249;2;1;land;false;hills;6
9064;242;41;1;land;false;plains;6
9065;45;173;1;land;false;plains;6
9066;212;45;1;land;true;plains;6
9067;181;43;1;land;false;plains;6
9068;174;38;1;land;true;plains;6
9069;201;45;1;land;false;plains;6
9070;208;30;1;land;false;plains;6
9071;219;16;1;land;false;plains;6
9072;173;32;1;land;true;plains;6
9073;215;21;1;land;true;plains;6
9074;233;40;1;land;true;plains;6
9075;234;34;1;land;true;plains;6
9076;140;56;1;land;true;plains;6
9077;116;95;1;land;true;plains;6
9078;110;55;1;land;false;hills;6
9079;95;64;1;land;true;hills;6
9080;99;108;1;land;true;plains;6
9081;72;76;1;land;false;hills;6
9082;133;78;1;land;true;hills;6
9083;131;96;1;land;false;mountain;6
9084;107;90;1;land;true;plains;6
9085;108;245;1;land;false;plains;6
9086;106;230;1;land;false;plains;6
9087;169;247;1;land;false;mountain;6
9088;95;225;1;land;false;plains;6
9089;148;244;1;land;false;hills;6
9090;116;233;1;land;false;mountain;6
9091;102;252;1;land;false;plains;6
9092;130;220;1;land;false;urban;6
9093;152;251;1;land;false;hills;6
9094;103;232;1;land;false;mountain;6
9095;128;232;1;land;false;mountain;6
9096;147;247;1;land;false;plains;6
9097;132;247;1;land;false;hills;6
9098;101;233;1;land;false;hills;6
9099;166;241;1;land;false;plains;6
9100;136;232;1;land;false;plains;6
9101;150;244;1;land;false;hills;6
9102;141;236;1;land;false;hills;6
9103;168;224;1;land;false;plains;6
9104;106;200;1;land;false;plains;6
9105;111;232;1;land;false;mountain;6
9106;5;84;1;land;false;forest;6
9107;28;52;1;land;false;forest;6
9108;0;90;1;land;false;plains;6
9109;12;21;1;land;false;plains;6
9110;56;88;1;land;false;urban;6
9111;16;87;1;land;false;hills;6
9112;57;95;1;land;false;plains;6
9113;28;19;1;land;false;plains;6
9114;14;23;1;land;false;forest;6
9115;0;16;1;land;false;forest;6
9116;67;227;1;land;false;mountain;6
9117;74;202;1;land;false;hills;6
9118;65;178;1;land;false;mountain;6
9119;57;224;1;land;false;mountain;6
9120;35;192;1;land;false;mountain;6
9121;169;219;1;land;false;plains;6
9122;208;182;1;land;false;plains;6
9123;137;208;1;land;false;plains;6
9124;147;189;1;land;false;plains;6
9125;198;156;1;land;false;forest;6
9126;138;174;1;land;false;plains;6
9127;181;160;1;land;false;plains;6
9128;176;164;1;land;false;plains;6
9129;190;205;1;land;false;hills;6
9130;177;177;1;land;false;urban;6
9131;230;242;1;land;false;forest;6
9132;214;183;1;land;false;hills;6
9133;246;221;1;land;false;hills;6
9134;181;194;1;land;false;forest;6
9135;192;174;1;land;false;plains;6
9136;219;221;1;land;false;hills;6
9137;237;174;1;land;false;forest;6
9138;233;244;1;land;false;forest;6
9139;178;172;1;land;false;plains;6
9140;242;233;1;land;false;plains;6
9141;207;203;1;land;false;hills;6
9142;228;205;1;land;false;urban;6
9143;174;167;1;land;false;hills;6
9144;221;168;1;land;false;plains;6
9145;250;200;1;land;false;forest;6
9146;239;173;1;land;false;forest;6
9147;209;223;1;land;false;plains;6
9148;119;63;1;land;false;mountain;6
9149;114;64;1;land;false;plains;6
9150;142;36;1;land;false;hills;6
9151;107;55;1;land;false;plains;6
9152;151;58;1;land;false;plains;6
9153;124;41;1;land;false;hills;6
9154;120;47;1;land;false;plains;6
9155;125;83;1;land;false;mountain;6
9156;92;32;1;land;false;mountain;6
9157;157;79;1;land;false;plains;6
9158;114;31;1;land;false;plains;6
9159;106;25;1;land;false;plains;6
9160;91;30;1;land;false;plains;6
9161;148;60;1;land;false;hills;6
9162;41;54;1;land;true;plains;6
9163;47;2;1;land;true;plains;6
9164;50;38;1;land;true;plains;6
9165;147;124;1;land;true;plains;6
9166;134;53;1;land;true;plains;6
9167;156;88;1;land;true;plains;6
9168;104;127;1;land;false;plains;6
9169;127;129;1;land;false;plains;6
9170;91;74;1;land;false;urban;6
9171;159;102;1;land;false;plains;6
9172;227;31;1;land;false;plains;6
9173;225;43;1;land;false;plains;6
9174;223;57;1;land;false;plains;6
9175;196;31;1;land;false;plains;6
9176;195;13;1;land;false;plains;6
9177;213;33;1;land;false;plains;6
9178;81;37;1;land;false;plains;6
9179;73;39;1;land;false;urban;6
9180;143;12;1;land;false;plains;6
9181;77;10;1;land;false;plains;6
9182;94;23;1;land;false;plains;6
9183;72;39;1;land;false;plains;6
9184;112;3;1;land;false;plains;6
9185;92;248;1;land;false;plains;6
9186;106;240;1;land;false;plains;6
9187;104;203;1;land;false;plains;6
9188;61;217;1;land;false;plains;6
9189;87;251;1;land;false;plains;6
9190;72;240;1;land;false;urban;6
9191;106;251;1;land;false;plains;6
9192;94;248;1;land;false;plains;6
9193;89;206;1;land;false;plains;6
9194;222;247;1;land;false;plains;6
9195;242;209;1;land;false;plains;6
9196;235;206;1;land;false;mountain;6
9197;252;193;1;land;false;hills;6
9198;234;226;1;land;false;hills;6
9199;204;253;1;land;false;hills;6
9200;217;222;1;land;false;hills;6
9201;253;198;1;land;false;hills;6
9202;235;188;1;land;false;hills;6
9203;244;181;1;land;false;hills;6
9204;206;230;1;land;false;plains;6
9205;241;211;1;land;false;hills;6
9206;226;184;1;land;false;hills;6
9207;232;195;1;land;false;urban;6
9208;89;65;1;land;false;hills;6
9209;89;58;1;land;false;hills;6
9210;59;17;1;land;false;hills;6
9211;51;15;1;land;false;hills;6
9212;78;19;1;land;false;hills;6
9213;66;31;1;land;false;plains;6
9214;86;45;1;land;false;hills;6
9215;42;142;1;land;false;hills;6
9216;58;170;1;land;false;plains;6
9217;57;147;1;land;false;plains;6
9218;58;154;1;land;false;hills;6
9219;37;153;1;land;false;hills;6
9220;47;121;1;land;false;hills;6
9221;107;193;1;land;false;urban;6
9222;52;239;1;land;false;plains;6
9223;115;217;1;land;false;urban;6
9224;105;198;1;land;false;hills;6
9225;60;252;1;land;false;plains;6
9226;67;182;1;land;false;plains;6
9227;109;195;1;land;false;urban;6
9228;246;187;1;land;false;hills;6
9229;204;201;1;land;false;urban;6
9230;208;166;1;land;false;plains;6
9231;192;161;1;land;false;urban;6
9232;223;152;1;land;false;plains;6
9233;208;180;1;land;false;urban;6
9234;193;192;1;land;false;hills;6
9235;185;184;1;land;false;plains;6
9236;183;140;1;land;false;hills;6
9237;210;147;1;land;false;hills;6
9238;225;200;1;land;false;plains;6
9239;242;164;1;land;false;hills;6
9240;131;119;1;land;false;hills;6
9241;101;146;1;land;false;forest;6
9242;133;177;1;land;false;forest;6
9243;157;158;1;land;false;hills;6
9244;89;155;1;land;false;hills;6
9245;155;117;1;land;false;plains;6
9246;159;118;1;land;false;plains;6
9247;126;156;1;land;false;hills;6
9248;159;189;1;land;false;hills;6
9249;164;168;1;land;false;urban;6
9250;118;171;1;land;false;hills;6
9251;93;135;1;land;false;forest;6
9252;144;181;1;land;false;forest;6
9253;108;154;1;land;false;plains;6
9254;102;136;1;land;false;hills;6
9255;120;143;1;land;false;forest;6
9256;94;116;1;land;false;urban;6
9257;153;156;1;land;false;forest;6
9258;138;143;1;land;false;hills;6
9259;172;20;1;land;false;hills;6
9260;217;28;1;land;false;plains;6
9261;147;14;1;land;false;plains;6
9262;204;41;1;land;false;mountain;6
9263;201;20;1;land;false;mountain;6
9264;142;3;1;land;false;mountain;6
9265;169;46;1;land;false;mountain;6
9266;150;50;1;land;false;plains;6
9267;177;59;1;land;false;urban;6
9268;218;29;1;land;false;mountain;6
9269;186;44;1;land;false;mountain;6
9270;195;55;1;land;false;urban;6
9271;169;15;1;land;false;plains;6
9272;180;8;1;land;false;mountain;6
9273;191;37;1;land;false;hills;6
9274;103;249;1;land;false;plains;6
9275;88;228;1;land;false;hills;6
9276;112;232;1;land;false;hills;6
9277;108;238;1;land;false;hills;6
9278;71;243;1;land;false;mountain;6
9279;117;230;1;land;false;hills;6
9280;122;220;1;land;false;hills;6
9281;119;220;1;land;false;plains;6
9282;66;225;1;land;false;urban;6
9283;131;218;1;land;false;mountain;6
9284;136;225;1;land;false;hills;6
9285;91;215;1;land;false;hills;6
9286;87;119;1;land;false;urban;6
9287;52;122;1;land;true;plains;6
9288;80;112;1;land;false;urban;6
9289;91;132;1;land;false;plains;6
9290;37;146;1;land;false;plains;6
9291;56;148;1;land;false;urban;6
9292;95;161;1;land;false;plains;6
9293;105;109;1;land;true;plains;6
9294;88;162;1;land;false;urban;6
9295;90;166;1;land;false;plains;6
9296;89;151;1;land;false;plains;6
9297;98;163;1;land;false;plains;6
9298;65;124;1;land;false;plains;6
9299;69;122;1;land;false;urban;6
9300;83;142;1;land;false;urban;6
9301;45;107;1;land;true;plains;6
9302;112;115;1;land;false;plains;6
9303;2;235;1;land;false;plains;6
9304;4;239;1;land;true;plains;6
9305;33;220;1;land;true;plains;6
9306;3;231;1;land;false;plains;6
9307;41;245;1;land;false;plains;6
9308;26;206;1;land;true;plains;6
9309;29;182;1;land;true;plains;6
9310;24;243;1;land;false;urban;6
9311;24;218;1;land;false;plains;6
9312;6;223;1;land;false;plains;6
9313;37;228;1;land;true;plains;6
9314;11;249;1;land;false;urban;6
9315;23;208;1;land;false;plains;6
9316;20;218;1;land;false;plains;6
9317;27;195;1;land;false;plains;6
9318;19;182;1;land;false;plains;6
9319;31;195;1;land;false;plains;6
9320;6;182;1;land;true;plains;6
9321;6;240;1;land;true;plains;6
9322;7;245;1;land;false;urban;6
9323;25;205;1;land;false;plains;6
9324;31;241;1;land;false;plains;6
9325;16;217;1;land;false;plains;6
9326;31;199;1;land;false;plains;6
9327;19;184;1;land;false;plains;6
9328;202;178;1;land;false;hills;6
9329;241;172;1;land;false;mountain;6
9330;191;210;1;land;false;hills;6
9331;242;170;1;land;false;mountain;6
9332;146;157;1;land;true;plains;6
9333;114;154;1;land;true;plains;6
9334;124;211;1;land;true;urban;6
9335;103;205;1;land;false;urban;6
9336;169;209;1;land;false;plains;6
9337;120;153;1;land;false;plains;6
9338;134;172;1;land;false;urban;6
9339;170;251;1;land;false;hills;6
9340;165;238;1;land;false;hills;6
9341;167;201;1;land;false;hills;6
9342;174;231;1;land;false;mountain;6
9343;127;224;1;land;false;plains;6
9344;121;237;1;land;false;hills;6
9345;163;212;1;land;false;hills;6
9346;208;229;1;land;false;urban;6
9347;193;231;1;land;false;plains;6
9348;221;244;1;land;false;urban;6
9349;209;246;1;land;false;plains;6
9350;208;218;1;land;false;plains;6
9351;182;228;1;land;false;plains;6
9352;193;238;1;land;false;hills;6
9353;67;197;1;land;true;hills;6
9354;51;207;1;land;false;mountain;6
9355;27;189;1;land;false;hills;6
9356;227;151;1;land;false;plains;6
9357;210;183;1;land;false;plains;6
9358;253;190;1;land;false;urban;6
9359;209;212;1;land;false;plains;6
9360;219;218;1;land;false;plains;6
9361;219;219;1;land;false;hills;6
9362;216;151;1;land;false;plains;6
9363;239;194;1;land;false;plains;6
9364;209;154;1;land;false;hills;6
9365;211;174;1;land;false;plains;6
9366;239;189;1;land;false;plains;6
9367;21;189;1;land;false;hills;6
9368;47;228;1;land;false;hills;6
9369;31;184;1;land;false;hills;6
9370;88;75;1;land;false;hills;6
9371;74;31;1;land;false;hills;6
9372;88;15;1;land;false;plains;6
9373;35;26;1;land;false;plains;6
9374;100;53;1;land;false;plains;6
9375;85;38;1;land;false;hills;6
9376;80;28;1;land;false;plains;6
9377;64;56;1;land;false;hills;6
9378;62;142;1;land;false;plains;6
9379;99;134;1;land;false;mountain;6
9380;77;147;1;land;false;urban;6
9381;35;161;1;land;false;mountain;6
9382;82;115;1;land;false;mountain;6
9383;98;138;1;land;false;mountain;6
9384;100;180;1;land;false;mountain;6
9385;63;180;1;land;false;hills;6
9386;101;153;1;land;false;hills;6
9387;35;134;1;land;false;plains;6
9388;100;121;1;land;false;mountain;6
9389;96;186;1;land;false;hills;6
9390;64;193;1;land;false;hills;6
9391;66;179;1;land;false;mountain;6
9392;38;132;1;land;false;plains;6
9393;51;135;1;land;false;hills;6
9394;111;120;1;land;false;mountain;6
9395;68;189;1;land;false;plains;6
9396;105;61;1;land;false;urban;6
9397;128;109;1;land;false;hills;6
9398;126;72;1;land;false;plains;6
9399;123;56;1;land;false;plains;6
9400;109;96;1;land;false;plains;6
9401;114;111;1;land;false;plains;6
9402;133;79;1;land;false;hills;6
9403;139;72;1;land;false;plains;6
9404;162;117;1;land;false;plains;6
9405;132;47;1;land;false;plains;6
9406;152;61;1;land;false;hills;6
9407;117;62;1;land;false;plains;6
9408;110;60;1;land;false;plains;6
9409;124;53;1;land;false;plains;6
9410;143;66;1;land;false;plains;6
9411;164;120;1;land;false;plains;6
9412;135;99;1;land;false;plains;6
9413;115;124;1;land;false;urban;6
9414;151;209;1;land;false;urban;6
9415;189;207;1;land;false;plains;6
9416;132;236;1;land;false;plains;6
9417;192;198;1;land;false;urban;6
9418;140;241;1;land;false;urban;6
9419;53;246;1;land;true;plains;6
9420;103;243;1;land;true;plains;6
9421;54;212;1;land;false;plains;6
9422;95;238;1;land;true;plains;6
9423;68;247;1;land;true;hills;6
9424;134;152;1;land;false;plains;6
9425;158;203;1;land;false;urban;6
9426;167;195;1;land;false;plains;6
9427;144;157;1;land;false;hills;6
9428;164;216;1;land;false;hills;6
9429;165;159;1;land;false;hills;6
9430;119;149;1;land;false;hills;6
9431;162;163;1;land;false;mountain;6
9432;156;155;1;land;false;hills;6
9433;126;215;1;land;false;hills;6
9434;110;214;1;land;false;mountain;6
9435;9;122;1;land;false;plains;6
9436;41;172;1;land;false;plains;6
9437;4;154;1;land;false;hills;6
9438;19;96;1;land;false;mountain;6
9439;17;122;1;land;false;hills;6
9440;46;143;1;land;false;mountain;6
9441;5;110;1;land;false;mountain;6
9442;40;105;1;land;false;plains;6
9443;9;104;1;land;false;plains;6
9444;30;160;1;land;false;hills;6
9445;9;100;1;land;false;urban;6
9446;56;100;1;land;false;mountain;6
9447;19;139;1;land;false;mountain;6
9448;165;231;1;land;false;plains;6
9449;106;208;1;land;false;hills;6
9450;177;227;1;land;false;hills;6
9451;147;236;1;land;false;hills;6
9452;112;235;1;land;false;hills;6
9453;154;193;1;land;false;hills;6
9454;132;221;1;land;false;desert;6
9455;174;245;1;land;false;hills;6
9456;135;218;1;land;false;hills;6
9457;165;216;1;land;false;hills;6
9458;107;225;1;land;false;hills;6
9459;158;250;1;land;false;hills;6
9460;102;199;1;land;false;hills;6
9461;139;121;1;land;false;plains;6
9462;140;91;1;land;false;plains;6
9463;147;103;1;land;false;plains;6
9464;167;122;1;land;false;plains;6
9465;156;78;1;land;false;plains;6
9466;180;99;1;land;false;plains;6
9467;175;89;1;land;false;plains;6
9468;119;62;1;land;false;urban;6
9469;228;130;1;land;false;urban;6
9470;173;72;1;land;false;plains;6
9471;229;131;1;land;false;plains;6
9472;185;82;1;land;false;urban;6
9473;184;93;1;land;false;plains;6
9474;208;88;1;land;false;plains;6
9475;223;71;1;land;false;urban;6
9476;187;143;1;land;false;plains;6
9477;184;111;1;land;false;plains;6
9478;242;177;1;land;false;plains;6
9479;240;210;1;land;false;plains;6
9480;224;207;1;land;false;plains;6
9481;216;161;1;land;false;plains;6
9482;223;183;1;land;false;plains;6
9483;221;199;1;land;false;urban;6
9484;228;174;1;land;false;plains;6
9485;254;208;1;land;false;plains;6
9486;236;182;1;land;false;plains;6
9487;149;106;1;land;false;hills;6
9488;154;153;1;land;false;hills;6
9489;92;135;1;land;false;mountain;6
9490;123;149;1;land;false;mountain;6
9491;162;130;1;land;false;mountain;6
9492;150;133;1;land;false;mountain;6
9493;152;127;1;land;false;mountain;6
9494;115;119;1;land;false;mountain;6
9495;91;163;1;land;false;hills;6
9496;116;178;1;land;false;hills;6
9497;117;167;1;land;false;mountain;6
9498;158;102;1;land;false;mountain;6
9499;84;119;1;land;false;hills;6
9500;151;121;1;land;false;mountain;6
9501;94;166;1;land;false;hills;6
9502;98;121;1;land;false;mountain;6
9503;130;129;1;land;false;hills;6
9504;100;151;1;land;false;hills;6
9505;110;170;1;land;false;hills;6
9506;43;134;1;land;false;hills;6
9507;31;134;1;land;false;plains;6
9508;9;124;1;land;false;plains;6
9509;57;212;1;land;false;urban;6
9510;88;209;1;land;false;urban;6
9511;28;250;1;land;false;urban;6
9512;69;249;1;land;false;forest;6
9513;91;196;1;land;false;plains;6
9514;32;244;1;land;false;hills;6
9515;75;253;1;land;false;urban;6
9516;58;235;1;land;false;forest;6
9517;34;247;1;land;false;forest;6
9518;217;61;1;land;false;urban;6
9519;242;108;1;land;false;plains;6
9520;243;53;1;land;false;urban;6
9521;178;63;1;land;false;plains;6
9522;195;125;1;land;false;plains;6
9523;241;119;1;land;false;hills;6
9524;231;102;1;land;false;plains;6
9525;191;112;1;land;false;plains;6
9526;208;101;1;land;false;plains;6
9527;38;223;1;land;false;mountain;6
9528;22;199;1;land;false;mountain;6
9529;48;192;1;land;false;hills;6
9530;45;201;1;land;false;hills;6
9531;38;204;1;land;false;hills;6
9532;136;5;1;land;false;plains;6
9533;181;36;1;land;true;plains;6
9534;166;29;1;land;true;plains;6
9535;199;42;1;land;true;plains;6
9536;196;24;1;land;true;plains;6
9537;135;10;1;land;true;plains;6
9538;160;24;1;land;false;plains;6
9539;137;8;1;land;true;plains;6
9540;163;148;1;land;false;plains;6
9541;164;196;1;land;false;urban;6
9542;219;171;1;land;false;plains;6
9543;193;140;1;land;false;forest;6
9544;206;156;1;land;false;forest;6
9545;168;140;1;land;false;plains;6
9546;187;165;1;land;false;plains;6
9547;157;175;1;land;false;plains;6
9548;223;136;1;land;false;urban;6
9549;218;147;1;land;false;plains;6
9550;194;187;1;land;false;plains;6
9551;232;165;1;land;false;plains;6
9552;175;155;1;land;false;urban;6
9553;226;133;1;land;false;plains;6
9554;204;167;1;land;false;hills;6
9555;191;169;1;land;false;plains;6
9556;195;166;1;land;false;plains;6
9557;207;38;1;land;false;plains;6
9558;242;9;1;land;false;plains;6
9559;104;166;1;land;false;plains;6
9560;144;155;1;land;false;hills;6
9561;80;145;1;land;false;hills;6
9562;99;137;1;land;false;hills;6
9563;133;167;1;land;false;hills;6
9564;117;125;1;land;false;plains;6
9565;111;158;1;land;false;plains;6
9566;78;148;1;land;false;mountain;6
9567;142;105;1;land;false;hills;6
9568;116;112;1;land;false;hills;6
9569;75;118;1;land;false;plains;6
9570;130;151;1;land;false;hills;6
9571;131;35;1;land;false;plains;6
9572;151;17;1;land;false;plains;6
9573;160;36;1;land;false;urban;6
9574;163;40;1;land;false;hills;6
9575;130;9;1;land;false;hills;6
9576;182;28;1;land;false;plains;6
9577;155;11;1;land;false;plains;6
9578;117;23;1;land;false;plains;6
9579;174;10;1;land;false;urban;6
9580;146;20;1;land;false;hills;6
9581;187;13;1;land;false;hills;6
9582;180;31;1;land;false;plains;6
9583;164;40;1;land;false;hills;6
9584;178;2;1;land;false;mountain;6
9585;189;30;1;land;false;plains;6
9586;29;212;1;land;false;plains;6
9587;65;215;1;land;false;plains;6
9588;46;211;1;land;false;plains;6
9589;88;205;1;land;false;plains;6
9590;105;213;1;land;false;plains;6
9591;100;226;1;land;false;urban;6
9592;80;236;1;land;false;plains;6
9593;70;234;1;land;false;plains;6
9594;87;219;1;land;false;plains;6
9595;224;210;1;land;false;plains;6
9596;185;225;1;land;true;plains;6
9597;187;159;1;land;false;hills;6
9598;224;218;1;land;false;hills;6
9599;175;187;1;land;true;hills;6
9600;195;210;1;land;false;hills;6
9601;182;224;1;land;false;hills;6
9602;184;226;1;land;true;plains;6
9603;172;159;1;land;true;plains;6
9604;188;165;1;land;false;urban;6
9605;175;184;1;land;false;plains;6
9606;232;162;1;land;false;plains;6
9607;170;175;1;land;true;plains;6
9608;193;228;1;land;false;hills;6
9609;239;215;1;land;false;forest;6
9610;201;204;1;land;false;hills;6
9611;173;227;1;land;true;mountain;6
9612;167;220;1;land;false;plains;6
9613;222;172;1;land;false;mountain;6
9614;204;159;1;land;false;hills;6
9615;199;153;1;land;true;hills;6
9616;241;180;1;land;true;plains;6
9617;218;218;1;land;true;hills;6
9618;168;177;1;land;false;plains;6
9619;239;154;1;land;true;plains;6
9620;229;221;1;land;true;plains;6
9621;216;170;1;land;false;plains;6
9622;236;162;1;land;false;hills;6
9623;104;60;1;land;true;hills;6
9624;84;56;1;land;true;plains;6
9625;81;78;1;land;false;hills;6
9626;138;62;1;land;false;plains;6
9627;116;26;1;land;true;plains;6
9628;142;46;1;land;false;hills;6
9629;137;83;1;land;true;hills;6
9630;140;66;1;land;false;mountain;6
9631;82;59;1;land;false;hills;6
9632;133;76;1;land;false;hills;6
9633;125;71;1;land;false;plains;6
9634;82;28;1;land;false;urban;6
9635;97;71;1;land;true;hills;6
9636;174;166;1;land;false;forest;6
9637;153;190;1;land;false;plains;6
9638;166;188;1;land;false;plains;6
9639;193;172;1;land;false;urban;6
9640;199;160;1;land;false;plains;6
9641;184;208;1;land;false;forest;6
9642;131;146;1;land;false;forest;6
9643;149;166;1;land;false;plains;6
9644;181;195;1;land;false;plains;6
9645;163;191;1;land;false;plains;6
9646;176;156;1;land;false;urban;6
9647;127;151;1;land;false;forest;6
9648;129;179;1;land;false;plains;6
9649;194;186;1;land;false;plains;6
9650;196;159;1;land;false;forest;6
9651;167;171;1;land;false;plains;6
9652;142;175;1;land;false;forest;6
9653;121;156;1;land;false;plains;6
9654;213;88;1;land;false;plains;6
9655;209;116;1;land;false;urban;6
9656;149;82;1;land;false;plains;6
9657;179;115;1;land;false;plains;6
9658;151;73;1;land;false;urban;6
9659;38;197;1;land;false;hills;6
9660;1;205;1;land;false;hills;6
9661;12;177;1;land;false;mountain;6
9662;40;226;1;land;false;mountain;6
9663;40;187;1;land;false;mountain;6
9664;43;198;1;land;false;plains;6
9665;15;193;1;land;false;hills;6
9666;24;187;1;land;false;mountain;6
9667;27;199;1;land;false;hills;6
9668;28;191;1;land;false;hills;6
9669;32;213;1;land;false;mountain;6
9670;43;206;1;land;false;hills;6
9671;18;187;1;land;false;hills;6
9672;1;44;1;land;false;mountain;6
9673;0;29;1;land;false;hills;6
9674;0;57;1;land;false;hills;6
9675;34;71;1;land;false;hills;6
9676;9;45;1;land;false;hills;6
9677;22;192;1;land;false;plains;6
9678;68;185;1;land;false;plains;6
9679;67;170;1;land;false;plains;6
9680;84;236;1;land;false;hills;6
9681;71;210;1;land;false;plains;6
9682;69;165;1;land;false;urban;6
9683;44;173;1;land;false;plains;6
9684;46;221;1;land;false;plains;6
9685;11;180;1;land;false;plains;6
9686;58;228;1;land;false;plains;6
9687;76;240;1;land;false;plains;6
9688;18;193;1;land;false;plains;6
9689;44;211;1;land;false;plains;6
9690;75;223;1;land;false;plains;6
9691;162;152;1;land;false;plains;6
9692;208;163;1;land;false;plains;6
9693;142;174;1;land;false;plains;6
9694;205;147;1;land;false;plains;6
9695;217;178;1;land;false;plains;6
9696;220;159;1;land;false;plains;6
9697;195;182;1;land;false;plains;6
9698;181;8;1;land;false;plains;6
9699;193;41;1;land;false;plains;6
9700;221;20;1;land;false;urban;6
9701;215;31;1;land;false;plains;6
9702;187;17;1;land;false;plains;6
9703;226;12;1;land;false;plains;6
9704;210;56;1;land;false;hills;6
9705;169;6;1;land;false;plains;6
9706;158;41;1;land;false;plains;6
9707;224;8;1;land;false;plains;6
9708;192;36;1;land;false;plains;6
9709;140;53;1;land;false;plains;6
9710;118;42;1;land;false;plains;6
9711;158;3;1;land;false;hills;6
9712;144;46;1;land;false;plains;6
9713;157;14;1;land;false;hills;6
9714;171;51;1;land;false;hills;6
9715;143;49;1;land;false;urban;6
9716;174;23;1;land;false;plains;6
9717;144;20;1;land;false;hills;6
9718;99;104;1;land;false;plains;6
9719;95;134;1;land;false;plains;6
9720;214;251;1;land;false;plains;6
9721;203;252;1;land;false;plains;6
9722;234;210;1;land;false;hills;6
9723;246;248;1;land;false;hills;6
9724;245;238;1;land;false;plains;6
9725;245;221;1;land;false;hills;6
9726;214;227;1;land;false;plains;6
9727;225;224;1;land;false;mountain;6
9728;252;254;1;land;false;plains;6
9729;212;207;1;land;false;plains;6
9730;165;193;1;land;true;hills;6
9731;124;235;1;land;false;hills;6
9732;161;166;1;land;false;mountain;6
9733;139;191;1;land;false;hills;6
9734;196;172;1;land;false;hills;6
9735;172;197;1;land;false;plains;6
9736;167;179;1;land;false;hills;6
9737;133;210;1;land;true;hills;6
9738;184;216;1;land;false;mountain;6
9739;187;216;1;land;false;hills;6
9740;173;186;1;land;false;hills;6
9741;198;230;1;land;false;plains;6
9742;174;194;1;land;false;mountain;6
9743;153;180;1;land;true;urban;6
9744;123;225;1;land;false;hills;6
9745;132;209;1;land;false;mountain;6
9746;150;238;1;land;false;hills;6
9747;181;240;1;land;false;hills;6
9748;150;211;1;land;false;hills;6
9749;158;164;1;land;false;plains;6
9750;193;150;1;land;false;plains;6
9751;219;106;1;land;false;plains;6
9752;251;141;1;land;false;urban;6
9753;243;177;1;land;false;urban;6
9754;201;123;1;land;false;plains;6
9755;241;110;1;land;false;urban;6
9756;222;225;1;land;false;plains;6
9757;212;192;1;land;false;plains;6
9758;230;206;1;land;false;urban;6
9759;235;210;1;land;false;plains;6
9760;249;194;1;land;false;plains;6
9761;218;243;1;land;false;urban;6
9762;247;224;1;land;false;urban;6
9763;214;231;1;land;false;plains;6
9764;228;238;1;land;false;plains;6
9765;228;228;1;land;false;plains;6
9766;177;77;1;land;false;plains;6
9767;201;89;1;land;false;hills;6
9768;214;88;1;land;false;hills;6
9769;236;104;1;land;false;desert;6
9770;222;76;1;land;false;desert;6
9771;189;55;1;land;false;plains;6
9772;206;88;1;land;false;plains;6
9773;219;105;1;land;false;hills;6
9774;227;83;1;land;false;desert;6
9775;207;86;1;land;false;plains;6
9776;194;53;1;land;false;desert;6
9777;191;116;1;land;false;hills;6
9778;247;112;1;land;false;plains;6
9779;221;103;1;land;false;desert;6
9780;194;71;1;land;false;hills;6
9781;200;99;1;land;false;hills;6
9782;216;47;1;land;false;plains;6
9783;207;53;1;land;false;hills;6
9784;202;95;1;land;false;plains;6
9785;226;83;1;land;false;plains;6
9786;204;103;1;land;false;desert;6
9787;199;96;1;land;false;hills;6
9788;189;106;1;land;false;plains;6
9789;190;56;1;land;false;desert;6
9790;244;84;1;land;false;desert;6
9791;187;60;1;land;false;desert;6
9792;233;72;1;land;false;desert;6
9793;248;93;1;land;false;plains;6
9794;238;68;1;land;false;plains;6
9795;174;46;1;land;false;plains;6
9796;244;88;1;land;false;hills;6
9797;209;117;1;land;false;plains;6
9798;238;97;1;land;false;plains;6
9799;180;73;1;land;false;hills;6
9800;231;73;1;land;false;plains;6
9801;217;69;1;land;false;hills;6
9802;199;116;1;land;false;plains;6
9803;245;118;1;land;false;plains;6
9804;199;105;1;land;false;plains;6
9805;229;55;1;land;false;plains;6
9806;182;52;1;land;false;hills;6
9807;210;65;1;land;false;desert;6
9808;181;74;1;land;false;desert;6
9809;228;110;1;land;false;plains;6
9810;245;117;1;land;false;hills;6
9811;62;172;1;land;false;forest;6
9812;33;164;1;land;false;forest;6
9813;40;172;1;land;false;urban;6
9814;42;223;1;land;false;forest;6
9815;40;205;1;land;false;forest;6
9816;167;70;1;land;false;plains;6
9817;134;83;1;land;false;forest;6
9818;162;12;1;land;false;forest;6
9819;162;25;1;land;false;urban;6
9820;120;23;1;land;false;forest;6
9821;135;27;1;land;false;urban;6
9822;166;80;1;land;false;forest;6
9823;71;193;1;land;false;urban;6
9824;67;209;1;land;false;plains;6
9825;76;210;1;land;false;plains;6
9826;50;180;1;land;false;urban;6
9827;45;177;1;land;false;plains;6
9828;56;165;1;land;false;plains;6
9829;51;145;1;land;false;plains;6
9830;92;169;1;land;false;urban;6
9831;90;153;1;land;false;plains;6
9832;61;209;1;land;false;urban;6
9833;92;145;1;land;false;plains;6
9834;221;35;1;land;false;plains;6
9835;215;5;1;land;false;plains;6
9836;211;45;1;land;false;forest;6
9837;240;32;1;land;false;forest;6
9838;232;23;1;land;false;urban;6
9839;235;44;1;land;false;urban;6
9840;221;2;1;land;false;plains;6
9841;231;12;1;land;false;plains;6
9842;226;32;1;land;false;plains;6
9843;224;41;1;land;false;plains;6
9844;252;45;1;land;false;forest;6
9845;229;39;1;land;false;urban;6
9846;222;35;1;land;false;plains;6
9847;87;92;1;land;false;plains;6
9848;154;82;1;land;false;urban;6
9849;154;65;1;land;false;plains;6
9850;83;126;1;land;false;plains;6
9851;108;88;1;land;false;plains;6
9852;140;137;1;land;false;plains;6
9853;71;63;1;land;false;hills;6
9854;120;53;1;land;false;hills;6
9855;84;64;1;land;false;plains;6
9856;107;67;1;land;false;urban;6
9857;41;42;1;land;false;plains;6
9858;44;62;1;land;false;mountain;6
9859;65;72;1;land;false;plains;6
9860;118;62;1;land;false;mountain;6
9861;93;30;1;land;false;plains;6
9862;109;67;1;land;false;hills;6
9863;60;9;1;land;false;plains;6
9864;113;24;1;land;false;plains;6
9865;79;57;1;land;false;hills;6
9866;98;32;1;land;false;plains;6
9867;100;51;1;land;false;plains;6
9868;73;60;1;land;false;urban;6
9869;91;8;1;land;false;hills;6
9870;122;28;1;land;true;hills;6
9871;127;50;1;land;true;hills;6
9872;139;9;1;land;false;hills;6
9873;100;25;1;land;true;hills;6
9874;68;14;1;land;false;mountain;6
9875;161;140;1;land;false;hills;6
9876;182;145;1;land;false;hills;6
9877;148;104;1;land;false;hills;6
9878;193;239;1;land;false;mountain;6
9879;240;224;1;land;false;mountain;6
9880;248;201;1;land;false;mountain;6
9881;250;189;1;land;false;mountain;6
9882;54;186;1;land;true;forest;6
9883;9;188;1;land;true;plains;6
9884;4;162;1;land;true;urban;6
9885;170;67;1;land;false;plains;6
9886;235;50;1;land;false;plains;6
9887;188;83;1;land;true;plains;6
9888;184;75;1;land;false;plains;6
9889;226;69;1;land;false;plains;6
9890;246;18;1;land;false;plains;6
9891;235;22;1;land;false;plains;6
9892;213;81;1;land;false;plains;6
9893;189;77;1;land;true;plains;6
9894;228;54;1;land;false;plains;6
9895;186;5;1;land;false;plains;6
9896;243;42;1;land;true;plains;6
9897;239;23;1;land;false;plains;6
9898;229;20;1;land;false;plains;6
9899;197;17;1;land;true;plains;6
9900;174;77;1;land;false;urban;6
9901;174;49;1;land;false;plains;6
9902;174;42;1;land;false;plains;6
9903;177;84;1;land;false;plains;6
9904;192;58;1;land;false;plains;6
9905;110;211;1;land;true;plains;6
9906;54;200;1;land;true;urban;6
9907;113;237;1;land;false;urban;6
9908;133;35;1;land;false;plains;6
9909;165;21;1;land;false;plains;6
9910;117;8;1;land;false;hills;6
9911;121;58;1;land;false;urban;6
9912;168;28;1;land;false;plains;6
9913;150;37;1;land;false;plains;6
9914;95;20;1;land;false;plains;6
9915;237;144;1;land;false;plains;6
9916;220;121;1;land;false;plains;6
9917;203;147;1;land;false;plains;6
9918;248;167;1;land;false;plains;6
9919;202;169;1;land;false;plains;6
9920;252;170;1;land;false;plains;6
9921;190;167;1;land;false;plains;6
9922;192;150;1;land;false;plains;6
9923;233;127;1;land;false;plains;6
9924;228;159;1;land;false;plains;6
9925;243;140;1;land;false;plains;6
9926;190;169;1;land;false;plains;6
9927;231;168;1;land;false;plains;6
9928;216;121;1;land;false;plains;6
9929;228;118;1;land;false;plains;6
9930;189;135;1;land;false;plains;6
9931;214;122;1;land;false;plains;6
9932;225;146;1;land;false;urban;6
9933;242;175;1;land;false;plains;6
9934;122;72;1;land;true;plains;6
9935;147;95;1;land;false;plains;6
9936;141;114;1;land;true;urban;6
9937;146;95;1;land;false;plains;6
9938;185;97;1;land;true;plains;6
9939;184;108;1;land;false;plains;6
9940;242;71;1;land;false;hills;6
9941;226;55;1;land;false;hills;6
9942;246;109;1;land;false;plains;6
9943;230;65;1;land;false;plains;6
9944;191;56;1;land;false;urban;6
9945;205;92;1;land;false;forest;6
9946;246;68;1;land;false;plains;6
9947;207;39;1;land;false;hills;6
9948;203;105;1;land;false;plains;6
9949;184;70;1;land;false;plains;6
9950;222;112;1;land;false;hills;6
9951;249;85;1;land;false;plains;6
9952;186;102;1;land;false;hills;6
9953;104;159;1;land;false;hills;6
9954;92;198;1;land;false;hills;6
9955;75;236;1;land;false;hills;6
9956;75;181;1;land;false;hills;6
9957;68;161;1;land;false;plains;6
9958;101;214;1;land;false;hills;6
9959;252;176;1;land;false;urban;6
9960;245;183;1;land;false;plains;6
9961;212;143;1;land;false;plains;6
9962;254;184;1;land;false;plains;6
9963;241;151;1;land;false;plains;6
9964;204;196;1;land;false;plains;6
9965;251;204;1;land;false;urban;6
9966;242;178;1;land;false;plains;6
9967;222;147;1;land;false;plains;6
9968;219;174;1;land;false;plains;6
9969;147;108;1;land;false;hills;6
9970;120;144;1;land;false;mountain;6
9971;130;144;1;land;false;hills;6
9972;165;110;1;land;false;hills;6
9973;141;121;1;land;false;mountain;6
9974;173;121;1;land;false;hills;6
9975;149;148;1;land;false;mountain;6
9976;133;152;1;land;false;hills;6
9977;112;92;1;land;false;mountain;6
9978;160;130;1;land;false;hills;6
9979;111;199;1;land;false;plains;6
9980;152;179;1;land;false;urban;6
9981;166;196;1;land;false;plains;6
9982;165;157;1;land;false;plains;6
9983;253;94;1;land;false;plains;6
9984;247;28;1;land;false;hills;6
9985;253;63;1;land;false;forest;6
9986;220;27;1;land;false;hills;6
9987;214;55;1;land;false;forest;6
9988;216;41;1;land;false;hills;6
9989;240;94;1;land;false;urban;6
9990;219;62;1;land;false;urban;6
9991;207;37;1;land;false;mountain;6
9992;220;69;1;land;false;plains;6
9993;212;81;1;land;false;plains;6
9994;228;75;1;land;false;mountain;6
9995;254;50;1;land;false;plains;6
9996;251;71;1;land;false;mountain;6
9997;223;79;1;land;false;mountain;6
9998;214;19;1;land;false;hills;6
9999;233;91;1;land;false;hills;6
10000;209;95;1;land;false;hills;6
10001;240;78;1;land;false;plains;6
10002;215;67;1;land;false;forest;6
10003;229;40;1;land;false;hills;6
10004;227;79;1;land;false;hills;6
10005;209;22;1;land;false;forest;6
10006;219;26;1;land;false;hills;6
10007;208;81;1;land;false;hills;6
10008;221;47;1;land;false;hills;6
10009;214;63;1;land;false;forest;6
10010;226;93;1;land;false;hills;6
10011;204;91;1;land;false;plains;6
10012;210;50;1;land;false;hills;6
10013;246;71;1;land;false;forest;6
10014;76;202;1;land;false;mountain;6
10015;60;183;1;land;false;hills;6
10016;77;142;1;land;false;hills;6
10017;33;133;1;land;false;urban;6
10018;62;171;1;land;false;urban;6
10019;33;162;1;land;false;mountain;6
10020;57;129;1;land;false;plains;6
10021;71;197;1;land;false;mountain;6
10022;50;191;1;land;false;mountain;6
10023;108;40;1;land;false;plains;6
10024;55;52;1;land;false;plains;6
10025;57;30;1;land;false;plains;6
10026;69;24;1;land;false;plains;6
10027;53;2;1;land;false;urban;6
10028;20;101;1;land;false;mountain;6
10029;31;66;1;land;false;mountain;6
10030;6;90;1;land;false;mountain;6
10031;9;130;1;land;false;hills;6
10032;96;101;1;land;false;hills;6
10033;141;98;1;land;false;hills;6
10034;101;120;1;land;false;hills;6
10035;109;65;1;land;false;plains;6
10036;122;70;1;land;false;plains;6
10037;87;74;1;land;false;hills;6
10038;108;103;1;land;false;hills;6
10039;125;62;1;land;false;hills;6
10040;138;88;1;land;false;plains;6
10041;110;103;1;land;false;plains;6
10042;90;82;1;land;false;plains;6
10043;117;58;1;land;false;plains;6
10044;141;120;1;land;false;plains;6
10045;86;90;1;land;false;hills;6
10046;112;84;1;land;false;hills;6
10047;221;27;1;land;false;urban;6
10048;241;21;1;land;false;urban;6
10049;232;27;1;land;false;forest;6
10050;228;37;1;land;false;urban;6
10051;239;12;1;land;false;hills;6
10052;218;31;1;land;false;forest;6
10053;213;0;1;land;false;plains;6
10054;228;25;1;land;false;urban;6
10055;253;3;1;land;false;plains;6
10056;245;9;1;land;false;forest;6
10057;229;25;1;land;false;forest;6
10058;225;17;1;land;false;urban;6
10059;218;5;1;land;false;hills;6
10060;234;27;1;land;false;hills;6
10061;220;17;1;land;false;forest;6
10062;214;37;1;land;false;urban;6
10063;242;29;1;land;false;urban;6
10064;211;39;1;land;false;plains;6
10065;220;15;1;land;false;plains;6
10066;210;12;1;land;false;forest;6
10067;236;18;1;land;false;urban;6
10068;172;68;1;land;false;plains;6
10069;169;58;1;land;false;hills;6
10070;153;52;1;land;false;hills;6
10071;126;17;1;land;false;hills;6
10072;114;14;1;land;false;plains;6
10073;125;47;1;land;false;hills;6
10074;156;40;1;land;false;urban;6
10075;151;18;1;land;false;urban;6
10076;147;44;1;land;false;hills;6
10077;40;193;1;land;false;hills;6
10078;0;216;1;land;false;urban;6
10079;71;184;1;land;false;hills;6
10080;6;203;1;land;false;hills;6
10081;24;167;1;land;false;hills;6
10082;51;181;1;land;false;plains;6
10083;50;163;1;land;false;plains;6
10084;57;155;1;land;false;hills;6
10085;34;149;1;land;false;mountain;6
10086;170;201;1;land;false;urban;6
10087;131;224;1;land;false;plains;6
10088;139;172;1;land;false;plains;6
10089;104;196;1;land;false;forest;6
10090;122;155;1;land;false;plains;6
10091;108;226;1;land;false;urban;6
10092;155;183;1;land;true;plains;6
10093;141;225;1;land;false;plains;6
10094;166;150;1;land;false;urban;6
10095;108;208;1;land;false;plains;6
10096;131;187;1;land;false;plains;6
10097;169;173;1;land;false;plains;6
10098;139;154;1;land;false;plains;6
10099;101;184;1;land;false;plains;6
10100;110;162;1;land;false;urban;6
10101;114;214;1;land;false;plains;6
10102;160;171;1;land;false;urban;6
10103;124;8;1;land;false;hills;6
10104;124;52;1;land;false;forest;6
10105;60;52;1;land;false;mountain;6
10106;103;48;1;land;false;urban;6
10107;91;66;1;land;false;plains;6
10108;124;29;1;land;false;hills;6
10109;62;36;1;land;false;plains;6
10110;118;11;1;land;false;plains;6
10111;97;36;1;land;false;hills;6
10112;214;49;1;land;false;desert;6
10113;168;34;1;land;false;mountain;6
10114;189;42;1;land;false;plains;6
10115;192;59;1;land;false;plains;6
10116;168;50;1;land;false;hills;6
10117;171;34;1;land;false;plains;6
10118;177;54;1;land;false;plains;6
10119;202;22;1;land;false;desert;6
10120;210;9;1;land;false;plains;6
10121;175;58;1;land;false;hills;6
10122;211;36;1;land;false;plains;6
10123;205;34;1;land;false;hills;6
10124;168;6;1;land;false;desert;6
10125;208;12;1;land;false;hills;6
10126;69;149;1;land;false;urban;6
10127;18;147;1;land;false;plains;6
10128;76;156;1;land;false;plains;6
10129;39;195;1;land;false;urban;6
10130;16;141;1;land;false;plains;6
10131;61;123;1;land;false;plains;6
10132;21;186;1;land;false;plains;6
10133;69;142;1;land;false;plains;6
10134;30;142;1;land;false;plains;6
10135;19;17;1;land;false;hills;6
10136;9;34;1;land;false;plains;6
10137;35;33;1;land;false;plains;6
10138;17;10;1;land;false;urban;6
10139;25;6;1;land;false;hills;6
10140;4;46;1;land;false;plains;6
10141;11;40;1;land;false;mountain;6
10142;40;22;1;land;false;plains;6
10143;10;35;1;land;false;mountain;6
10144;44;31;1;land;false;urban;6
10145;10;23;1;land;false;hills;6
10146;31;14;1;land;false;plains;6
10147;52;46;1;land;false;plains;6
10148;19;136;1;land;false;plains;6
10149;38;140;1;land;false;hills;6
10150;23;133;1;land;false;hills;6
10151;17;140;1;land;false;mountain;6
10152;69;114;1;land;false;plains;6
10153;7;130;1;land;false;plains;6
10154;3;122;1;land;false;hills;6
10155;40;99;1;land;false;hills;6
10156;9;114;1;land;false;plains;6
10157;8;137;1;land;false;plains;6
10158;38;85;1;land;false;plains;6
10159;58;130;1;land;false;forest;6
10160;49;80;1;land;false;hills;6
10161;44;125;1;land;false;hills;6
10162;25;75;1;land;false;plains;6
10163;28;119;1;land;false;plains;6
10164;5;118;1;land;false;plains;6
10165;41;131;1;land;false;plains;6
10166;47;120;1;land;false;plains;6
10167;51;89;1;land;false;hills;6
10168;44;83;1;land;false;plains;6
10169;21;99;1;land;false;plains;6
10170;61;68;1;land;false;hills;6
10171;44;119;1;land;false;mountain;6
10172;46;137;1;land;false;urban;6
10173;23;122;1;land;false;plains;6
10174;94;140;1;land;false;mountain;6
10175;141;187;1;land;true;mountain;6
10176;66;144;1;land;false;hills;6
10177;84;168;1;land;false;mountain;6
10178;136;193;1;land;false;mountain;6
10179;69;140;1;land;true;hills;6
10180;140;170;1;land;false;plains;6
10181;71;183;1;land;true;mountain;6
10182;97;138;1;land;true;mountain;6
10183;62;211;1;land;true;hills;6
10184;138;193;1;land;false;plains;6
10185;122;151;1;land;false;plains;6
10186;72;165;1;land;false;hills;6
10187;135;176;1;land;false;mountain;6
10188;75;195;1;land;false;hills;6
10189;119;163;1;land;false;plains;6
10190;140;192;1;land;false;hills;6
10191;90;189;1;land;false;hills;6
10192;135;136;1;land;true;mountain;6
10193;106;162;1;land;true;hills;6
10194;138;147;1;land;false;plains;6
10195;83;173;1;land;false;hills;6
10196;83;135;1;land;true;hills;6
10197;71;154;1;land;false;plains;6
10198;86;199;1;land;true;mountain;6
10199;128;176;1;land;false;plains;6
10200;140;166;1;land;true;mountain;6
10201;114;213;1;land;true;mountain;6
10202;116;136;1;land;true;mountain;6
10203;76;183;1;land;false;mountain;6
10204;131;161;1;land;true;plains;6
10205;135;165;1;land;false;hills;6
10206;73;203;1;land;false;mountain;6
10207;83;209;1;land;false;hills;6
10208;105;189;1;land;false;mountain;6
10209;86;213;1;land;false;mountain;6
10210;85;159;1;land;true;hills;6
10211;120;160;1;land;false;mountain;6
10212;136;151;1;land;false;plains;6
10213;141;137;1;land;true;hills;6
10214;94;187;1;land;false;mountain;6
10215;111;195;1;land;false;urban;6
10216;112;163;1;land;false;plains;6
10217;163;170;1;land;false;plains;6
10218;146;105;1;land;true;urban;6
10219;141;167;1;land;false;plains;6
10220;169;128;1;land;false;hills;6
10221;179;180;1;land;false;plains;6
10222;164;154;1;land;true;plains;6
10223;199;141;1;land;false;hills;6
10224;186;126;1;land;false;hills;6
10225;168;180;1;land;false;mountain;6
10226;164;165;1;land;true;mountain;6
10227;189;119;1;land;true;plains;6
10228;193;112;1;land;false;hills;6
10229;178;144;1;land;false;mountain;6
10230;141;123;1;land;true;plains;6
10231;162;154;1;land;false;urban;6
10232;155;153;1;land;false;plains;6
10233;186;160;1;land;false;hills;6
10234;161;144;1;land;false;plains;6
10235;38;47;1;land;false;hills;6
10236;47;20;1;land;false;hills;6
10237;33;26;1;land;false;plains;6
10238;32;37;1;land;false;plains;6
10239;43;31;1;land;false;plains;6
10240;41;11;1;land;false;urban;6
10241;53;40;1;land;false;plains;6
10242;6;46;1;land;false;hills;6
10243;5;8;1;land;false;plains;6
10244;50;125;1;land;false;hills;6
10245;44;113;1;land;false;hills;6
10246;48;114;1;land;false;mountain;6
10247;55;163;1;land;false;hills;6
10248;11;165;1;land;false;plains;6
10249;35;112;1;land;false;hills;6
10250;19;134;1;land;false;plains;6
10251;42;180;1;land;false;hills;6
10252;9;140;1;land;false;hills;6
10253;58;168;1;land;false;hills;6
10254;51;164;1;land;false;hills;6
10255;40;161;1;land;false;hills;6
10256;44;80;1;land;false;hills;6
10257;63;137;1;land;false;hills;6
10258;50;113;1;land;false;plains;6
10259;64;133;1;land;false;hills;6
10260;46;81;1;land;false;plains;6
10261;61;79;1;land;false;plains;6
10262;73;121;1;land;false;hills;6
10263;55;216;1;land;false;plains;6
10264;33;202;1;land;false;mountain;6
10265;91;213;1;land;false;hills;6
10266;90;229;1;land;false;mountain;6
10267;79;201;1;land;false;mountain;6
10268;46;185;1;land;false;mountain;6
10269;22;195;1;land;false;hills;6
10270;53;162;1;land;false;mountain;6
10271;91;184;1;land;false;hills;6
10272;24;204;1;land;false;mountain;6
10273;21;161;1;land;false;plains;6
10274;74;177;1;land;false;hills;6
10275;32;176;1;land;false;mountain;6
10276;81;56;1;land;false;plains;6
10277;21;40;1;land;true;plains;6
10278;76;5;1;land;false;plains;6
10279;33;28;1;land;false;plains;6
10280;49;43;1;land;false;urban;6
10281;76;29;1;land;true;plains;6
10282;250;68;1;land;false;hills;6
10283;239;36;1;land;false;hills;6
10284;177;83;1;land;false;plains;6
10285;187;71;1;land;false;hills;6
10286;178;88;1;land;false;hills;6
10287;218;112;1;land;false;plains;6
10288;158;181;1;land;false;plains;6
10289;129;173;1;land;false;plains;6
10290;110;169;1;land;false;plains;6
10291;102;221;1;land;false;plains;6
10292;137;201;1;land;false;hills;6
10293;121;216;1;land;false;hills;6
10294;123;153;1;land;false;hills;6
10295;163;168;1;land;false;plains;6
10296;164;162;1;land;false;hills;6
10297;117;205;1;land;false;plains;6
10298;129;201;1;land;false;plains;6
10299;143;174;1;land;false;plains;6
10300;108;153;1;land;false;plains;6
10301;149;180;1;land;false;hills;6
10302;116;182;1;land;false;forest;6
10303;146;176;1;land;false;plains;6
10304;117;199;1;land;false;plains;6
10305;105;215;1;land;false;plains;6
10306;100;198;1;land;false;hills;6
10307;137;207;1;land;false;plains;6
10308;99;205;1;land;false;hills;6
10309;189;177;1;land;true;plains;6
10310;188;146;1;land;true;plains;6
10311;166;125;1;land;false;urban;6
10312;183;168;1;land;false;plains;6
10313;232;136;1;land;true;plains;6
10314;217;133;1;land;false;urban;6
10315;204;128;1;land;false;plains;6
10316;174;163;1;land;false;plains;6
10317;237;173;1;land;false;plains;6
10318;160;159;1;land;true;plains;6
10319;235;146;1;land;false;plains;6
10320;160;191;1;land;false;plains;6
10321;161;165;1;land;true;plains;6
10322;178;118;1;land;false;plains;6
10323;206;149;1;land;false;urban;6
10324;233;132;1;land;false;urban;6
10325;167;147;1;land;false;plains;6
10326;214;169;1;land;false;plains;6
10327;34;180;1;land;false;plains;6
10328;25;155;1;land;false;plains;6
10329;24;136;1;land;false;plains;6
10330;78;170;1;land;false;forest;6
10331;22;135;1;land;false;forest;6
10332;88;131;1;land;false;urban;6
10333;81;123;1;land;false;plains;6
10334;71;170;1;land;false;plains;6
10335;21;154;1;land;false;hills;6
10336;44;179;1;land;false;plains;6
10337;57;121;1;land;false;plains;6
10338;157;47;1;land;false;plains;6
10339;176;50;1;land;false;plains;6
10340;147;58;1;land;false;hills;6
10341;128;23;1;land;true;plains;6
10342;158;40;1;land;true;plains;6
10343;183;40;1;land;false;hills;6
10344;156;41;1;land;true;plains;6
10345;163;25;1;land;false;plains;6
10346;159;44;1;land;false;plains;6
10347;173;9;1;land;true;plains;6
10348;147;52;1;land;false;plains;6
10349;147;46;1;land;true;plains;6
10350;180;7;1;land;true;plains;6
10351;129;47;1;land;true;plains;6
10352;190;13;1;land;true;plains;6
10353;189;24;1;land;false;plains;6
10354;166;46;1;land;false;plains;6
10355;125;29;1;land;false;plains;6
10356;118;53;1;land;false;plains;6
10357;137;16;1;land;false;plains;6
10358;225;127;1;land;false;plains;6
10359;218;103;1;land;false;plains;6
10360;238;164;1;land;false;plains;6
10361;252;159;1;land;false;plains;6
10362;252;150;1;land;false;plains;6
10363;116;10;1;land;false;urban;6
10364;101;8;1;land;false;urban;6
10365;100;39;1;land;false;urban;6
10366;74;14;1;land;false;forest;6
10367;102;17;1;land;false;plains;6
10368;78;5;1;land;false;urban;6
10369;134;244;1;land;false;forest;6
10370;204;239;1;land;false;forest;6
10371;151;223;1;land;false;hills;6
10372;187;235;1;land;false;forest;6
10373;199;201;1;land;false;plains;6
10374;146;227;1;land;false;plains;6
10375;146;210;1;land;false;forest;6
10376;155;236;1;land;false;plains;6
10377;133;237;1;land;false;plains;6
10378;210;204;1;land;false;hills;6
10379;136;203;1;land;false;forest;6
10380;207;197;1;land;false;urban;6
10381;154;211;1;land;false;plains;6
10382;208;239;1;land;false;forest;6
10383;206;191;1;land;false;hills;6
10384;178;213;1;land;false;forest;6
10385;197;229;1;land;false;forest;6
10386;182;195;1;land;false;forest;6
10387;150;240;1;land;false;forest;6
10388;132;240;1;land;false;plains;6
10389;191;228;1;land;false;forest;6
10390;152;231;1;land;false;forest;6
10391;176;224;1;land;false;forest;6
10392;158;227;1;land;false;plains;6
10393;144;81;1;land;false;plains;6
10394;206;87;1;land;false;plains;6
10395;200;92;1;land;false;plains;6
10396;154;91;1;land;false;plains;6
10397;208;122;1;land;false;plains;6
10398;75;212;1;land;false;plains;6
10399;125;226;1;land;false;hills;6
10400;96;189;1;land;false;plains;6
10401;71;231;1;land;false;hills;6
10402;60;194;1;land;false;plains;6
10403;108;216;1;land;false;hills;6
10404;127;184;1;land;false;plains;6
10405;109;208;1;land;false;plains;6
10406;126;86;1;land;false;hills;6
10407;110;69;1;land;false;hills;6
10408;118;61;1;land;false;hills;6
10409;50;69;1;land;false;hills;6
10410;112;107;1;land;false;plains;6
10411;70;110;1;land;false;hills;6
10412;98;58;1;land;false;urban;6
10413;105;57;1;land;false;mountain;6
10414;94;93;1;land;false;plains;6
10415;124;115;1;land;false;plains;6
10416;127;73;1;land;false;hills;6
10417;124;118;1;land;false;urban;6
10418;50;53;1;land;false;hills;6
10419;11;94;1;land;false;plains;6
10420;6;42;1;land;false;forest;6
10421;20;35;1;land;false;plains;6
10422;19;94;1;land;false;urban;6
10423;9;88;1;land;false;plains;6
10424;44;224;1;land;false;forest;6
10425;21;151;1;land;false;plains;6
10426;70;187;1;land;false;urban;6
10427;80;156;1;land;false;plains;6
10428;81;221;1;land;false;forest;6
10429;87;205;1;land;false;urban;6
10430;38;184;1;land;false;forest;6
10431;66;151;1;land;false;urban;6
10432;39;197;1;land;false;forest;6
10433;82;158;1;land;false;urban;6
10434;17;151;1;land;false;plains;6
10435;26;227;1;land;false;forest;6
10436;241;140;1;land;false;plains;6
10437;208;126;1;land;false;plains;6
10438;208;172;1;land;false;urban;6
10439;201;185;1;land;false;plains;6
10440;202;179;1;land;false;urban;6
10441;203;146;1;land;false;plains;6
10442;228;144;1;land;false;plains;6
10443;189;122;1;land;false;plains;6
10444;204;138;1;land;false;plains;6
10445;254;149;1;land;false;plains;6
10446;225;159;1;land;false;plains;6
10447;207;182;1;land;false;plains;6
10448;203;179;1;land;false;urban;6
10449;239;175;1;land;false;plains;6
10450;74;47;1;land;false;urban;6
10451;63;7;1;land;false;urban;6
10452;83;53;1;land;false;plains;6
10453;113;10;1;land;false;plains;6
10454;130;15;1;land;false;plains;6
10455;133;12;1;land;false;plains;6
10456;98;34;1;land;false;plains;6
10457;97;1;1;land;false;plains;6
10458;100;31;1;land;false;plains;6
10459;73;50;1;land;false;plains;6
10460;54;33;1;land;false;plains;6
10461;118;4;1;land;false;urban;6
10462;85;50;1;land;false;plains;6
10463;118;22;1;land;false;plains;6
10464;249;124;1;land;false;plains;6
10465;233;117;1;land;false;plains;6
10466;226;147;1;land;false;urban;6
10467;169;79;1;land;false;plains;6
10468;165;88;1;land;true;hills;6
10469;171;104;1;land;true;hills;6
10470;232;118;1;land;false;plains;6
10471;192;94;1;land;true;plains;6
10472;178;120;1;land;false;plains;6
10473;231;66;1;land;false;plains;6
10474;169;88;1;land;true;plains;6
10475;234;72;1;land;false;plains;6
10476;52;248;1;land;true;hills;6
10477;73;241;1;land;true;mountain;6
10478;133;82;1;land;false;plains;6
10479;127;69;1;land;false;plains;6
10480;154;78;1;land;true;plains;6
10481;88;68;1;land;true;plains;6
10482;148;33;1;land;false;plains;6
10483;121;71;1;land;true;plains;6
10484;154;100;1;land;true;plains;6
10485;152;66;1;land;true;plains;6
10486;124;87;1;land;true;plains;6
10487;135;64;1;land;false;plains;6
10488;118;80;1;land;false;plains;6
10489;90;28;1;land;false;plains;6
10490;174;152;1;land;false;plains;6
10491;185;164;1;land;true;plains;6
10492;181;151;1;land;false;plains;6
10493;191;108;1;land;false;urban;6
10494;141;155;1;land;false;plains;6
10495;202;120;1;land;false;plains;6
10496;170;99;1;land;true;plains;6
10497;56;142;1;land;true;plains;6
10498;93;91;1;land;true;plains;6
10499;59;118;1;land;true;urban;6
10500;49;71;1;land;true;hills;6
10501;61;125;1;land;true;hills;6
10502;118;129;1;land;true;urban;6
10503;82;84;1;land;false;mountain;6
10504;96;209;1;land;false;plains;6
10505;120;203;1;land;true;plains;6
10506;83;203;1;land;false;plains;6
10507;101;226;1;land;true;plains;6
10508;113;120;1;land;false;urban;6
10509;88;94;1;land;false;plains;6
10510;67;79;1;land;false;plains;6
10511;75;61;1;land;false;forest;6
10512;15;169;1;land;false;urban;6
10513;18;137;1;land;false;plains;6
10514;53;159;1;land;false;plains;6
10515;28;178;1;land;false;plains;6
10516;202;55;1;land;false;plains;6
10517;242;45;1;land;false;hills;6
10518;220;90;1;land;false;hills;6
10519;168;47;1;land;false;hills;6
10520;240;27;1;land;false;plains;6
10521;180;83;1;land;false;mountain;6
10522;179;93;1;land;false;mountain;6
10523;213;50;1;land;false;plains;6
10524;241;25;1;land;false;plains;6
10525;50;79;1;land;true;hills;6
10526;32;85;1;land;true;plains;6
10527;45;94;1;land;false;plains;6
10528;69;75;1;land;false;hills;6
10529;147;53;1;land;false;plains;6
10530;113;33;1;land;false;urban;6
10531;156;25;1;land;false;hills;6
10532;114;50;1;land;false;plains;6
10533;137;3;1;land;false;plains;6
10534;129;74;1;land;false;plains;6
10535;117;2;1;land;false;urban;6
10536;93;31;1;land;false;plains;6
10537;112;50;1;land;false;plains;6
10538;193;243;1;land;false;hills;6
10539;194;198;1;land;false;hills;6
10540;243;239;1;land;false;hills;6
10541;199;252;1;land;false;plains;6
10542;176;236;1;land;false;hills;6
10543;180;230;1;land;false;hills;6
10544;193;213;1;land;false;plains;6
10545;38;226;1;land;false;forest;6
10546;84;231;1;land;false;forest;6
10547;26;215;1;land;false;forest;6
10548;96;200;1;land;false;mountain;6
10549;32;246;1;land;false;forest;6
10550;75;210;1;land;false;hills;6
10551;27;225;1;land;false;mountain;6
10552;48;223;1;land;false;mountain;6
10553;34;221;1;land;false;mountain;6
10554;85;130;1;land;true;plains;6
10555;68;94;1;land;true;plains;6
10556;38;137;1;land;true;plains;6
10557;17;137;1;land;false;urban;6
10558;26;198;1;land;false;plains;6
10559;40;152;1;land;false;hills;6
10560;7;147;1;land;false;plains;6
10561;29;139;1;land;false;plains;6
10562;17;188;1;land;false;plains;6
10563;47;208;1;land;false;plains;6
10564;20;149;1;land;false;plains;6
10565;1;175;1;land;false;plains;6
10566;6;149;1;land;false;plains;6
10567;26;174;1;land;false;plains;6
10568;22;136;1;land;false;plains;6
10569;34;147;1;land;false;plains;6
10570;48;148;1;land;false;plains;6
10571;56;177;1;land;false;plains;6
10572;12;168;1;land;false;plains;6
10573;38;176;1;land;false;urban;6
10574;59;161;1;land;false;hills;6
10575;57;200;1;land;false;plains;6
10576;52;147;1;land;false;urban;6
10577;32;198;1;land;false;plains;6
10578;36;14;1;land;false;plains;6
10579;64;40;1;land;false;plains;6
10580;12;9;1;land;false;plains;6
10581;11;18;1;land;false;urban;6
10582;61;45;1;land;false;plains;6
10583;221;152;1;land;true;plains;6
10584;188;22;1;land;false;plains;6
10585;226;40;1;land;false;plains;6
10586;181;26;1;land;false;plains;6
10587;244;24;1;land;false;plains;6
10588;191;29;1;land;false;hills;6
10589;185;232;1;land;false;forest;6
10590;182;240;1;land;false;forest;6
10591;215;239;1;land;false;plains;6
10592;152;191;1;land;false;forest;6
10593;210;207;1;land;false;urban;6
10594;200;67;1;land;false;hills;6
10595;195;54;1;land;false;hills;6
10596;216;81;1;land;false;hills;6
10597;250;47;1;land;false;hills;6
10598;228;47;1;land;true;hills;6
10599;210;76;1;land;true;plains;6
10600;209;92;1;land;true;hills;6
10601;238;81;1;land;false;plains;6
10602;246;76;1;land;false;mountain;6
10603;229;109;1;land;false;plains;6
10604;243;34;1;land;false;plains;6
10605;219;49;1;land;false;hills;6
10606;113;97;1;land;true;hills;6
10607;133;36;1;land;true;plains;6
10608;183;96;1;land;true;plains;6
10609;107;80;1;land;false;plains;6
10610;165;46;1;land;false;plains;6
10611;120;46;1;land;false;plains;6
10612;145;84;1;land;true;plains;6
10613;137;93;1;land;false;hills;6
10614;175;51;1;land;true;plains;6
10615;162;35;1;land;false;hills;6
10616;158;45;1;land;false;hills;6
10617;183;100;1;land;true;plains;6
10618;147;38;1;land;false;hills;6
10619;149;104;1;land;false;plains;6
10620;252;204;1;land;false;forest;6
10621;236;194;1;land;false;urban;6
10622;227;247;1;land;false;urban;6
10623;220;186;1;land;false;forest;6
10624;199;226;1;land;false;urban;6
10625;208;202;1;land;false;urban;6
10626;199;220;1;land;false;forest;6
10627;219;245;1;land;false;urban;6
10628;250;210;1;land;false;plains;6
10629;235;99;1;land;false;hills;6
10630;225;75;1;land;false;plains;6
10631;211;49;1;land;false;plains;6
10632;215;107;1;land;false;plains;6
10633;236;86;1;land;false;plains;6
10634;240;68;1;land;false;plains;6
10635;245;71;1;land;false;urban;6
10636;248;40;1;land;false;plains;6
10637;209;57;1;land;false;urban;6
10638;161;127;1;land;false;plains;6
10639;125;134;1;land;false;plains;6
10640;174;143;1;land;false;hills;6
10641;122;124;1;land;false;plains;6
10642;178;140;1;land;false;hills;6
10643;139;160;1;land;false;urban;6
10644;109;166;1;land;false;plains;6
10645;135;93;1;land;false;plains;6
10646;134;139;1;land;false;hills;6
10647;111;143;1;land;false;hills;6
10648;171;166;1;land;false;plains;6
10649;179;101;1;land;false;hills;6
10650;123;148;1;land;false;hills;6
10651;145;152;1;land;false;plains;6
10652;122;118;1;land;false;hills;6
10653;128;92;1;land;false;hills;6
10654;106;131;1;land;false;hills;6
10655;111;104;1;land;false;plains;6
10656;23;210;1;land;false;plains;6
10657;19;217;1;land;false;hills;6
10658;22;249;1;land;false;mountain;6
10659;22;236;1;land;false;hills;6
10660;40;238;1;land;false;hills;6
10661;37;211;1;land;false;hills;6
10662;22;228;1;land;false;plains;6
10663;10;229;1;land;false;forest;6
10664;25;218;1;land;false;urban;6
10665;33;213;1;land;false;hills;6
10666;16;207;1;land;false;hills;6
10667;23;246;1;land;false;mountain;6
10668;41;240;1;land;false;plains;6
10669;12;241;1;land;false;hills;6
10670;1;216;1;land;false;hills;6
10671;192;154;1;land;false;plains;6
10672;206;115;1;land;false;plains;6
10673;137;110;1;land;false;plains;6
10674;181;216;1;land;false;plains;6
10675;165;237;1;land;false;plains;6
10676;143;248;1;land;false;plains;6
10677;200;237;1;land;false;urban;6
10678;191;223;1;land;false;plains;6
10679;215;229;1;land;false;plains;6
10680;149;236;1;land;false;plains;6
10681;146;214;1;land;false;plains;6
10682;207;232;1;land;false;plains;6
10683;128;74;1;land;false;plains;6
10684;101;126;1;land;false;plains;6
10685;114;105;1;land;false;urban;6
10686;102;100;1;land;false;plains;6
10687;67;126;1;land;false;plains;6
10688;79;112;1;land;false;plains;6
10689;124;77;1;land;false;urban;6
10690;34;173;1;land;false;urban;6
10691;22;212;1;land;false;urban;6
10692;6;180;1;land;false;urban;6
10693;4;173;1;land;false;plains;6
10694;27;169;1;land;false;plains;6
10695;23;195;1;land;false;plains;6
10696;55;162;1;land;false;plains;6
10697;40;201;1;land;false;plains;6
10698;26;224;1;land;false;plains;6
10699;134;200;1;land;true;plains;6
10700;131;196;1;land;true;urban;6
10701;138;223;1;land;true;plains;6
10702;114;196;1;land;false;plains;6
10703;215;71;1;land;false;plains;6
10704;147;42;1;land;false;plains;6
10705;187;29;1;land;false;plains;6
10706;141;71;1;land;false;hills;6
10707;165;83;1;land;false;mountain;6
10708;179;87;1;land;false;mountain;6
10709;190;32;1;land;false;mountain;6
10710;184;76;1;land;false;plains;6
10711;202;76;1;land;false;plains;6
10712;147;27;1;land;false;mountain;6
10713;170;17;1;land;false;hills;6
10714;183;17;1;land;false;plains;6
10715;210;85;1;land;false;hills;6
10716;208;38;1;land;false;hills;6
10717;144;21;1;land;false;mountain;6
10718;153;204;1;land;false;hills;6
10719;187;179;1;land;true;mountain;6
10720;198;154;1;land;false;hills;6
10721;225;197;1;land;false;hills;6
10722;222;197;1;land;false;hills;6
10723;200;190;1;land;true;mountain;6
10724;167;137;1;land;false;plains;6
10725;177;189;1;land;true;hills;6
10726;202;130;1;land;false;hills;6
10727;215;164;1;land;false;mountain;6
10728;155;180;1;land;false;hills;6
10729;166;139;1;land;false;mountain;6
10730;167;142;1;land;false;hills;6
10731;36;87;1;land;true;hills;6
10732;1;20;1;land;false;mountain;6
10733;5;56;1;land;false;mountain;6
10734;1;55;1;land;true;mountain;6
10735;145;215;1;land;false;plains;6
10736;192;242;1;land;false;forest;6
10737;138;182;1;land;false;plains;6
10738;147;231;1;land;false;plains;6
10739;160;196;1;land;false;plains;6
10740;122;219;1;land;false;plains;6
10741;164;240;1;land;false;plains;6
10742;169;216;1;land;false;plains;6
10743;140;208;1;land;false;plains;6
10744;171;245;1;land;false;plains;6
10745;200;242;1;land;false;forest;6
10746;174;221;1;land;false;plains;6
10747;188;223;1;land;false;plains;6
10748;140;234;1;land;false;plains;6
10749;125;250;1;land;false;plains;6
10750;137;249;1;land;false;plains;6
10751;123;253;1;land;false;plains;6
10752;175;197;1;land;false;mountain;6
10753;178;230;1;land;false;hills;6
10754;198;197;1;land;false;mountain;6
10755;161;220;1;land;false;hills;6
10756;196;178;1;land;false;hills;6
10757;181;203;1;land;false;mountain;6
10758;251;137;1;land;false;hills;6
10759;233;141;1;land;false;hills;6
10760;249;202;1;land;false;hills;6
10761;216;141;1;land;false;hills;6
10762;215;190;1;land;false;plains;6
10763;243;196;1;land;false;plains;6
10764;240;133;1;land;false;plains;6
10765;243;154;1;land;false;mountain;6
10766;235;130;1;land;false;plains;6
10767;235;171;1;land;false;plains;6
10768;233;182;1;land;false;mountain;6
10769;240;126;1;land;false;plains;6
10770;242;186;1;land;false;mountain;6
10771;228;153;1;land;false;hills;6
10772;232;146;1;land;false;plains;6
10773;233;173;1;land;false;plains;6
10774;236;148;1;land;false;plains;6
10775;232;145;1;land;false;plains;6
10776;221;203;1;land;false;plains;6
10777;221;169;1;land;false;plains;6
10778;231;128;1;land;false;plains;6
10779;237;185;1;land;false;hills;6
10780;218;130;1;land;false;plains;6
10781;226;203;1;land;false;plains;6
10782;226;139;1;land;false;hills;6
10783;224;203;1;land;false;hills;6
10784;218;145;1;land;false;plains;6
10785;45;231;1;land;false;plains;6
10786;67;230;1;land;false;plains;6
10787;56;230;1;land;false;plains;6
10788;88;237;1;land;false;plains;6
10789;69;206;1;land;false;plains;6
10790;50;227;1;land;false;plains;6
10791;38;234;1;land;false;forest;6
10792;121;82;1;land;false;mountain;6
10793;164;67;1;land;false;mountain;6
10794;113;89;1;land;false;urban;6
10795;178;64;1;land;false;urban;6
10796;138;100;1;land;false;forest;6
10797;129;57;1;land;false;hills;6
10798;129;50;1;land;false;mountain;6
10799;159;81;1;land;false;hills;6
10800;148;38;1;land;false;hills;6
10801;136;88;1;land;false;urban;6
10802;203;174;1;land;false;plains;6
10803;219;179;1;land;false;plains;6
10804;206;215;1;land;false;plains;6
10805;52;14;1;land;false;plains;6
10806;57;33;1;land;false;forest;6
10807;23;10;1;land;false;forest;6
10808;30;37;1;land;false;plains;6
10809;48;28;1;land;false;plains;6
10810;89;16;1;land;false;plains;6
10811;48;26;1;land;false;plains;6
10812;56;35;1;land;false;plains;6
10813;59;14;1;land;false;plains;6
10814;15;104;1;land;false;plains;6
10815;1;53;1;land;false;plains;6
10816;8;101;1;land;false;plains;6
10817;20;74;1;land;false;plains;6
10818;102;217;1;land;false;hills;6
10819;156;214;1;land;false;plains;6
10820;167;216;1;land;false;plains;6
10821;124;167;1;land;false;hills;6
10822;138;214;1;land;false;hills;6
10823;109;223;1;land;false;plains;6
10824;160;199;1;land;false;plains;6
10825;161;28;1;land;false;mountain;6
10826;238;94;1;land;true;mountain;6
10827;183;23;1;land;false;plains;6
10828;182;66;1;land;false;plains;6
10829;201;23;1;land;false;mountain;6
10830;190;69;1;land;true;plains;6
10831;194;56;1;land;false;mountain;6
10832;160;95;1;land;false;hills;6
10833;198;36;1;land;false;plains;6
10834;160;84;1;land;false;urban;6
10835;194;25;1;land;true;urban;6
10836;211;93;1;land;false;hills;6
10837;210;41;1;land;true;hills;6
10838;202;88;1;land;false;plains;6
10839;161;88;1;land;true;urban;6
10840;229;56;1;land;true;plains;6
10841;225;62;1;land;false;urban;6
10842;196;21;1;land;false;plains;6
10843;189;185;1;land;false;mountain;6
10844;234;159;1;land;false;plains;6
10845;183;170;1;land;false;mountain;6
10846;248;208;1;land;false;hills;6
10847;203;211;1;land;false;plains;6
10848;214;202;1;land;false;hills;6
10849;229;204;1;land;false;hills;6
10850;183;208;1;land;false;hills;6
10851;248;177;1;land;false;mountain;6
10852;38;95;1;land;false;forest;6
10853;72;140;1;land;false;forest;6
10854;132;60;1;land;true;plains;6
10855;167;40;1;land;false;plains;6
10856;231;119;1;land;false;mountain;6
10857;250;105;1;land;false;forest;6
10858;236;85;1;land;false;hills;6
10859;244;115;1;land;false;hills;6
10860;212;132;1;land;false;mountain;6
10861;231;121;1;land;false;hills;6
10862;245;81;1;land;false;forest;6
10863;226;128;1;land;false;mountain;6
10864;239;58;1;land;false;mountain;6
10865;253;67;1;land;false;mountain;6
10866;216;68;1;land;false;mountain;6
10867;235;63;1;land;false;forest;6
10868;239;124;1;land;false;mountain;6
10869;213;120;1;land;false;hills;6
10870;232;117;1;land;false;hills;6
10871;227;93;1;land;false;hills;6
10872;230;87;1;land;false;mountain;6
10873;240;127;1;land;false;mountain;6
10874;216;112;1;land;false;hills;6
10875;241;132;1;land;false;plains;6
10876;98;174;1;land;false;plains;6
10877;71;122;1;land;false;plains;6
10878;104;147;1;land;false;plains;6
10879;90;156;1;land;false;urban;6
10880;64;159;1;land;false;urban;6
10881;204;148;1;land;false;mountain;6
10882;235;93;1;land;false;hills;6
10883;251;103;1;land;false;mountain;6
10884;225;98;1;land;false;hills;6
10885;225;85;1;land;false;mountain;6
10886;243;114;1;land;false;mountain;6
10887;225;154;1;land;false;mountain;6
10888;83;74;1;land;false;plains;6
10889;30;77;1;land;false;plains;6
10890;21;130;1;land;false;plains;6
10891;89;84;1;land;false;plains;6
10892;74;109;1;land;false;plains;6
10893;118;116;1;land;false;hills;6
10894;55;110;1;land;false;mountain;6
10895;90;85;1;land;false;plains;6
10896;109;88;1;land;false;hills;6
10897;101;136;1;land;false;plains;6
10898;89;235;1;land;false;plains;6
10899;75;192;1;land;false;plains;6
10900;115;195;1;land;false;plains;6
10901;106;213;1;land;false;plains;6
10902;90;112;1;land;false;plains;6
10903;132;97;1;land;false;plains;6
10904;95;39;1;land;false;hills;6
10905;73;94;1;land;false;hills;6
10906;72;51;1;land;false;plains;6
10907;87;63;1;land;false;hills;6
10908;88;104;1;land;false;plains;6
10909;87;204;1;land;false;plains;6
10910;73;144;1;land;false;plains;6
10911;98;199;1;land;false;plains;6
10912;109;180;1;land;false;plains;6
10913;37;148;1;land;false;plains;6
10914;57;151;1;land;false;plains;6
10915;103;215;1;land;false;plains;6
10916;100;199;1;land;false;plains;6
10917;49;159;1;land;false;plains;6
10918;80;175;1;land;false;plains;6
10919;108;204;1;land;false;hills;6
10920;75;172;1;land;false;plains;6
10921;50;155;1;land;false;plains;6
10922;36;190;1;land;false;plains;6
10923;44;187;1;land;false;plains;6
10924;94;212;1;land;false;plains;6
10925;187;136;1;land;false;hills;6
10926;174;92;1;land;false;hills;6
10927;137;143;1;land;false;urban;6
10928;128;152;1;land;false;hills;6
10929;140;158;1;land;false;hills;6
10930;128;164;1;land;false;urban;6
10931;179;127;1;land;false;hills;6
10932;201;159;1;land;false;hills;6
10933;200;129;1;land;false;hills;6
10934;153;93;1;land;false;hills;6
10935;49;114;1;land;false;mountain;6
10936;20;94;1;land;false;hills;6
10937;24;113;1;land;false;hills;6
10938;39;92;1;land;false;plains;6
10939;0;121;1;land;false;plains;6
10940;53;118;1;land;false;mountain;6
10941;27;141;1;land;false;hills;6
10942;36;226;1;land;false;plains;6
10943;51;231;1;land;false;plains;6
10944;35;234;1;land;false;plains;6
10945;0;249;1;land;false;urban;6
10946;38;236;1;land;false;plains;6
10947;47;210;1;land;false;plains;6
10948;36;244;1;land;false;urban;6
10949;14;226;1;land;false;plains;6
10950;18;243;1;land;false;plains;6
10951;48;239;1;land;false;plains;6
10952;13;226;1;land;false;plains;6
10953;26;250;1;land;false;plains;6
10954;210;229;1;land;false;urban;6
10955;238;252;1;land;false;plains;6
10956;203;225;1;land;false;plains;6
10957;178;221;1;land;false;plains;6
10958;196;247;1;land;false;plains;6
10959;188;233;1;land;false;hills;6
10960;187;244;1;land;false;plains;6
10961;163;193;1;land;false;hills;6
10962;138;230;1;land;false;urban;6
10963;120;246;1;land;false;hills;6
10964;88;187;1;land;false;hills;6
10965;95;217;1;land;false;forest;6
10966;122;231;1;land;false;forest;6
10967;162;227;1;land;false;hills;6
10968;92;236;1;land;false;forest;6
10969;120;245;1;land;false;forest;6
10970;91;251;1;land;false;hills;6
10971;141;235;1;land;false;hills;6
10972;227;251;1;land;false;forest;6
10973;4;104;1;land;false;urban;6
10974;38;71;1;land;false;hills;6
10975;63;99;1;land;false;plains;6
10976;37;78;1;land;false;mountain;6
10977;47;66;1;land;false;hills;6
10978;26;65;1;land;false;mountain;6
10979;15;100;1;land;false;plains;6
10980;59;105;1;land;false;mountain;6
10981;37;47;1;land;false;plains;6
10982;99;100;1;land;false;hills;6
10983;172;123;1;land;false;plains;6
10984;110;58;1;land;true;plains;6
10985;105;86;1;land;false;urban;6
10986;168;115;1;land;false;plains;6
10987;134;95;1;land;false;forest;6
10988;146;118;1;land;false;hills;6
10989;160;90;1;land;false;urban;6
10990;110;111;1;land;false;plains;6
10991;136;116;1;land;false;plains;6
10992;121;92;1;land;false;plains;6
10993;101;100;1;land;false;urban;6
10994;154;90;1;land;false;plains;6
10995;118;102;1;land;false;urban;6
10996;118;49;1;land;true;plains;6
10997;133;118;1;land;false;plains;6
10998;160;108;1;land;false;hills;6
10999;149;184;1;land;false;plains;6
11000;174;175;1;land;false;plains;6
11001;185;207;1;land;false;plains;6
11002;15;228;1;land;true;mountain;6
11003;17;224;1;land;true;mountain;6
11004;25;245;1;land;true;mountain;6
11005;5;252;1;land;true;hills;6
11006;22;245;1;land;false;mountain;6
11007;34;254;1;land;true;hills;6
11008;134;100;1;land;false;plains;6
11009;162;148;1;land;false;plains;6
11010;154;102;1;land;false;plains;6
11011;124;145;1;land;false;urban;6
11012;94;103;1;land;false;plains;6
11013;151;94;1;land;false;plains;6
11014;161;111;1;land;false;plains;6
11015;142;113;1;land;false;plains;6
11016;108;74;1;land;false;plains;6
11017;220;46;1;land;false;plains;6
11018;168;106;1;land;true;plains;6
11019;189;75;1;land;false;plains;6
11020;168;103;1;land;true;plains;6
11021;183;75;1;land;true;plains;6
11022;217;87;1;land;true;plains;6
11023;1;240;1;land;false;plains;6
11024;72;224;1;land;true;urban;6
11025;35;219;1;land;false;urban;6
11026;27;183;1;land;false;urban;6
11027;23;247;1;land;false;plains;6
11028;32;190;1;land;true;plains;6
11029;41;209;1;land;false;plains;6
11030;11;246;1;land;true;urban;6
11031;41;253;1;land;false;urban;6
11032;54;184;1;land;true;urban;6
11033;55;219;1;land;false;hills;6
11034;73;240;1;land;false;plains;6
11035;29;88;1;land;false;urban;6
11036;69;112;1;land;false;plains;6
11037;66;75;1;land;false;urban;6
11038;132;198;1;land;true;hills;6
11039;89;200;1;land;false;mountain;6
11040;97;181;1;land;false;hills;6
11041;70;230;1;land;true;plains;6
11042;115;200;1;land;true;plains;6
11043;96;194;1;land;true;plains;6
11044;79;196;1;land;false;hills;6
11045;206;203;1;land;false;plains;6
11046;207;92;1;land;false;mountain;6
11047;194;37;1;land;false;hills;6
11048;197;53;1;land;false;mountain;6
11049;238;75;1;land;false;hills;6
11050;209;80;1;land;false;mountain;6
11051;189;60;1;land;false;mountain;6
11052;235;79;1;land;false;hills;6
11053;33;181;1;land;false;plains;6
11054;14;163;1;land;false;hills;6
11055;28;134;1;land;false;plains;6
11056;6;130;1;land;false;hills;6
11057;32;146;1;land;false;hills;6
11058;47;193;1;land;false;mountain;6
11059;3;181;1;land;false;hills;6
11060;59;180;1;land;false;plains;6
11061;9;176;1;land;false;urban;6
11062;33;148;1;land;false;plains;6
11063;41;165;1;land;false;urban;6
11064;42;149;1;land;false;hills;6
11065;35;147;1;land;false;urban;6
11066;54;143;1;land;false;hills;6
11067;51;130;1;land;false;hills;6
11068;18;128;1;land;false;hills;6
11069;7;148;1;land;false;forest;6
11070;13;131;1;land;false;urban;6
11071;48;186;1;land;false;plains;6
11072;5;134;1;land;false;hills;6
11073;16;143;1;land;false;mountain;6
11074;20;180;1;land;false;hills;6
11075;24;201;1;land;false;hills;6
11076;32;154;1;land;false;hills;6
11077;41;174;1;land;false;hills;6
11078;160;141;1;land;false;plains;6
11079;160;152;1;land;false;plains;6
11080;161;142;1;land;false;plains;6
11081;151;199;1;land;false;plains;6
11082;134;140;1;land;false;plains;6
11083;134;187;1;land;false;plains;6
11084;88;178;1;land;false;plains;6
11085;98;148;1;land;false;plains;6
11086;136;188;1;land;false;plains;6
11087;96;153;1;land;false;plains;6
11088;136;195;1;land;false;plains;6
11089;136;167;1;land;false;plains;6
11090;96;128;1;land;false;plains;6
11091;122;198;1;land;false;plains;6
11092;150;169;1;land;false;plains;6
11093;104;156;1;land;false;plains;6
11094;110;184;1;land;false;plains;6
11095;164;191;1;land;false;plains;6
11096;129;60;1;land;false;plains;6
11097;149;30;1;land;false;plains;6
11098;133;66;1;land;false;plains;6
11099;168;38;1;land;false;urban;6
11100;142;67;1;land;false;plains;6
11101;121;21;1;land;false;urban;6
11102;112;6;1;land;false;plains;6
11103;145;43;1;land;false;urban;6
11104;135;9;1;land;false;plains;6
11105;164;32;1;land;false;plains;6
11106;14;199;1;land;false;forest;6
11107;35;150;1;land;false;urban;6
11108;68;165;1;land;false;forest;6
11109;72;156;1;land;false;plains;6
11110;12;151;1;land;false;plains;6
11111;3;189;1;land;false;forest;6
11112;54;126;1;land;false;plains;6
11113;189;144;1;land;false;plains;6
11114;194;139;1;land;false;hills;6
11115;147;150;1;land;false;plains;6
11116;140;110;1;land;false;plains;6
11117;165;92;1;land;false;plains;6
11118;181;157;1;land;false;plains;6
11119;178;117;1;land;false;urban;6
11120;174;95;1;land;false;plains;6
11121;163;101;1;land;false;urban;6
11122;184;102;1;land;false;plains;6
11123;196;158;1;land;false;plains;6
11124;143;110;1;land;false;urban;6
11125;154;96;1;land;false;urban;6
11126;152;143;1;land;false;mountain;6
11127;174;118;1;land;false;plains;6
11128;174;113;1;land;false;plains;6
11129;168;86;1;land;false;hills;6
11130;164;116;1;land;false;hills;6
11131;204;162;1;land;false;plains;6
11132;205;93;1;land;false;plains;6
11133;197;97;1;land;false;urban;6
11134;186;95;1;land;false;plains;6
11135;64;12;1;land;true;plains;6
11136;110;34;1;land;false;urban;6
11137;134;13;1;land;true;plains;6
11138;82;50;1;land;true;urban;6
11139;75;23;1;land;true;plains;6
11140;108;4;1;land;true;plains;6
11141;151;147;1;land;false;hills;6
11142;9;31;1;land;false;hills;6
11143;20;60;1;land;false;plains;6
11144;3;79;1;land;false;plains;6
11145;37;93;1;land;false;plains;6
11146;192;176;1;land;false;plains;6
11147;250;152;1;land;false;urban;6
11148;246;173;1;land;false;plains;6
11149;218;126;1;land;false;plains;6
11150;175;128;1;land;false;plains;6
11151;190;129;1;land;false;plains;6
11152;19;95;1;land;false;hills;6
11153;32;64;1;land;false;plains;6
11154;26;123;1;land;false;plains;6
11155;13;118;1;land;false;urban;6
11156;41;128;1;land;false;hills;6
11157;30;59;1;land;false;plains;6
11158;32;70;1;land;false;hills;6
11159;205;245;1;land;false;forest;6
11160;225;203;1;land;false;urban;6
11161;191;206;1;land;false;forest;6
11162;169;189;1;land;false;forest;6
11163;213;242;1;land;false;hills;6
11164;224;196;1;land;false;forest;6
11165;180;186;1;land;false;urban;6
11166;183;198;1;land;false;forest;6
11167;204;241;1;land;false;forest;6
11168;176;215;1;land;false;forest;6
11169;161;240;1;land;false;forest;6
11170;16;80;1;land;false;forest;6
11171;46;99;1;land;false;plains;6
11172;39;99;1;land;false;forest;6
11173;29;64;1;land;false;forest;6
11174;20;66;1;land;false;urban;6
11175;38;39;1;land;false;plains;6
11176;9;42;1;land;false;urban;6
11177;4;92;1;land;false;forest;6
11178;48;45;1;land;false;urban;6
11179;241;200;1;land;false;hills;6
11180;248;175;1;land;false;hills;6
11181;222;192;1;land;false;mountain;6
11182;210;156;1;land;false;plains;6
11183;207;184;1;land;false;hills;6
11184;253;171;1;land;false;hills;6
11185;247;205;1;land;false;hills;6
11186;247;209;1;land;false;plains;6
11187;235;184;1;land;false;plains;6
11188;211;71;1;land;false;hills;6
11189;239;14;1;land;false;hills;6
11190;249;84;1;land;false;mountain;6
11191;196;46;1;land;false;plains;6
11192;188;85;1;land;false;plains;6
11193;1;148;1;land;false;forest;6
11194;6;191;1;land;true;forest;6
11195;55;171;1;land;true;plains;6
11196;27;146;1;land;false;plains;6
11197;21;168;1;land;false;plains;6
11198;194;86;1;land;true;plains;6
11199;166;103;1;land;false;mountain;6
11200;197;146;1;land;false;hills;6
11201;200;113;1;land;true;hills;6
11202;187;158;1;land;false;urban;6
11203;183;123;1;land;false;forest;6
11204;151;137;1;land;false;forest;6
11205;196;160;1;land;false;hills;6
11206;185;110;1;land;false;hills;6
11207;143;136;1;land;true;hills;6
11208;192;124;1;land;true;plains;6
11209;127;155;1;land;false;forest;6
11210;125;113;1;land;false;hills;6
11211;49;135;1;land;false;hills;6
11212;74;76;1;land;false;plains;6
11213;58;146;1;land;false;plains;6
11214;109;83;1;land;false;hills;6
11215;66;95;1;land;true;plains;6
11216;95;129;1;land;true;hills;6
11217;86;129;1;land;false;plains;6
11218;55;120;1;land;true;plains;6
11219;36;85;1;land;false;plains;6
11220;78;101;1;land;false;hills;6
11221;34;81;1;land;false;hills;6
11222;92;105;1;land;true;hills;6
11223;112;142;1;land;true;desert;6
11224;39;146;1;land;false;hills;6
11225;34;84;1;land;false;hills;6
11226;62;236;1;land;false;hills;6
11227;77;225;1;land;false;hills;6
11228;83;218;1;land;false;hills;6
11229;130;194;1;land;false;plains;6
11230;61;190;1;land;false;hills;6
11231;132;192;1;land;false;hills;6
11232;103;227;1;land;false;hills;6
11233;88;171;1;land;false;hills;6
11234;80;213;1;land;false;hills;6
11235;103;221;1;land;false;plains;6
11236;67;240;1;land;false;plains;6
11237;88;193;1;land;false;hills;6
11238;120;207;1;land;false;hills;6
11239;86;208;1;land;false;hills;6
11240;99;194;1;land;false;plains;6
11241;68;195;1;land;false;mountain;6
11242;64;163;1;land;false;hills;6
11243;114;226;1;land;false;hills;6
11244;115;186;1;land;false;hills;6
11245;72;198;1;land;false;hills;6
11246;112;180;1;land;false;hills;6
11247;47;191;1;land;false;hills;6
11248;210;122;1;land;false;plains;6
11249;207;109;1;land;false;urban;6
11250;209;162;1;land;true;urban;6
11251;140;151;1;land;false;urban;6
11252;160;137;1;land;false;plains;6
11253;148;173;1;land;false;plains;6
11254;212;157;1;land;true;urban;6
11255;155;113;1;land;false;urban;6
11256;168;120;1;land;false;urban;6
11257;78;65;1;land;false;plains;6
11258;106;22;1;land;false;plains;6
11259;131;29;1;land;false;hills;6
11260;114;66;1;land;false;hills;6
11261;134;75;1;land;false;plains;6
11262;105;42;1;land;false;plains;6
11263;101;19;1;land;false;plains;6
11264;86;77;1;land;false;plains;6
11265;139;51;1;land;false;plains;6
11266;130;63;1;land;false;plains;6
11267;147;60;1;land;false;hills;6
11268;110;14;1;land;false;plains;6
11269;79;184;1;land;true;plains;6
11270;143;21;1;land;false;urban;6
11271;99;192;1;land;false;urban;6
11272;86;165;1;land;false;hills;6
11273;69;242;1;land;false;plains;6
11274;121;210;1;land;false;plains;6
11275;98;227;1;land;false;plains;6
11276;98;195;1;land;false;plains;6
11277;77;238;1;land;false;plains;6
11278;109;179;1;land;false;plains;6
11279;80;205;1;land;false;hills;6
11280;97;169;1;land;false;plains;6
11281;90;212;1;land;false;urban;6
11282;114;173;1;land;false;urban;6
11283;84;228;1;land;false;plains;6
11284;72;197;1;land;false;urban;6
11285;76;225;1;land;false;plains;6
11286;61;212;1;land;false;plains;6
11287;80;178;1;land;false;plains;6
11288;121;203;1;land;false;plains;6
11289;168;179;1;land;false;plains;6
11290;14;179;1;land;false;urban;6
11291;37;120;1;land;false;forest;6
11292;30;132;1;land;false;forest;6
11293;7;128;1;land;false;forest;6
11294;31;156;1;land;false;forest;6
11295;20;143;1;land;false;urban;6
11296;1;122;1;land;false;forest;6
11297;13;162;1;land;false;urban;6
11298;5;184;1;land;false;forest;6
11299;212;251;1;land;false;hills;6
11300;183;204;1;land;false;urban;6
11301;188;222;1;land;false;plains;6
11302;225;214;1;land;false;urban;6
11303;246;240;1;land;false;hills;6
11304;211;225;1;land;false;plains;6
11305;251;242;1;land;false;plains;6
11306;221;253;1;land;false;hills;6
11307;157;142;1;land;false;forest;6
11308;193;156;1;land;false;plains;6
11309;210;160;1;land;false;urban;6
11310;181;99;1;land;false;plains;6
11311;217;140;1;land;false;forest;6
11312;178;143;1;land;false;plains;6
11313;179;157;1;land;false;plains;6
11314;202;115;1;land;false;plains;6
11315;139;125;1;land;false;urban;6
11316;196;98;1;land;false;plains;6
11317;153;203;1;land;false;hills;6
11318;177;204;1;land;false;hills;6
11319;177;214;1;land;false;hills;6
11320;132;193;1;land;false;forest;6
11321;168;237;1;land;false;hills;6
11322;138;216;1;land;false;hills;6
11323;141;211;1;land;false;hills;6
11324;117;245;1;land;false;hills;6
11325;2;165;1;land;false;plains;6
11326;242;189;1;land;false;plains;6
11327;230;177;1;land;false;hills;6
11328;231;177;1;land;false;plains;6
11329;252;152;1;land;false;forest;6
11330;117;228;1;land;false;mountain;6
11331;60;193;1;land;false;hills;6
11332;69;166;1;land;false;mountain;6
11333;42;222;1;land;false;mountain;6
11334;92;233;1;land;false;hills;6
11335;78;213;1;land;false;mountain;6
11336;236;213;1;land;false;plains;6
11337;249;203;1;land;false;plains;6
11338;49;35;1;land;false;plains;6
11339;30;43;1;land;false;hills;6
11340;53;90;1;land;false;mountain;6
11341;16;45;1;land;false;hills;6
11342;16;78;1;land;false;mountain;6
11343;7;45;1;land;false;mountain;6
11344;47;106;1;land;false;hills;6
11345;24;65;1;land;false;hills;6
11346;48;42;1;land;false;hills;6
11347;36;91;1;land;false;hills;6
11348;3;101;1;land;false;mountain;6
11349;31;99;1;land;false;hills;6
11350;21;44;1;land;false;mountain;6
11351;30;56;1;land;false;hills;6
11352;205;24;1;land;false;mountain;6
11353;200;66;1;land;false;plains;6
11354;171;36;1;land;false;mountain;6
11355;139;12;1;land;false;plains;6
11356;179;51;1;land;false;hills;6
11357;181;62;1;land;false;mountain;6
11358;139;25;1;land;false;mountain;6
11359;135;52;1;land;false;plains;6
11360;204;9;1;land;false;plains;6
11361;166;23;1;land;false;hills;6
11362;171;32;1;land;false;mountain;6
11363;136;37;1;land;false;mountain;6
11364;176;55;1;land;false;urban;6
11365;135;18;1;land;false;mountain;6
11366;201;68;1;land;false;mountain;6
11367;180;45;1;land;false;plains;6
11368;163;22;1;land;false;mountain;6
11369;175;21;1;land;false;hills;6
11370;204;69;1;land;false;urban;6
11371;133;0;1;land;false;mountain;6
11372;187;5;1;land;false;hills;6
11373;182;22;1;land;false;plains;6
11374;170;70;1;land;false;mountain;6
11375;143;13;1;land;false;mountain;6
11376;135;14;1;land;false;plains;6
11377;188;70;1;land;false;mountain;6
11378;200;48;1;land;false;mountain;6
11379;63;185;1;land;false;mountain;6
11380;63;145;1;land;false;plains;6
11381;25;160;1;land;false;hills;6
11382;81;198;1;land;false;hills;6
11383;67;153;1;land;false;mountain;6
11384;71;153;1;land;false;mountain;6
11385;38;149;1;land;false;mountain;6
11386;22;131;1;land;false;hills;6
11387;35;156;1;land;false;mountain;6
11388;81;202;1;land;false;hills;6
11389;78;151;1;land;false;hills;6
11390;73;193;1;land;false;hills;6
11391;87;137;1;land;false;mountain;6
11392;94;183;1;land;false;hills;6
11393;43;195;1;land;false;hills;6
11394;29;144;1;land;false;mountain;6
11395;81;150;1;land;false;mountain;6
11396;84;143;1;land;false;hills;6
11397;69;167;1;land;false;mountain;6
11398;209;101;1;land;false;plains;6
11399;165;160;1;land;false;plains;6
11400;156;162;1;land;false;hills;6
11401;199;100;1;land;false;hills;6
11402;225;87;1;land;false;urban;6
11403;214;108;1;land;false;plains;6
11404;196;141;1;land;false;plains;6
11405;162;140;1;land;false;hills;6
11406;158;98;1;land;false;hills;6
11407;217;145;1;land;false;plains;6
11408;154;160;1;land;false;plains;6
11409;222;138;1;land;false;plains;6
11410;229;167;1;land;false;plains;6
11411;168;105;1;land;false;plains;6
11412;170;118;1;land;false;plains;6
11413;231;94;1;land;false;hills;6
11414;233;164;1;land;false;hills;6
11415;198;133;1;land;false;urban;6
11416;202;147;1;land;false;plains;6
11417;218;85;1;land;false;plains;6
11418;204;114;1;land;false;hills;6
11419;224;47;1;land;false;hills;6
11420;218;49;1;land;false;plains;6
11421;220;71;1;land;false;plains;6
11422;236;110;1;land;false;hills;6
11423;207;110;1;land;false;hills;6
11424;227;85;1;land;false;plains;6
11425;252;74;1;land;false;plains;6
11426;211;63;1;land;false;hills;6
11427;251;196;1;land;false;plains;6
11428;226;209;1;land;false;plains;6
11429;192;200;1;land;false;plains;6
11430;234;252;1;land;false;plains;6
11431;200;251;1;land;false;plains;6
11432;210;227;1;land;false;urban;6
11433;190;183;1;land;false;urban;6
11434;250;212;1;land;false;plains;6
11435;34;113;1;land;false;plains;6
11436;63;67;1;land;false;hills;6
11437;16;110;1;land;false;plains;6
11438;4;83;1;land;false;plains;6
11439;6;50;1;land;false;urban;6
11440;33;195;1;land;false;plains;6
11441;17;195;1;land;false;plains;6
11442;5;137;1;land;false;plains;6
11443;11;163;1;land;false;plains;6
11444;17;130;1;land;false;desert;6
11445;15;134;1;land;false;plains;6
11446;0;192;1;land;false;urban;6
11447;25;173;1;land;false;plains;6
11448;0;148;1;land;false;plains;6
11449;30;149;1;land;false;plains;6
11450;5;132;1;land;false;plains;6
11451;11;149;1;land;false;plains;6
11452;163;36;1;land;true;plains;6
11453;212;29;1;land;true;plains;6
11454;184;38;1;land;true;plains;6
11455;187;86;1;land;false;mountain;6
11456;219;67;1;land;true;plains;6
11457;206;71;1;land;false;hills;6
11458;185;33;1;land;false;plains;6
11459;215;73;1;land;true;hills;6
11460;151;69;1;land;true;plains;6
11461;168;91;1;land;true;plains;6
11462;215;97;1;land;true;hills;6
11463;144;224;1;land;false;urban;6
11464;202;188;1;land;false;plains;6
11465;187;168;1;land;false;plains;6
11466;139;220;1;land;false;plains;6
11467;169;183;1;land;false;plains;6
11468;44;0;1;land;false;hills;6
11469;37;51;1;land;false;mountain;6
11470;106;19;1;land;false;hills;6
11471;56;5;1;land;false;hills;6
11472;30;15;1;land;false;mountain;6
11473;70;49;1;land;false;mountain;6
11474;77;23;1;land;false;hills;6
11475;51;36;1;land;false;plains;6
11476;63;21;1;land;false;mountain;6
11477;49;44;1;land;false;hills;6
11478;30;11;1;land;false;mountain;6
11479;86;39;1;land;false;hills;6
11480;42;5;1;land;false;hills;6
11481;67;18;1;land;false;hills;6
11482;31;48;1;land;false;hills;6
11483;101;5;1;land;false;mountain;6
11484;27;42;1;land;false;hills;6
11485;229;116;1;land;true;urban;6
11486;182;137;1;land;false;urban;6
11487;251;121;1;land;true;plains;6
11488;202;182;1;land;false;plains;6
11489;186;134;1;land;true;plains;6
11490;208;120;1;land;false;urban;6
11491;227;194;1;land;false;urban;6
11492;184;125;1;land;false;plains;6
11493;130;40;1;land;false;hills;6
11494;113;40;1;land;false;hills;6
11495;73;32;1;land;false;mountain;6
11496;101;40;1;land;false;hills;6
11497;93;43;1;land;false;hills;6
11498;120;36;1;land;false;hills;6
11499;47;56;1;land;false;forest;6
11500;82;42;1;land;false;plains;6
11501;52;32;1;land;false;plains;6
11502;106;16;1;land;false;plains;6
11503;102;28;1;land;false;forest;6
11504;112;21;1;land;false;forest;6
11505;7;196;1;land;false;hills;6
11506;6;168;1;land;false;plains;6
11507;15;199;1;land;false;mountain;6
11508;32;172;1;land;false;mountain;6
11509;41;151;1;land;false;plains;6
11510;12;188;1;land;false;mountain;6
11511;3;135;1;land;false;mountain;6
11512;41;200;1;land;false;mountain;6
11513;23;182;1;land;false;mountain;6
11514;10;132;1;land;false;mountain;6
11515;19;179;1;land;false;mountain;6
11516;10;177;1;land;false;plains;6
11517;28;159;1;land;false;mountain;6
11518;15;136;1;land;false;mountain;6
11519;17;170;1;land;false;mountain;6
11520;163;114;1;land;false;plains;6
11521;104;94;1;land;true;plains;6
11522;128;158;1;land;true;mountain;6
11523;165;162;1;land;true;plains;6
11524;4;2;1;land;false;hills;6
11525;38;0;1;land;false;urban;6
11526;42;9;1;land;false;mountain;6
11527;71;7;1;land;false;hills;6
11528;34;13;1;land;false;plains;6
11529;63;39;1;land;false;plains;6
11530;26;34;1;land;false;mountain;6
11531;43;3;1;land;false;urban;6
11532;49;13;1;land;false;plains;6
11533;30;4;1;land;false;mountain;6
11534;7;15;1;land;false;mountain;6
11535;17;38;1;land;false;mountain;6
11536;44;12;1;land;false;plains;6
11537;56;0;1;land;false;hills;6
11538;1;26;1;land;false;mountain;6
11539;64;25;1;land;false;plains;6
11540;19;27;1;land;false;urban;6
11541;200;58;1;land;false;plains;6
11542;233;108;1;land;false;hills;6
11543;191;92;1;land;false;hills;6
11544;239;110;1;land;false;plains;6
11545;200;68;1;land;false;plains;6
11546;219;40;1;land;false;plains;6
11547;199;39;1;land;false;hills;6
11548;232;66;1;land;false;hills;6
11549;252;86;1;land;false;plains;6
11550;192;102;1;land;false;hills;6
11551;144;119;1;land;false;plains;6
11552;165;97;1;land;false;plains;6
11553;142;230;1;land;false;hills;6
11554;101;180;1;land;false;urban;6
11555;136;217;1;land;false;mountain;6
11556;84;192;1;land;false;forest;6
11557;157;204;1;land;false;forest;6
11558;145;173;1;land;false;forest;6
11559;133;130;1;land;false;plains;6
11560;141;101;1;land;false;plains;6
11561;167;129;1;land;false;plains;6
11562;157;68;1;land;false;hills;6
11563;158;100;1;land;false;plains;6
11564;142;124;1;land;false;plains;6
11565;141;70;1;land;false;hills;6
11566;122;67;1;land;false;hills;6
11567;25;136;1;land;false;hills;6
11568;62;56;1;land;false;urban;6
11569;39;91;1;land;false;plains;6
11570;52;117;1;land;false;forest;6
11571;66;112;1;land;false;urban;6
11572;18;63;1;land;false;hills;6
11573;55;130;1;land;false;forest;6
11574;51;118;1;land;false;hills;6
11575;43;93;1;land;false;hills;6
11576;55;106;1;land;false;urban;6
11577;38;62;1;land;false;plains;6
11578;9;228;1;land;false;hills;6
11579;36;229;1;land;false;hills;6
11580;2;247;1;land;false;hills;6
11581;31;213;1;land;false;hills;6
11582;36;254;1;land;false;hills;6
11583;30;233;1;land;false;hills;6
11584;14;201;1;land;false;hills;6
11585;18;200;1;land;false;hills;6
11586;9;225;1;land;false;plains;6
11587;53;245;1;land;false;mountain;6
11588;56;226;1;land;false;hills;6
11589;13;208;1;land;false;plains;6
11590;7;253;1;land;false;hills;6
11591;166;56;1;land;false;plains;6
11592;139;189;1;land;false;hills;6
11593;171;205;1;land;false;plains;6
11594;176;189;1;land;false;hills;6
11595;173;223;1;land;false;hills;6
11596;163;220;1;land;false;urban;6
11597;194;230;1;land;false;hills;6
11598;162;224;1;land;false;hills;6
11599;133;216;1;land;false;plains;6
11600;183;227;1;land;false;hills;6
11601;138;199;1;land;false;hills;6
11602;159;211;1;land;false;plains;6
11603;151;226;1;land;false;hills;6
11604;161;208;1;land;false;hills;6
11605;127;221;1;land;false;hills;6
11606;81;152;1;land;false;plains;6
11607;224;83;1;land;false;plains;6
11608;231;79;1;land;false;plains;6
11609;232;11;1;land;false;urban;6
11610;215;68;1;land;false;plains;6
11611;250;30;1;land;false;plains;6
11612;207;61;1;land;false;urban;6
11613;220;45;1;land;false;plains;6
11614;212;18;1;land;false;hills;6
11615;170;47;1;land;false;hills;6
11616;217;62;1;land;false;hills;6
11617;241;198;1;land;false;plains;6
11618;236;143;1;land;false;hills;6
11619;130;202;1;land;false;hills;6
11620;147;213;1;land;false;plains;6
11621;159;160;1;land;false;hills;6
11622;137;195;1;land;false;plains;6
11623;133;230;1;land;false;plains;6
11624;170;229;1;land;false;hills;6
11625;142;191;1;land;false;plains;6
11626;146;196;1;land;false;plains;6
11627;171;195;1;land;false;hills;6
11628;167;12;1;land;false;urban;6
11629;180;80;1;land;false;plains;6
11630;145;83;1;land;false;urban;6
11631;106;50;1;land;false;urban;6
11632;141;66;1;land;false;plains;6
11633;182;17;1;land;false;plains;6
11634;111;24;1;land;false;plains;6
11635;160;78;1;land;false;plains;6
11636;146;35;1;land;false;urban;6
11637;110;23;1;land;false;plains;6
11638;162;71;1;land;false;plains;6
11639;72;185;1;land;true;plains;6
11640;199;180;1;land;false;plains;6
11641;193;114;1;land;false;urban;6
11642;213;180;1;land;false;plains;6
11643;225;163;1;land;false;urban;6
11644;188;176;1;land;false;plains;6
11645;199;181;1;land;false;plains;6
11646;199;123;1;land;false;plains;6
11647;194;116;1;land;false;plains;6
11648;170;190;1;land;false;plains;6
11649;170;148;1;land;false;plains;6
11650;234;129;1;land;false;plains;6
11651;228;115;1;land;false;forest;6
11652;218;168;1;land;false;plains;6
11653;245;157;1;land;false;plains;6
11654;204;143;1;land;false;plains;6
11655;207;173;1;land;false;forest;6
11656;231;147;1;land;false;plains;6
11657;202;167;1;land;false;plains;6
11658;225;124;1;land;false;plains;6
11659;181;150;1;land;false;plains;6
11660;194;180;1;land;false;urban;6
11661;241;170;1;land;false;urban;6
11662;233;113;1;land;false;plains;6
11663;209;150;1;land;false;forest;6
11664;235;165;1;land;false;forest;6
11665;226;124;1;land;false;urban;6
11666;223;131;1;land;false;plains;6
11667;208;171;1;land;false;plains;6
11668;217;132;1;land;false;forest;6
11669;243;205;1;land;true;plains;6
11670;175;150;1;land;false;plains;6
11671;178;133;1;land;false;plains;6
11672;1;51;1;land;false;hills;6
11673;70;111;1;land;false;mountain;6
11674;57;87;1;land;false;hills;6
11675;15;81;1;land;false;hills;6
11676;4;62;1;land;false;hills;6
11677;72;129;1;land;false;hills;6
11678;64;68;1;land;false;urban;6
11679;7;71;1;land;false;plains;6
11680;57;99;1;land;false;hills;6
11681;64;130;1;land;false;mountain;6
11682;6;69;1;land;false;hills;6
11683;58;61;1;land;false;hills;6
11684;32;83;1;land;false;mountain;6
11685;60;58;1;land;false;hills;6
11686;40;63;1;land;false;hills;6
11687;39;76;1;land;false;hills;6
11688;34;60;1;land;false;hills;6
11689;70;117;1;land;false;mountain;6
11690;51;50;1;land;false;hills;6
11691;72;60;1;land;false;plains;6
11692;198;110;1;land;false;hills;6
11693;217;120;1;land;false;plains;6
11694;198;151;1;land;false;plains;6
11695;229;161;1;land;false;hills;6
11696;239;94;1;land;false;plains;6
11697;228;121;1;land;false;plains;6
11698;234;130;1;land;false;hills;6
11699;234;101;1;land;false;plains;6
11700;228;148;1;land;false;hills;6
11701;202;127;1;land;false;plains;6
11702;224;118;1;land;false;urban;6
11703;190;97;1;land;false;urban;6
11704;168;133;1;land;false;plains;6
11705;196;163;1;land;false;plains;6
11706;225;145;1;land;false;mountain;6
11707;212;152;1;land;false;urban;6
11708;240;158;1;land;false;urban;6
11709;203;107;1;land;false;hills;6
11710;193;107;1;land;false;plains;6
11711;172;96;1;land;false;hills;6
11712;211;87;1;land;false;plains;6
11713;232;158;1;land;false;plains;6
11714;200;161;1;land;false;hills;6
11715;214;111;1;land;false;hills;6
11716;211;92;1;land;false;plains;6
11717;189;129;1;land;false;plains;6
11718;237;126;1;land;false;hills;6
11719;214;160;1;land;false;plains;6
11720;222;163;1;land;false;urban;6
11721;184;117;1;land;false;hills;6
11722;179;213;1;land;false;mountain;6
11723;199;236;1;land;false;mountain;6
11724;207;219;1;land;false;mountain;6
11725;156;221;1;land;false;mountain;6
11726;203;224;1;land;false;mountain;6
11727;150;55;1;land;false;urban;6
11728;116;42;1;land;false;forest;6
11729;142;37;1;land;false;plains;6
11730;125;55;1;land;false;plains;6
11731;229;222;1;land;false;urban;6
11732;247;218;1;land;false;plains;6
11733;252;208;1;land;false;plains;6
11734;233;235;1;land;false;plains;6
11735;219;253;1;land;false;plains;6
11736;202;250;1;land;true;plains;6
11737;219;220;1;land;false;urban;6
11738;251;229;1;land;false;plains;6
11739;247;214;1;land;false;plains;6
11740;250;208;1;land;true;plains;6
11741;201;223;1;land;false;hills;6
11742;231;208;1;land;false;plains;6
11743;225;207;1;land;false;plains;6
11744;205;223;1;land;false;plains;6
11745;253;203;1;land;false;plains;6
11746;204;245;1;land;true;plains;6
11747;199;234;1;land;true;plains;6
11748;219;230;1;land;true;plains;6
11749;233;205;1;land;false;plains;6
11750;230;205;1;land;false;plains;6
11751;250;252;1;land;true;plains;6
11752;213;218;1;land;false;plains;6
11753;215;235;1;land;false;plains;6
11754;230;227;1;land;false;plains;6
11755;247;198;1;land;false;urban;6
11756;222;152;1;land;false;mountain;6
11757;216;190;1;land;false;plains;6
11758;226;151;1;land;false;urban;6
11759;210;165;1;land;false;urban;6
11760;242;140;1;land;false;forest;6
11761;250;175;1;land;false;hills;6
11762;229;176;1;land;false;mountain;6
11763;218;178;1;land;false;plains;6
11764;203;168;1;land;false;plains;6
11765;224;141;1;land;false;forest;6
11766;84;160;1;land;false;mountain;3
11767;77;176;1;land;true;plains;3
11768;68;155;1;land;false;mountain;3
11769;98;136;1;land;false;hills;3
11770;73;174;1;land;true;hills;3
11771;135;134;1;land;false;hills;3
11772;110;131;1;land;false;hills;3
11773;65;156;1;land;true;plains;3
11774;69;169;1;land;false;mountain;3
11775;121;127;1;land;true;plains;3
11776;65;139;1;land;false;hills;3
11777;77;159;1;land;false;mountain;3
11778;82;176;1;land;true;plains;3
11779;127;143;1;land;false;hills;3
11780;79;123;1;land;false;hills;3
11781;104;180;1;land;false;mountain;3
11782;60;143;1;land;true;hills;3
11783;98;183;1;land;false;hills;3
11784;118;131;1;land;true;hills;3
11785;68;115;1;land;true;hills;3
11786;134;145;1;land;false;hills;3
11787;133;146;1;land;true;plains;3
11788;128;184;1;land;false;mountain;3
11789;71;121;1;land;false;hills;3
11790;131;136;1;land;true;hills;3
11791;118;162;1;land;true;plains;3
11792;124;155;1;land;false;hills;3
11793;74;161;1;land;false;hills;3
11794;178;219;1;land;false;plains;3
11795;183;190;1;land;true;plains;3
11796;240;177;1;land;true;plains;3
11797;187;163;1;land;false;hills;3
11798;193;179;1;land;false;plains;3
11799;242;214;1;land;false;plains;3
11800;218;166;1;land;false;plains;3
11801;221;198;1;land;false;plains;3
11802;213;202;1;land;false;plains;3
11803;207;189;1;land;false;plains;3
11804;193;215;1;land;false;plains;3
11805;232;218;1;land;true;plains;3
11806;196;184;1;land;false;plains;3
11807;241;157;1;land;false;hills;3
11808;192;158;1;land;true;plains;3
11809;209;160;1;land;false;plains;3
11810;176;150;1;land;true;plains;3
11811;203;193;1;land;false;hills;3
11812;175;202;1;land;false;plains;3
11813;164;187;1;land;true;hills;3
11814;222;208;1;land;false;hills;3
11815;228;215;1;land;false;urban;3
11816;180;205;1;land;false;hills;3
11817;214;182;1;land;false;plains;3
11818;214;181;1;land;true;plains;3
11819;240;201;1;land;false;plains;3
11820;227;190;1;land;false;plains;3
11821;233;162;1;land;false;hills;3
11822;240;149;1;land;true;plains;3
11823;241;171;1;land;true;plains;3
11824;177;220;1;land;false;urban;3
11825;212;166;1;land;true;hills;3
11826;201;184;1;land;false;mountain;3
11827;232;225;1;land;false;hills;3
11828;233;212;1;land;false;plains;3
11829;217;214;1;land;false;urban;3
11830;227;216;1;land;false;plains;3
11831;221;200;1;land;true;plains;3
11832;194;154;1;land;true;hills;3
11833;229;214;1;land;true;plains;3
11834;171;98;1;land;false;plains;3
11835;229;127;1;land;false;forest;3
11836;188;90;1;land;false;desert;3
11837;167;86;1;land;false;plains;3
11838;203;99;1;land;false;plains;3
11839;222;63;1;land;false;desert;3
11840;195;111;1;land;false;urban;3
11841;199;60;1;land;false;plains;3
11842;206;123;1;land;true;plains;3
11843;228;71;1;land;false;plains;3
11844;184;88;1;land;true;plains;3
11845;183;78;1;land;true;plains;3
11846;175;66;1;land;false;plains;3
11847;196;104;1;land;true;plains;3
11848;175;74;1;land;false;plains;3
11849;176;119;1;land;false;urban;3
11850;199;111;1;land;false;plains;3
11851;231;65;1;land;false;plains;3
11852;164;86;1;land;false;plains;3
11853;176;102;1;land;false;urban;3
11854;234;68;1;land;false;desert;3
11855;225;76;1;land;true;plains;3
11856;241;79;1;land;false;plains;3
11857;214;147;1;land;false;plains;3
11858;225;112;1;land;false;hills;3
11859;233;144;1;land;false;mountain;3
11860;233;97;1;land;false;plains;3
11861;222;124;1;land;false;hills;3
11862;207;119;1;land;false;plains;3
11863;217;91;1;land;false;mountain;3
11864;216;107;1;land;false;plains;3
11865;246;110;1;land;false;plains;3
11866;236;109;1;land;false;mountain;3
11867;203;83;1;land;false;plains;3
11868;216;95;1;land;false;plains;3
11869;246;148;1;land;false;plains;3
11870;222;99;1;land;false;mountain;3
11871;205;73;1;land;false;mountain;3
11872;214;126;1;land;false;plains;3
11873;252;105;1;land;false;plains;3
11874;247;89;1;land;false;urban;3
11875;217;99;1;land;false;mountain;3
11876;250;131;1;land;false;hills;3
11877;246;73;1;land;false;plains;3
11878;253;111;1;land;false;plains;3
11879;227;131;1;land;false;plains;3
11880;215;77;1;land;false;plains;3
11881;240;131;1;land;false;plains;3
11882;210;109;1;land;false;plains;3
11883;218;90;1;land;false;plains;3
11884;228;84;1;land;false;urban;3
11885;223;156;1;land;false;plains;3
11886;238;89;1;land;false;plains;3
11887;242;103;1;land;false;urban;3
11888;225;105;1;land;false;plains;3
11889;250;79;1;land;false;mountain;3
11890;227;149;1;land;false;plains;3
11891;238;151;1;land;false;plains;3
11892;225;132;1;land;false;plains;3
11893;220;84;1;land;false;plains;3
11894;235;152;1;land;false;plains;3
11895;241;120;1;land;false;plains;3
11896;235;116;1;land;false;plains;3
11897;208;154;1;land;false;plains;3
11898;208;100;1;land;false;plains;3
11899;237;93;1;land;false;plains;3
11900;237;111;1;land;false;urban;3
11901;77;90;1;land;false;hills;3
11902;50;106;1;land;false;plains;3
11903;54;101;1;land;false;urban;3
11904;62;118;1;land;false;hills;3
11905;25;146;1;land;false;plains;3
11906;29;129;1;land;false;hills;3
11907;22;109;1;land;false;plains;3
11908;39;115;1;land;false;plains;3
11909;53;93;1;land;false;plains;3
11910;43;145;1;land;false;plains;3
11911;70;148;1;land;false;hills;3
11912;67;110;1;land;false;plains;3
11913;47;107;1;land;false;plains;3
11914;34;136;1;land;false;plains;3
11915;38;94;1;land;false;urban;3
11916;76;140;1;land;false;plains;3
11917;38;143;1;land;false;plains;3
11918;22;98;1;land;false;plains;3
11919;90;209;1;land;true;mountain;3
11920;139;219;1;land;true;hills;3
11921;144;198;1;land;true;hills;3
11922;205;108;1;land;false;plains;3
11923;197;57;1;land;false;plains;3
11924;139;91;1;land;false;forest;3
11925;218;88;1;land;false;plains;3
11926;150;115;1;land;false;plains;3
11927;161;77;1;land;false;urban;3
11928;198;76;1;land;false;plains;3
11929;151;82;1;land;false;plains;3
11930;178;125;1;land;false;plains;3
11931;205;184;1;land;false;urban;3
11932;215;208;1;land;false;plains;3
11933;236;163;1;land;false;plains;3
11934;204;163;1;land;false;plains;3
11935;246;184;1;land;false;plains;3
11936;199;208;1;land;false;plains;3
11937;200;186;1;land;false;plains;3
11938;253;181;1;land;false;urban;3
11939;221;173;1;land;false;plains;3
11940;204;206;1;land;false;plains;3
11941;243;211;1;land;false;plains;3
11942;229;210;1;land;false;urban;3
11943;211;189;1;land;false;plains;3
11944;230;159;1;land;false;plains;3
11945;204;179;1;land;false;urban;3
11946;124;199;1;land;false;plains;3
11947;116;194;1;land;false;hills;3
11948;177;191;1;land;false;mountain;3
11949;141;159;1;land;false;hills;3
11950;137;138;1;land;false;urban;3
11951;136;181;1;land;false;hills;3
11952;169;154;1;land;false;plains;3
11953;133;178;1;land;false;plains;3
11954;212;42;1;land;false;plains;3
11955;208;65;1;land;true;plains;3
11956;165;85;1;land;false;plains;3
11957;201;102;1;land;false;hills;3
11958;210;128;1;land;true;plains;3
11959;238;104;1;land;true;plains;3
11960;200;118;1;land;true;plains;3
11961;231;105;1;land;true;plains;3
11962;210;132;1;land;true;plains;3
11963;165;77;1;land;false;urban;3
11964;216;69;1;land;true;plains;3
11965;142;229;1;land;false;plains;3
11966;108;209;1;land;false;urban;3
11967;112;223;1;land;false;plains;3
11968;130;230;1;land;false;plains;3
11969;172;239;1;land;false;plains;3
11970;148;245;1;land;false;plains;3
11971;128;240;1;land;false;urban;3
11972;129;221;1;land;false;plains;3
11973;128;207;1;land;false;urban;3
11974;163;208;1;land;false;urban;3
11975;148;240;1;land;false;plains;3
11976;98;212;1;land;false;urban;3
11977;115;231;1;land;false;plains;3
11978;162;252;1;land;false;plains;3
11979;133;254;1;land;false;plains;3
11980;137;253;1;land;false;urban;3
11981;166;219;1;land;false;plains;3
11982;96;225;1;land;false;urban;3
11983;171;249;1;land;false;plains;3
11984;150;222;1;land;false;plains;3
11985;124;218;1;land;false;plains;3
11986;97;221;1;land;false;plains;3
11987;42;34;1;land;false;plains;3
11988;29;58;1;land;false;plains;3
11989;37;39;1;land;false;plains;3
11990;46;62;1;land;false;plains;3
11991;33;51;1;land;false;plains;3
11992;12;28;1;land;false;urban;3
11993;37;16;1;land;false;plains;3
11994;20;24;1;land;false;plains;3
11995;8;13;1;land;false;plains;3
11996;162;187;1;land;false;plains;3
11997;172;203;1;land;false;plains;3
11998;185;136;1;land;false;plains;3
11999;162;143;1;land;false;forest;3
12000;184;205;1;land;false;plains;3
12001;144;164;1;land;false;mountain;3
12002;213;201;1;land;false;plains;3
12003;185;140;1;land;false;urban;3
12004;183;153;1;land;false;hills;3
12005;194;155;1;land;false;plains;3
12006;193;203;1;land;false;mountain;3
12007;194;160;1;land;false;plains;3
12008;238;200;1;land;false;plains;3
12009;213;200;1;land;false;plains;3
12010;193;191;1;land;false;hills;3
12011;193;222;1;land;false;mountain;3
12012;244;153;1;land;false;plains;3
12013;225;152;1;land;false;plains;3
12014;188;211;1;land;false;hills;3
12015;202;225;1;land;false;plains;3
12016;196;227;1;land;false;hills;3
12017;222;160;1;land;false;plains;3
12018;248;169;1;land;false;plains;3
12019;220;191;1;land;false;mountain;3
12020;213;199;1;land;false;plains;3
12021;199;202;1;land;false;hills;3
12022;244;152;1;land;false;plains;3
12023;224;188;1;land;false;plains;3
12024;247;184;1;land;false;plains;3
12025;243;185;1;land;false;hills;3
12026;226;220;1;land;false;plains;3
12027;221;191;1;land;false;hills;3
12028;224;154;1;land;false;plains;3
12029;204;200;1;land;false;hills;3
12030;223;215;1;land;false;plains;3
12031;249;206;1;land;false;plains;3
12032;242;204;1;land;false;mountain;3
12033;217;4;1;land;false;plains;3
12034;181;16;1;land;false;mountain;3
12035;237;16;1;land;false;plains;3
12036;230;40;1;land;false;plains;3
12037;205;2;1;land;false;plains;3
12038;229;51;1;land;false;urban;3
12039;220;8;1;land;false;plains;3
12040;231;38;1;land;false;plains;3
12041;219;52;1;land;false;hills;3
12042;221;9;1;land;false;mountain;3
12043;231;3;1;land;false;plains;3
12044;196;8;1;land;false;plains;3
12045;221;46;1;land;false;urban;3
12046;174;13;1;land;false;urban;3
12047;242;32;1;land;false;plains;3
12048;128;237;1;land;false;plains;3
12049;122;224;1;land;false;urban;3
12050;184;247;1;land;true;urban;3
12051;146;216;1;land;true;plains;3
12052;123;227;1;land;false;plains;3
12053;139;226;1;land;false;urban;3
12054;138;246;1;land;false;urban;3
12055;197;221;1;land;false;plains;3
12056;138;237;1;land;false;urban;3
12057;181;246;1;land;false;plains;3
12058;155;225;1;land;true;plains;3
12059;195;249;1;land;false;plains;3
12060;121;244;1;land;false;plains;3
12061;115;199;1;land;true;plains;3
12062;48;202;1;land;false;plains;3
12063;92;234;1;land;false;plains;3
12064;118;201;1;land;false;urban;3
12065;90;231;1;land;true;plains;3
12066;92;208;1;land;true;urban;3
12067;57;209;1;land;true;plains;3
12068;68;245;1;land;false;plains;3
12069;224;60;1;land;false;mountain;3
12070;186;110;1;land;false;mountain;3
12071;173;115;1;land;false;mountain;3
12072;198;94;1;land;false;hills;3
12073;177;80;1;land;false;hills;3
12074;165;65;1;land;false;mountain;3
12075;27;167;1;land;false;plains;3
12076;2;198;1;land;false;plains;3
12077;44;172;1;land;false;plains;3
12078;9;229;1;land;false;plains;3
12079;209;69;1;land;false;plains;3
12080;238;120;1;land;false;urban;3
12081;212;93;1;land;false;plains;3
12082;219;126;1;land;false;plains;3
12083;224;121;1;land;false;plains;3
12084;236;132;1;land;false;plains;3
12085;236;131;1;land;false;urban;3
12086;218;96;1;land;false;plains;3
12087;236;107;1;land;false;plains;3
12088;209;124;1;land;false;plains;3
12089;216;82;1;land;false;plains;3
12090;241;84;1;land;false;urban;3
12091;236;88;1;land;false;plains;3
12092;213;76;1;land;false;plains;3
12093;238;79;1;land;false;urban;3
12094;247;76;1;land;false;plains;3
12095;222;105;1;land;false;plains;3
12096;248;111;1;land;false;plains;3
12097;252;66;1;land;false;plains;3
12098;87;20;1;land;false;plains;3
12099;96;79;1;land;false;plains;3
12100;84;70;1;land;false;plains;3
12101;84;63;1;land;false;plains;3
12102;129;21;1;land;false;plains;3
12103;142;27;1;land;false;plains;3
12104;134;62;1;land;false;plains;3
12105;114;39;1;land;false;plains;3
12106;90;116;1;land;false;mountain;3
12107;67;147;1;land;false;plains;3
12108;138;137;1;land;false;plains;3
12109;113;152;1;land;false;urban;3
12110;96;155;1;land;false;plains;3
12111;72;151;1;land;false;plains;3
12112;133;137;1;land;false;plains;3
12113;62;145;1;land;false;hills;3
12114;92;111;1;land;false;plains;3
12115;86;175;1;land;false;plains;3
12116;109;146;1;land;false;plains;3
12117;72;116;1;land;false;plains;3
12118;109;175;1;land;false;urban;3
12119;91;109;1;land;false;urban;3
12120;114;139;1;land;false;plains;3
12121;131;120;1;land;false;plains;3
12122;117;171;1;land;false;mountain;3
12123;104;129;1;land;false;plains;3
12124;96;166;1;land;false;plains;3
12125;127;127;1;land;false;plains;3
12126;137;172;1;land;false;plains;3
12127;99;107;1;land;false;mountain;3
12128;101;150;1;land;false;plains;3
12129;107;118;1;land;false;plains;3
12130;138;173;1;land;false;plains;3
12131;120;138;1;land;false;urban;3
12132;34;80;1;land;false;forest;3
12133;7;92;1;land;false;plains;3
12134;10;144;1;land;false;plains;3
12135;24;118;1;land;false;plains;3
12136;29;92;1;land;false;plains;3
12137;37;74;1;land;false;urban;3
12138;27;132;1;land;false;plains;3
12139;28;73;1;land;false;plains;3
12140;22;111;1;land;false;plains;3
12141;254;204;1;land;false;plains;3
12142;240;196;1;land;false;plains;3
12143;227;191;1;land;false;plains;3
12144;229;223;1;land;false;plains;3
12145;245;190;1;land;false;plains;3
12146;248;163;1;land;false;plains;3
12147;212;167;1;land;false;plains;3
12148;252;107;1;land;false;plains;3
12149;223;127;1;land;false;plains;3
12150;254;79;1;land;false;plains;3
12151;238;91;1;land;false;urban;3
12152;230;72;1;land;false;plains;3
12153;239;91;1;land;false;plains;3
12154;243;115;1;land;false;plains;3
12155;241;82;1;land;false;plains;3
12156;240;106;1;land;false;desert;3
12157;248;107;1;land;false;plains;3
12158;248;104;1;land;false;plains;3
12159;231;140;1;land;false;urban;3
12160;235;101;1;land;false;plains;3
12161;232;98;1;land;false;plains;3
12162;231;88;1;land;false;urban;3
12163;234;122;1;land;false;plains;3
12164;227;125;1;land;false;plains;3
12165;245;95;1;land;false;plains;3
12166;206;158;1;land;false;urban;3
12167;157;173;1;land;false;plains;3
12168;189;173;1;land;false;plains;3
12169;189;208;1;land;false;plains;3
12170;182;230;1;land;false;plains;3
12171;236;55;1;land;false;plains;3
12172;226;78;1;land;false;plains;3
12173;247;40;1;land;false;plains;3
12174;9;60;1;land;false;plains;3
12175;27;7;1;land;false;plains;3
12176;3;51;1;land;false;plains;3
12177;26;56;1;land;false;plains;3
12178;45;34;1;land;false;plains;3
12179;35;2;1;land;false;plains;3
12180;38;11;1;land;false;plains;3
12181;2;27;1;land;false;plains;3
12182;6;55;1;land;false;plains;3
12183;19;48;1;land;false;plains;3
12184;5;20;1;land;false;plains;3
12185;13;4;1;land;false;plains;3
12186;9;47;1;land;false;urban;3
12187;18;33;1;land;false;plains;3
12188;45;4;1;land;false;plains;3
12189;50;62;1;land;false;urban;3
12190;27;4;1;land;false;forest;3
12191;147;109;1;land;false;hills;3
12192;143;68;1;land;false;plains;3
12193;139;62;1;land;false;hills;3
12194;158;105;1;land;false;plains;3
12195;182;91;1;land;false;plains;3
12196;149;124;1;land;false;hills;3
12197;204;77;1;land;false;plains;3
12198;200;95;1;land;false;urban;3
12199;178;108;1;land;false;plains;3
12200;145;63;1;land;false;plains;3
12201;200;125;1;land;false;urban;3
12202;205;61;1;land;false;plains;3
12203;167;85;1;land;false;mountain;3
12204;153;102;1;land;false;hills;3
12205;186;135;1;land;false;hills;3
12206;182;74;1;land;false;plains;3
12207;138;72;1;land;false;hills;3
12208;191;71;1;land;false;hills;3
12209;143;80;1;land;false;hills;3
12210;161;130;1;land;false;hills;3
12211;139;70;1;land;false;hills;3
12212;131;114;1;land;false;mountain;3
12213;170;127;1;land;false;urban;3
12214;206;57;1;land;false;mountain;3
12215;161;66;1;land;false;mountain;3
12216;142;60;1;land;false;plains;3
12217;149;112;1;land;false;plains;3
12218;187;81;1;land;false;mountain;3
12219;159;96;1;land;false;hills;3
12220;178;58;1;land;false;plains;3
12221;198;75;1;land;false;hills;3
12222;142;106;1;land;false;hills;3
12223;132;94;1;land;false;plains;3
12224;131;60;1;land;false;hills;3
12225;172;103;1;land;false;mountain;3
12226;155;88;1;land;false;plains;3
12227;185;107;1;land;false;hills;3
12228;127;63;1;land;false;hills;3
12229;141;133;1;land;false;plains;3
12230;155;82;1;land;false;urban;3
12231;156;123;1;land;false;mountain;3
12232;179;126;1;land;false;plains;3
12233;42;177;1;land;false;plains;3
12234;53;200;1;land;false;plains;3
12235;51;184;1;land;false;plains;3
12236;24;228;1;land;false;plains;3
12237;104;106;1;land;false;plains;3
12238;116;91;1;land;false;plains;3
12239;95;47;1;land;false;hills;3
12240;102;40;1;land;false;plains;3
12241;114;42;1;land;false;plains;3
12242;107;38;1;land;false;urban;3
12243;51;33;1;land;false;plains;3
12244;92;107;1;land;false;plains;3
12245;117;52;1;land;false;plains;3
12246;98;79;1;land;false;plains;3
12247;112;52;1;land;false;plains;3
12248;107;87;1;land;false;plains;3
12249;86;52;1;land;false;plains;3
12250;100;74;1;land;false;plains;3
12251;82;33;1;land;false;plains;3
12252;89;67;1;land;false;plains;3
12253;89;73;1;land;false;plains;3
12254;35;99;1;land;false;plains;3
12255;39;136;1;land;false;urban;3
12256;60;97;1;land;false;urban;3
12257;74;144;1;land;false;plains;3
12258;71;96;1;land;false;plains;3
12259;84;101;1;land;false;plains;3
12260;88;90;1;land;false;plains;3
12261;39;233;1;land;true;plains;3
12262;33;209;1;land;true;plains;3
12263;76;254;1;land;false;plains;3
12264;43;215;1;land;false;plains;3
12265;45;236;1;land;false;urban;3
12266;96;205;1;land;true;urban;3
12267;57;231;1;land;false;plains;3
12268;58;231;1;land;true;plains;3
12269;53;220;1;land;false;urban;3
12270;56;217;1;land;false;plains;3
12271;69;196;1;land;true;plains;3
12272;58;241;1;land;false;urban;3
12273;25;227;1;land;false;plains;3
12274;67;212;1;land;true;plains;3
12275;40;209;1;land;false;urban;3
12276;217;109;1;land;false;hills;3
12277;223;92;1;land;false;desert;3
12278;174;102;1;land;false;desert;3
12279;196;45;1;land;false;plains;3
12280;188;96;1;land;false;plains;3
12281;207;41;1;land;false;plains;3
12282;186;92;1;land;false;plains;3
12283;222;109;1;land;false;plains;3
12284;173;80;1;land;false;plains;3
12285;161;76;1;land;false;hills;3
12286;156;57;1;land;false;plains;3
12287;180;104;1;land;false;desert;3
12288;149;107;1;land;false;plains;3
12289;219;93;1;land;false;plains;3
12290;149;96;1;land;false;plains;3
12291;214;50;1;land;false;plains;3
12292;172;69;1;land;false;plains;3
12293;160;107;1;land;false;plains;3
12294;169;51;1;land;false;plains;3
12295;188;46;1;land;false;desert;3
12296;157;113;1;land;false;plains;3
12297;192;80;1;land;false;plains;3
12298;186;65;1;land;false;desert;3
12299;185;75;1;land;false;plains;3
12300;178;104;1;land;false;plains;3
12301;209;65;1;land;false;plains;3
12302;148;63;1;land;false;plains;3
12303;151;112;1;land;false;plains;3
12304;206;47;1;land;false;plains;3
12305;181;39;1;land;false;plains;3
12306;192;192;1;land;false;plains;3
12307;173;229;1;land;false;plains;3
12308;235;157;1;land;false;mountain;3
12309;167;169;1;land;false;plains;3
12310;171;180;1;land;false;plains;3
12311;210;164;1;land;false;plains;3
12312;221;171;1;land;false;plains;3
12313;220;175;1;land;false;plains;3
12314;204;194;1;land;false;hills;3
12315;209;210;1;land;false;hills;3
12316;220;205;1;land;false;plains;3
12317;162;188;1;land;false;plains;3
12318;229;159;1;land;false;hills;3
12319;196;213;1;land;false;hills;3
12320;207;199;1;land;false;hills;3
12321;195;162;1;land;false;hills;3
12322;197;196;1;land;false;plains;3
12323;204;223;1;land;false;plains;3
12324;173;188;1;land;false;hills;3
12325;158;155;1;land;false;hills;3
12326;190;171;1;land;false;plains;3
12327;227;205;1;land;false;hills;3
12328;174;156;1;land;false;urban;3
12329;221;187;1;land;false;plains;3
12330;173;171;1;land;false;hills;3
12331;180;232;1;land;false;plains;3
12332;177;205;1;land;false;plains;3
12333;115;136;1;land;false;plains;3
12334;136;159;1;land;false;plains;3
12335;91;140;1;land;false;plains;3
12336;144;144;1;land;false;urban;3
12337;139;178;1;land;false;plains;3
12338;76;206;1;land;false;plains;3
12339;133;199;1;land;false;plains;3
12340;152;181;1;land;false;plains;3
12341;82;131;1;land;false;plains;3
12342;127;178;1;land;false;plains;3
12343;104;165;1;land;false;urban;3
12344;81;180;1;land;false;plains;3
12345;105;133;1;land;false;plains;3
12346;174;50;1;land;false;plains;3
12347;117;66;1;land;false;plains;3
12348;122;43;1;land;false;plains;3
12349;145;46;1;land;false;hills;3
12350;180;42;1;land;false;mountain;3
12351;170;94;1;land;false;hills;3
12352;155;80;1;land;false;hills;3
12353;180;30;1;land;false;plains;3
12354;170;31;1;land;false;forest;3
12355;116;103;1;land;false;mountain;3
12356;168;63;1;land;false;urban;3
12357;171;52;1;land;false;plains;3
12358;125;30;1;land;false;plains;3
12359;167;74;1;land;false;mountain;3
12360;163;88;1;land;false;hills;3
12361;118;56;1;land;false;plains;3
12362;171;78;1;land;false;hills;3
12363;183;30;1;land;false;hills;3
12364;171;53;1;land;false;hills;3
12365;141;83;1;land;false;plains;3
12366;128;104;1;land;false;hills;3
12367;136;27;1;land;false;plains;3
12368;183;101;1;land;false;hills;3
12369;129;79;1;land;false;mountain;3
12370;154;86;1;land;false;hills;3
12371;121;29;1;land;false;plains;3
12372;62;44;1;land;false;forest;3
12373;85;12;1;land;false;urban;3
12374;118;32;1;land;false;forest;3
12375;116;20;1;land;false;forest;3
12376;214;10;1;land;false;forest;3
12377;185;40;1;land;false;forest;3
12378;37;40;1;land;false;plains;3
12379;19;29;1;land;false;plains;3
12380;13;10;1;land;false;mountain;3
12381;36;50;1;land;false;plains;3
12382;27;31;1;land;false;hills;3
12383;21;45;1;land;false;plains;3
12384;8;2;1;land;false;plains;3
12385;45;55;1;land;false;hills;3
12386;157;184;1;land;false;forest;3
12387;187;126;1;land;false;plains;3
12388;156;171;1;land;false;urban;3
12389;170;189;1;land;false;plains;3
12390;148;194;1;land;false;hills;3
12391;152;175;1;land;false;plains;3
12392;126;186;1;land;false;forest;3
12393;178;184;1;land;false;plains;3
12394;157;148;1;land;false;plains;3
12395;194;146;1;land;false;plains;3
12396;239;212;1;land;false;plains;3
12397;216;206;1;land;false;plains;3
12398;218;208;1;land;false;mountain;3
12399;224;195;1;land;false;plains;3
12400;228;246;1;land;false;mountain;3
12401;244;210;1;land;false;plains;3
12402;235;236;1;land;false;hills;3
12403;223;250;1;land;false;urban;3
12404;251;198;1;land;false;hills;3
12405;230;182;1;land;false;mountain;3
12406;235;208;1;land;false;urban;3
12407;236;205;1;land;false;mountain;3
12408;219;188;1;land;false;plains;3
12409;219;176;1;land;false;urban;3
12410;236;227;1;land;false;plains;3
12411;234;200;1;land;false;urban;3
12412;239;192;1;land;false;hills;3
12413;242;218;1;land;false;plains;3
12414;236;219;1;land;false;plains;3
12415;244;209;1;land;false;mountain;3
12416;249;199;1;land;false;plains;3
12417;241;173;1;land;false;plains;3
12418;232;222;1;land;false;hills;3
12419;249;209;1;land;false;plains;3
12420;219;217;1;land;false;plains;3
12421;225;190;1;land;false;plains;3
12422;238;183;1;land;false;mountain;3
12423;229;191;1;land;false;plains;3
12424;246;177;1;land;false;plains;3
12425;254;196;1;land;false;hills;3
12426;224;225;1;land;false;mountain;3
12427;250;203;1;land;false;plains;3
12428;221;246;1;land;false;plains;3
12429;232;232;1;land;false;hills;3
12430;231;200;1;land;false;plains;3
12431;220;236;1;land;false;hills;3
12432;240;230;1;land;false;hills;3
12433;251;246;1;land;false;mountain;3
12434;227;211;1;land;false;urban;3
12435;239;240;1;land;false;plains;3
12436;219;200;1;land;false;hills;3
12437;242;184;1;land;false;mountain;3
12438;244;232;1;land;false;urban;3
12439;239;242;1;land;false;plains;3
12440;244;244;1;land;false;hills;3
12441;228;180;1;land;false;urban;3
12442;223;48;1;land;false;hills;3
12443;219;17;1;land;false;plains;3
12444;216;22;1;land;false;hills;3
12445;241;3;1;land;true;plains;3
12446;253;28;1;land;true;plains;3
12447;234;46;1;land;true;desert;3
12448;228;21;1;land;true;plains;3
12449;225;14;1;land;false;plains;3
12450;243;0;1;land;true;plains;3
12451;239;4;1;land;false;plains;3
12452;243;43;1;land;false;plains;3
12453;217;9;1;land;false;plains;3
12454;217;36;1;land;false;hills;3
12455;223;29;1;land;false;plains;3
12456;252;40;1;land;true;plains;3
12457;228;43;1;land;true;desert;3
12458;254;24;1;land;false;plains;3
12459;214;47;1;land;true;plains;3
12460;219;37;1;land;true;plains;3
12461;218;9;1;land;false;urban;3
12462;245;51;1;land;false;plains;3
12463;233;20;1;land;false;plains;3
12464;225;47;1;land;false;plains;3
12465;242;26;1;land;false;hills;3
12466;241;0;1;land;false;plains;3
12467;98;202;1;land;false;urban;3
12468;98;215;1;land;false;urban;3
12469;79;222;1;land;false;plains;3
12470;113;210;1;land;false;plains;3
12471;100;254;1;land;false;plains;3
12472;127;254;1;land;false;plains;3
12473;130;199;1;land;false;plains;3
12474;70;217;1;land;false;plains;3
12475;128;210;1;land;false;plains;3
12476;119;253;1;land;false;plains;3
12477;65;254;1;land;false;hills;3
12478;90;230;1;land;false;plains;3
12479;77;234;1;land;false;plains;3
12480;118;213;1;land;false;plains;3
12481;85;217;1;land;false;plains;3
12482;131;190;1;land;false;urban;3
12483;101;210;1;land;false;plains;3
12484;79;197;1;land;false;plains;3
12485;132;252;1;land;false;plains;3
12486;130;117;1;land;false;plains;3
12487;82;104;1;land;false;plains;3
12488;62;99;1;land;false;plains;3
12489;93;93;1;land;false;plains;3
12490;114;165;1;land;false;plains;3
12491;60;139;1;land;false;plains;3
12492;101;163;1;land;false;plains;3
12493;128;132;1;land;false;plains;3
12494;73;130;1;land;false;plains;3
12495;63;138;1;land;false;plains;3
12496;59;103;1;land;false;plains;3
12497;209;174;1;land;false;plains;3
12498;232;181;1;land;false;hills;3
12499;245;241;1;land;false;hills;3
12500;246;210;1;land;false;hills;3
12501;239;229;1;land;false;mountain;3
12502;203;236;1;land;false;hills;3
12503;215;186;1;land;false;hills;3
12504;226;235;1;land;false;mountain;3
12505;223;191;1;land;false;hills;3
12506;250;216;1;land;false;hills;3
12507;210;214;1;land;false;hills;3
12508;222;239;1;land;false;hills;3
12509;222;229;1;land;false;hills;3
12510;208;203;1;land;false;mountain;3
12511;237;181;1;land;false;hills;3
12512;139;198;1;land;false;plains;3
12513;146;192;1;land;false;plains;3
12514;139;150;1;land;false;plains;3
12515;127;197;1;land;false;plains;3
12516;135;151;1;land;false;plains;3
12517;87;201;1;land;false;plains;3
12518;99;201;1;land;false;hills;3
12519;134;132;1;land;false;plains;3
12520;147;144;1;land;false;plains;3
12521;149;138;1;land;false;urban;3
12522;84;187;1;land;false;plains;3
12523;148;141;1;land;false;plains;3
12524;134;148;1;land;false;plains;3
12525;120;201;1;land;false;plains;3
12526;153;196;1;land;false;urban;3
12527;99;158;1;land;false;plains;3
12528;92;174;1;land;false;plains;3
12529;87;190;1;land;false;plains;3
12530;145;188;1;land;false;plains;3
12531;138;232;1;land;false;plains;3
12532;134;202;1;land;false;plains;3
12533;175;214;1;land;false;plains;3
12534;144;203;1;land;false;plains;3
12535;187;226;1;land;false;plains;3
12536;164;244;1;land;false;plains;3
12537;200;202;1;land;false;plains;3
12538;173;202;1;land;false;plains;3
12539;190;254;1;land;false;plains;3
12540;206;140;1;land;false;plains;3
12541;201;76;1;land;false;plains;3
12542;208;155;1;land;false;plains;3
12543;239;84;1;land;false;plains;3
12544;228;101;1;land;false;plains;3
12545;220;98;1;land;false;plains;3
12546;207;128;1;land;false;plains;3
12547;199;91;1;land;false;plains;3
12548;191;156;1;land;false;plains;3
12549;188;135;1;land;false;plains;3
12550;252;140;1;land;false;urban;3
12551;86;251;1;land;false;plains;3
12552;62;201;1;land;true;plains;3
12553;69;244;1;land;false;urban;3
12554;104;225;1;land;false;plains;3
12555;67;189;1;land;false;plains;3
12556;64;237;1;land;true;plains;3
12557;119;239;1;land;true;urban;3
12558;122;252;1;land;false;plains;3
12559;93;233;1;land;false;plains;3
12560;62;215;1;land;true;plains;3
12561;119;223;1;land;false;urban;3
12562;64;206;1;land;false;urban;3
12563;116;215;1;land;false;plains;3
12564;172;58;1;land;false;hills;3
12565;180;88;1;land;false;urban;3
12566;185;26;1;land;false;plains;3
12567;190;51;1;land;false;plains;3
12568;162;72;1;land;false;plains;3
12569;191;45;1;land;false;plains;3
12570;138;77;1;land;false;hills;3
12571;155;87;1;land;false;plains;3
12572;145;89;1;land;false;plains;3
12573;156;101;1;land;false;plains;3
12574;143;57;1;land;false;plains;3
12575;162;74;1;land;false;plains;3
12576;151;49;1;land;false;plains;3
12577;141;28;1;land;false;plains;3
12578;145;48;1;land;false;plains;3
12579;149;57;1;land;false;urban;3
12580;181;56;1;land;false;plains;3
12581;189;89;1;land;false;hills;3
12582;43;92;1;land;false;urban;3
12583;16;144;1;land;false;plains;3
12584;28;108;1;land;false;plains;3
12585;36;70;1;land;false;urban;3
12586;15;86;1;land;false;plains;3
12587;47;140;1;land;false;urban;3
12588;59;135;1;land;false;plains;3
12589;74;89;1;land;false;plains;3
12590;63;87;1;land;false;plains;3
12591;14;122;1;land;false;plains;3
12592;70;72;1;land;false;forest;3
12593;71;107;1;land;false;plains;3
12594;50;81;1;land;false;urban;3
12595;35;80;1;land;false;plains;3
12596;46;69;1;land;false;plains;3
12597;40;179;1;land;false;plains;3
12598;36;158;1;land;false;plains;3
12599;17;194;1;land;false;mountain;3
12600;15;168;1;land;false;hills;3
12601;3;148;1;land;false;plains;3
12602;46;189;1;land;false;mountain;3
12603;37;182;1;land;false;mountain;3
12604;8;144;1;land;false;plains;3
12605;34;205;1;land;false;hills;3
12606;25;208;1;land;false;plains;3
12607;27;220;1;land;false;plains;3
12608;33;180;1;land;false;mountain;3
12609;20;172;1;land;false;plains;3
12610;18;210;1;land;false;hills;3
12611;9;152;1;land;false;plains;3
12612;33;176;1;land;false;mountain;3
12613;8;162;1;land;false;mountain;3
12614;26;217;1;land;false;mountain;3
12615;40;219;1;land;false;plains;3
12616;20;181;1;land;false;plains;3
12617;18;207;1;land;false;plains;3
12618;38;211;1;land;false;plains;3
12619;38;161;1;land;false;mountain;3
12620;32;186;1;land;false;plains;3
12621;28;188;1;land;false;plains;3
12622;173;130;1;land;false;plains;3
12623;206;152;1;land;false;plains;3
12624;185;121;1;land;false;urban;3
12625;179;173;1;land;false;plains;3
12626;155;143;1;land;false;plains;3
12627;221;174;1;land;false;plains;3
12628;218;119;1;land;false;plains;3
12629;206;154;1;land;false;urban;3
12630;207;65;1;land;false;mountain;3
12631;176;67;1;land;false;plains;3
12632;196;66;1;land;false;plains;3
12633;201;50;1;land;false;plains;3
12634;218;16;1;land;false;urban;3
12635;172;37;1;land;false;hills;3
12636;184;63;1;land;false;plains;3
12637;152;67;1;land;false;urban;3
12638;207;45;1;land;false;mountain;3
12639;217;60;1;land;false;mountain;3
12640;185;59;1;land;false;mountain;3
12641;110;152;1;land;false;plains;3
12642;83;213;1;land;true;plains;3
12643;91;158;1;land;true;plains;3
12644;206;200;1;land;false;plains;3
12645;158;205;1;land;false;plains;3
12646;161;209;1;land;false;plains;3
12647;176;219;1;land;false;urban;3
12648;85;202;1;land;false;plains;3
12649;106;225;1;land;false;plains;3
12650;81;210;1;land;false;hills;3
12651;120;170;1;land;false;hills;3
12652;69;213;1;land;false;hills;3
12653;120;206;1;land;false;hills;3
12654;76;230;1;land;false;mountain;3
12655;64;247;1;land;false;plains;3
12656;90;233;1;land;false;plains;3
12657;25;154;1;land;false;mountain;3
12658;10;164;1;land;false;plains;3
12659;10;128;1;land;false;hills;3
12660;26;120;1;land;false;hills;3
12661;0;178;1;land;false;plains;3
12662;25;137;1;land;false;hills;3
12663;47;136;1;land;false;plains;3
12664;62;144;1;land;false;mountain;3
12665;3;116;1;land;false;plains;3
12666;37;162;1;land;false;mountain;3
12667;6;167;1;land;false;hills;3
12668;53;187;1;land;false;urban;3
12669;47;194;1;land;false;plains;3
12670;41;164;1;land;false;hills;3
12671;30;120;1;land;false;mountain;3
12672;50;181;1;land;false;plains;3
12673;38;153;1;land;false;hills;3
12674;22;187;1;land;false;hills;3
12675;30;133;1;land;false;hills;3
12676;35;178;1;land;false;mountain;3
12677;32;192;1;land;false;hills;3
12678;15;176;1;land;false;plains;3
12679;50;161;1;land;false;urban;3
12680;204;144;1;land;false;urban;3
12681;196;102;1;land;false;hills;3
12682;172;163;1;land;false;plains;3
12683;206;90;1;land;false;plains;3
12684;186;113;1;land;false;hills;3
12685;236;152;1;land;false;mountain;3
12686;177;123;1;land;false;mountain;3
12687;169;91;1;land;false;plains;3
12688;216;135;1;land;false;hills;3
12689;166;158;1;land;false;mountain;3
12690;221;131;1;land;false;urban;3
12691;204;130;1;land;false;plains;3
12692;220;99;1;land;false;urban;3
12693;202;123;1;land;false;plains;3
12694;176;145;1;land;false;plains;3
12695;145;245;1;land;false;plains;3
12696;169;206;1;land;false;plains;3
12697;126;194;1;land;false;plains;3
12698;231;64;1;land;false;hills;3
12699;222;72;1;land;false;hills;3
12700;249;51;1;land;false;urban;3
12701;230;85;1;land;false;hills;3
12702;235;62;1;land;true;plains;3
12703;241;113;1;land;false;plains;3
12704;205;110;1;land;false;plains;3
12705;181;60;1;land;true;mountain;3
12706;241;73;1;land;false;urban;3
12707;222;114;1;land;false;hills;3
12708;227;118;1;land;true;plains;3
12709;247;118;1;land;true;hills;3
12710;253;107;1;land;true;plains;3
12711;203;108;1;land;true;hills;3
12712;50;154;1;land;false;urban;3
12713;51;182;1;land;false;plains;3
12714;17;198;1;land;false;forest;3
12715;61;193;1;land;false;plains;3
12716;58;160;1;land;false;plains;3
12717;20;166;1;land;false;urban;3
12718;21;180;1;land;false;urban;3
12719;67;158;1;land;false;plains;3
12720;32;160;1;land;false;plains;3
12721;70;166;1;land;false;plains;3
12722;23;199;1;land;false;plains;3
12723;19;212;1;land;false;plains;3
12724;38;159;1;land;false;urban;3
12725;11;154;1;land;false;urban;3
12726;35;193;1;land;false;plains;3
12727;118;143;1;land;false;hills;3
12728;66;94;1;land;false;mountain;3
12729;108;145;1;land;false;hills;3
12730;116;156;1;land;false;mountain;3
12731;90;150;1;land;false;mountain;3
12732;126;152;1;land;false;mountain;3
12733;73;89;1;land;false;hills;3
12734;114;112;1;land;false;plains;3
12735;100;91;1;land;false;plains;3
12736;68;87;1;land;false;hills;3
12737;132;133;1;land;false;hills;3
12738;57;142;1;land;false;plains;3
12739;118;150;1;land;false;hills;3
12740;129;129;1;land;false;mountain;3
12741;131;86;1;land;false;plains;3
12742;84;123;1;land;false;mountain;3
12743;124;125;1;land;false;hills;3
12744;127;99;1;land;false;mountain;3
12745;106;141;1;land;false;mountain;3
12746;73;147;1;land;false;mountain;3
12747;120;131;1;land;false;mountain;3
12748;127;106;1;land;false;mountain;3
12749;84;148;1;land;false;hills;3
12750;58;159;1;land;false;hills;3
12751;116;128;1;land;false;hills;3
12752;123;187;1;land;false;plains;3
12753;156;254;1;land;false;plains;3
12754;157;231;1;land;false;plains;3
12755;177;240;1;land;false;plains;3
12756;163;231;1;land;false;plains;3
12757;124;230;1;land;false;plains;3
12758;187;204;1;land;false;plains;3
12759;153;187;1;land;false;hills;3
12760;198;251;1;land;false;plains;3
12761;134;214;1;land;false;plains;3
12762;141;221;1;land;false;plains;3
12763;182;237;1;land;false;plains;3
12764;199;232;1;land;false;plains;3
12765;151;234;1;land;false;plains;3
12766;178;208;1;land;false;plains;3
12767;190;241;1;land;false;plains;3
12768;134;197;1;land;false;urban;3
12769;157;234;1;land;false;plains;3
12770;209;197;1;land;false;plains;3
12771;219;183;1;land;false;plains;3
12772;166;199;1;land;false;plains;3
12773;180;236;1;land;false;plains;3
12774;175;167;1;land;false;plains;3
12775;191;211;1;land;false;plains;3
12776;228;169;1;land;false;plains;3
12777;209;216;1;land;false;urban;3
12778;189;21;1;land;false;mountain;3
12779;177;79;1;land;false;hills;3
12780;198;84;1;land;false;plains;3
12781;174;68;1;land;true;plains;3
12782;150;48;1;land;false;hills;3
12783;212;97;1;land;false;mountain;3
12784;206;92;1;land;true;plains;3
12785;154;62;1;land;false;hills;3
12786;215;58;1;land;false;hills;3
12787;147;31;1;land;false;plains;3
12788;141;36;1;land;false;mountain;3
12789;193;57;1;land;true;hills;3
12790;150;52;1;land;false;hills;3
12791;149;25;1;land;true;plains;3
12792;173;84;1;land;false;hills;3
12793;189;101;1;land;false;plains;3
12794;179;53;1;land;true;plains;3
12795;211;34;1;land;false;hills;3
12796;153;68;1;land;true;plains;3
12797;192;82;1;land;false;mountain;3
12798;175;36;1;land;false;hills;3
12799;191;64;1;land;true;hills;3
12800;178;32;1;land;false;hills;3
12801;211;46;1;land;true;hills;3
12802;206;45;1;land;false;hills;3
12803;205;81;1;land;false;hills;3
12804;141;30;1;land;true;plains;3
12805;151;93;1;land;false;hills;3
12806;195;92;1;land;false;mountain;3
12807;141;68;1;land;false;hills;3
12808;154;95;1;land;false;hills;3
12809;187;65;1;land;false;hills;3
12810;188;51;1;land;false;mountain;3
12811;220;87;1;land;false;plains;3
12812;190;72;1;land;true;plains;3
12813;187;98;1;land;false;plains;3
12814;156;28;1;land;false;plains;3
12815;199;38;1;land;false;hills;3
12816;210;33;1;land;false;hills;3
12817;152;100;1;land;false;plains;3
12818;190;90;1;land;false;mountain;3
12819;152;89;1;land;false;plains;3
12820;158;73;1;land;false;hills;3
12821;184;39;1;land;false;mountain;3
12822;215;76;1;land;true;hills;3
12823;214;40;1;land;false;mountain;3
12824;144;56;1;land;false;mountain;3
12825;200;94;1;land;false;mountain;3
12826;185;28;1;land;false;mountain;3
12827;9;92;1;land;false;plains;3
12828;41;79;1;land;false;urban;3
12829;54;44;1;land;false;plains;3
12830;18;83;1;land;false;plains;3
12831;35;35;1;land;false;urban;3
12832;57;96;1;land;false;plains;3
12833;96;143;1;land;false;plains;3
12834;96;120;1;land;false;hills;3
12835;132;136;1;land;false;plains;3
12836;161;128;1;land;false;hills;3
12837;138;101;1;land;false;hills;3
12838;140;115;1;land;false;hills;3
12839;106;103;1;land;false;mountain;3
12840;140;133;1;land;false;mountain;3
12841;162;102;1;land;false;hills;3
12842;149;102;1;land;false;plains;3
12843;116;98;1;land;false;hills;3
12844;119;101;1;land;false;plains;3
12845;102;92;1;land;false;mountain;3
12846;136;136;1;land;false;hills;3
12847;137;114;1;land;false;hills;3
12848;109;106;1;land;false;hills;3
12849;101;162;1;land;false;hills;3
12850;151;148;1;land;false;plains;3
12851;108;108;1;land;false;hills;3
12852;115;91;1;land;false;plains;3
12853;84;131;1;land;false;mountain;3
12854;97;153;1;land;false;plains;3
12855;154;116;1;land;false;plains;3
12856;87;161;1;land;false;plains;3
12857;163;102;1;land;false;hills;3
12858;94;122;1;land;false;urban;3
12859;127;169;1;land;false;mountain;3
12860;132;157;1;land;false;mountain;3
12861;76;113;1;land;true;plains;3
12862;116;117;1;land;true;plains;3
12863;148;65;1;land;false;plains;3
12864;189;205;1;land;false;desert;3
12865;251;205;1;land;false;plains;3
12866;239;219;1;land;false;urban;3
12867;227;186;1;land;false;hills;3
12868;228;239;1;land;false;plains;3
12869;233;245;1;land;false;hills;3
12870;236;200;1;land;false;plains;3
12871;214;198;1;land;false;hills;3
12872;217;235;1;land;false;plains;3
12873;208;236;1;land;false;plains;3
12874;244;220;1;land;false;mountain;3
12875;196;246;1;land;false;plains;3
12876;214;229;1;land;false;plains;3
12877;243;200;1;land;false;hills;3
12878;198;183;1;land;false;plains;3
12879;237;228;1;land;false;hills;3
12880;229;236;1;land;false;plains;3
12881;225;172;1;land;false;mountain;3
12882;217;233;1;land;false;plains;3
12883;252;249;1;land;false;desert;3
12884;207;188;1;land;false;plains;3
12885;222;173;1;land;false;mountain;3
12886;222;231;1;land;false;plains;3
12887;199;178;1;land;false;plains;3
12888;225;204;1;land;false;hills;3
12889;208;200;1;land;false;hills;3
12890;252;210;1;land;false;mountain;3
12891;252;228;1;land;false;hills;3
12892;217;251;1;land;false;hills;3
12893;210;249;1;land;false;mountain;3
12894;238;249;1;land;false;plains;3
12895;249;212;1;land;false;hills;3
12896;41;41;1;land;false;plains;3
12897;82;48;1;land;false;plains;3
12898;21;56;1;land;false;hills;3
12899;13;34;1;land;false;plains;3
12900;24;26;1;land;false;mountain;3
12901;40;30;1;land;false;plains;3
12902;23;20;1;land;false;hills;3
12903;70;19;1;land;false;plains;3
12904;66;32;1;land;false;hills;3
12905;64;15;1;land;false;plains;3
12906;21;57;1;land;false;plains;3
12907;37;23;1;land;false;plains;3
12908;63;1;1;land;false;plains;3
12909;82;53;1;land;false;urban;3
12910;25;15;1;land;false;plains;3
12911;81;45;1;land;false;urban;3
12912;75;6;1;land;false;plains;3
12913;55;31;1;land;false;plains;3
12914;38;98;1;land;false;urban;3
12915;87;97;1;land;false;mountain;3
12916;40;100;1;land;false;plains;3
12917;35;78;1;land;false;hills;3
12918;33;100;1;land;false;urban;3
12919;104;97;1;land;false;hills;3
12920;78;106;1;land;false;plains;3
12921;101;72;1;land;false;plains;3
12922;63;73;1;land;false;mountain;3
12923;33;109;1;land;false;urban;3
12924;94;85;1;land;false;plains;3
12925;51;78;1;land;false;hills;3
12926;46;79;1;land;false;plains;3
12927;45;136;1;land;false;plains;3
12928;46;126;1;land;false;mountain;3
12929;63;71;1;land;false;plains;3
12930;63;68;1;land;false;hills;3
12931;58;68;1;land;false;plains;3
12932;95;84;1;land;false;hills;3
12933;81;143;1;land;false;urban;3
12934;76;132;1;land;false;hills;3
12935;51;91;1;land;false;mountain;3
12936;62;137;1;land;false;mountain;3
12937;63;132;1;land;false;hills;3
12938;73;82;1;land;false;plains;3
12939;80;73;1;land;false;hills;3
12940;30;116;1;land;false;plains;3
12941;93;116;1;land;false;mountain;3
12942;105;70;1;land;false;hills;3
12943;74;84;1;land;false;hills;3
12944;29;112;1;land;false;mountain;3
12945;58;134;1;land;false;plains;3
12946;97;76;1;land;false;plains;3
12947;26;243;1;land;false;plains;3
12948;121;26;1;land;false;urban;3
12949;173;13;1;land;false;plains;3
12950;128;78;1;land;false;plains;3
12951;137;74;1;land;false;plains;3
12952;157;32;1;land;false;plains;3
12953;172;62;1;land;false;plains;3
12954;120;52;1;land;false;plains;3
12955;185;70;1;land;false;plains;3
12956;134;60;1;land;false;urban;3
12957;159;34;1;land;false;plains;3
12958;136;74;1;land;false;plains;3
12959;134;32;1;land;false;urban;3
12960;119;60;1;land;false;plains;3
12961;189;14;1;land;false;plains;3
12962;242;227;1;land;false;urban;3
12963;229;252;1;land;false;forest;3
12964;223;62;1;land;false;hills;3
12965;220;85;1;land;false;hills;3
12966;224;101;1;land;false;hills;3
12967;252;99;1;land;false;mountain;3
12968;251;46;1;land;false;hills;3
12969;248;83;1;land;false;hills;3
12970;207;117;1;land;false;hills;3
12971;230;55;1;land;false;mountain;3
12972;251;115;1;land;false;hills;3
12973;208;67;1;land;false;hills;3
12974;245;57;1;land;false;hills;3
12975;7;38;1;land;false;plains;3
12976;28;28;1;land;false;plains;3
12977;48;24;1;land;false;plains;3
12978;39;18;1;land;false;hills;3
12979;6;39;1;land;false;plains;3
12980;28;33;1;land;false;mountain;3
12981;41;3;1;land;false;hills;3
12982;46;31;1;land;false;plains;3
12983;6;2;1;land;false;urban;3
12984;36;16;1;land;false;plains;3
12985;1;34;1;land;false;plains;3
12986;32;0;1;land;false;plains;3
12987;2;21;1;land;false;hills;3
12988;35;9;1;land;false;urban;3
12989;252;88;1;land;false;plains;3
12990;226;26;1;land;false;mountain;3
12991;207;94;1;land;false;mountain;3
12992;189;72;1;land;false;hills;3
12993;223;44;1;land;false;hills;3
12994;235;91;1;land;false;mountain;3
12995;198;51;1;land;false;mountain;3
12996;190;62;1;land;false;plains;3
12997;193;35;1;land;false;plains;3
12998;233;39;1;land;false;desert;3
12999;249;96;1;land;false;hills;3
13000;182;50;1;land;false;mountain;3
13001;236;39;1;land;false;desert;3
13002;221;44;1;land;false;hills;3
13003;238;39;1;land;false;plains;3
13004;27;121;1;land;false;hills;3
13005;43;121;1;land;false;plains;3
13006;0;125;1;land;false;mountain;3
13007;4;167;1;land;false;plains;3
13008;34;155;1;land;false;plains;3
13009;40;173;1;land;false;plains;3
13010;53;175;1;land;false;forest;3
13011;41;101;1;land;false;urban;3
13012;1;146;1;land;false;plains;3
13013;46;159;1;land;false;plains;3
13014;217;90;1;land;false;hills;3
13015;161;93;1;land;false;plains;3
13016;166;86;1;land;false;hills;3
13017;183;151;1;land;false;hills;3
13018;212;123;1;land;false;mountain;3
13019;204;105;1;land;false;hills;3
13020;191;98;1;land;false;plains;3
13021;150;150;1;land;false;hills;3
13022;221;75;1;land;false;hills;3
13023;183;92;1;land;false;mountain;3
13024;196;131;1;land;false;hills;3
13025;167;139;1;land;false;hills;3
13026;210;84;1;land;false;hills;3
13027;207;147;1;land;false;hills;3
13028;195;89;1;land;false;hills;3
13029;234;142;1;land;false;plains;3
13030;93;180;1;land;false;plains;3
13031;150;171;1;land;false;plains;3
13032;160;151;1;land;false;urban;3
13033;141;154;1;land;false;plains;3
13034;126;187;1;land;true;plains;3
13035;155;155;1;land;true;plains;3
13036;160;161;1;land;true;plains;3
13037;40;147;1;land;false;forest;3
13038;71;123;1;land;false;plains;3
13039;23;109;1;land;false;plains;3
13040;52;145;1;land;false;urban;3
13041;44;159;1;land;false;plains;3
13042;47;141;1;land;false;forest;3
13043;30;163;1;land;false;urban;3
13044;63;155;1;land;false;plains;3
13045;62;181;1;land;false;plains;3
13046;65;184;1;land;false;plains;3
13047;40;17;1;land;false;hills;3
13048;55;53;1;land;false;plains;3
13049;102;45;1;land;false;plains;3
13050;85;29;1;land;false;plains;3
13051;63;22;1;land;false;plains;3
13052;103;26;1;land;false;plains;3
13053;64;3;1;land;false;hills;3
13054;33;9;1;land;false;plains;3
13055;79;53;1;land;false;hills;3
13056;41;51;1;land;false;plains;3
13057;69;50;1;land;false;plains;3
13058;75;14;1;land;false;plains;3
13059;114;123;1;land;false;plains;3
13060;125;61;1;land;false;urban;3
13061;78;60;1;land;false;plains;3
13062;147;75;1;land;false;urban;3
13063;151;95;1;land;false;urban;3
13064;137;85;1;land;false;urban;3
13065;105;105;1;land;false;urban;3
13066;73;115;1;land;false;plains;3
13067;250;220;1;land;false;plains;3
13068;233;219;1;land;false;plains;3
13069;234;249;1;land;false;urban;3
13070;246;224;1;land;false;hills;3
13071;251;243;1;land;false;plains;3
13072;252;237;1;land;false;plains;3
13073;224;217;1;land;false;plains;3
13074;209;235;1;land;false;urban;3
13075;233;254;1;land;false;plains;3
13076;216;244;1;land;false;plains;3
13077;231;218;1;land;false;plains;3
13078;225;242;1;land;false;plains;3
13079;209;230;1;land;false;plains;3
13080;224;208;1;land;false;plains;3
13081;212;241;1;land;false;plains;3
13082;233;225;1;land;false;urban;3
13083;219;209;1;land;false;urban;3
13084;231;231;1;land;false;plains;3
13085;222;214;1;land;false;plains;3
13086;252;220;1;land;false;hills;3
13087;227;249;1;land;false;plains;3
13088;220;233;1;land;false;plains;3
13089;245;225;1;land;false;plains;3
13090;248;209;1;land;false;plains;3
13091;218;227;1;land;false;urban;3
13092;224;44;1;land;false;plains;3
13093;222;24;1;land;false;hills;3
13094;220;29;1;land;false;urban;3
13095;252;58;1;land;false;plains;3
13096;222;7;1;land;false;plains;3
13097;218;60;1;land;false;plains;3
13098;234;1;1;land;false;plains;3
13099;235;67;1;land;false;mountain;3
13100;203;56;1;land;false;hills;3
13101;209;9;1;land;false;plains;3
13102;201;40;1;land;false;hills;3
13103;225;27;1;land;false;plains;3
13104;214;23;1;land;false;urban;3
13105;186;34;1;land;false;hills;3
13106;250;64;1;land;false;hills;3
13107;202;52;1;land;false;urban;3
13108;228;10;1;land;false;plains;3
13109;226;20;1;land;false;mountain;3
13110;68;18;1;land;false;plains;3
13111;47;39;1;land;false;plains;3
13112;25;4;1;land;false;urban;3
13113;55;29;1;land;false;urban;3
13114;63;24;1;land;false;hills;3
13115;20;33;1;land;false;plains;3
13116;62;24;1;land;false;plains;3
13117;35;4;1;land;false;urban;3
13118;146;106;1;land;false;urban;3
13119;131;132;1;land;false;plains;3
13120;153;87;1;land;false;plains;3
13121;135;82;1;land;false;plains;3
13122;147;104;1;land;false;plains;3
13123;155;86;1;land;false;plains;3
13124;167;138;1;land;false;plains;3
13125;188;126;1;land;false;plains;3
13126;183;116;1;land;false;urban;3
13127;179;137;1;land;false;plains;3
13128;164;131;1;land;false;plains;3
13129;164;133;1;land;false;plains;3
13130;174;117;1;land;false;plains;3
13131;126;115;1;land;false;plains;3
13132;114;128;1;land;false;urban;3
13133;144;94;1;land;false;plains;3
13134;222;234;1;land;false;plains;3
13135;209;250;1;land;false;plains;3
13136;193;245;1;land;false;urban;3
13137;219;199;1;land;true;plains;3
13138;217;180;1;land;false;plains;3
13139;106;37;1;land;false;forest;3
13140;68;36;1;land;false;plains;3
13141;108;61;1;land;false;plains;3
13142;50;63;1;land;false;plains;3
13143;91;68;1;land;false;forest;3
13144;92;52;1;land;false;plains;3
13145;43;60;1;land;false;plains;3
13146;45;80;1;land;false;urban;3
13147;103;98;1;land;false;plains;3
13148;79;100;1;land;false;urban;3
13149;16;189;1;land;false;plains;3
13150;5;174;1;land;false;plains;3
13151;22;193;1;land;false;mountain;3
13152;15;147;1;land;false;mountain;3
13153;25;139;1;land;false;mountain;3
13154;35;162;1;land;false;hills;3
13155;37;134;1;land;false;plains;3
13156;42;175;1;land;false;plains;3
13157;34;187;1;land;false;mountain;3
13158;5;121;1;land;false;mountain;3
13159;29;126;1;land;false;hills;3
13160;18;164;1;land;false;hills;3
13161;22;162;1;land;false;hills;3
13162;14;148;1;land;false;mountain;3
13163;13;176;1;land;false;mountain;3
13164;17;177;1;land;false;plains;3
13165;8;161;1;land;false;mountain;3
13166;28;190;1;land;false;mountain;3
13167;5;165;1;land;false;hills;3
13168;40;151;1;land;false;hills;3
13169;36;130;1;land;false;plains;3
13170;32;189;1;land;false;mountain;3
13171;22;177;1;land;false;plains;3
13172;1;126;1;land;false;mountain;3
13173;166;14;1;land;true;plains;3
13174;188;77;1;land;false;plains;3
13175;180;38;1;land;true;plains;3
13176;209;115;1;land;false;mountain;3
13177;194;141;1;land;false;mountain;3
13178;216;106;1;land;false;plains;3
13179;194;121;1;land;false;plains;3
13180;227;156;1;land;false;hills;3
13181;248;166;1;land;false;urban;3
13182;223;125;1;land;false;urban;3
13183;241;144;1;land;false;plains;3
13184;228;136;1;land;false;plains;3
13185;205;170;1;land;false;hills;3
13186;211;112;1;land;false;plains;3
13187;248;183;1;land;false;hills;3
13188;246;113;1;land;false;plains;3
13189;239;171;1;land;false;plains;3
13190;226;150;1;land;false;plains;3
13191;186;132;1;land;false;hills;3
13192;195;117;1;land;false;hills;3
13193;239;108;1;land;false;plains;3
13194;236;127;1;land;false;plains;3
13195;228;112;1;land;false;mountain;3
13196;204;156;1;land;false;urban;3
13197;226;107;1;land;false;plains;3
13198;232;109;1;land;false;urban;3
13199;246;24;1;land;false;mountain;3
13200;217;35;1;land;false;plains;3
13201;226;45;1;land;false;hills;3
13202;242;42;1;land;false;plains;3
13203;209;26;1;land;false;hills;3
13204;229;4;1;land;false;plains;3
13205;205;0;1;land;false;plains;3
13206;204;39;1;land;false;mountain;3
13207;219;2;1;land;false;plains;3
13208;211;12;1;land;false;mountain;3
13209;194;10;1;land;false;hills;3
13210;243;18;1;land;false;urban;3
13211;240;20;1;land;false;plains;3
13212;216;11;1;land;false;plains;3
13213;199;26;1;land;false;mountain;3
13214;209;15;1;land;false;plains;3
13215;208;0;1;land;false;hills;3
13216;238;33;1;land;false;hills;3
13217;215;17;1;land;false;hills;3
13218;232;45;1;land;false;mountain;3
13219;194;0;1;land;false;plains;3
13220;232;25;1;land;false;plains;3
13221;211;9;1;land;false;hills;3
13222;164;66;1;land;true;plains;3
13223;160;133;1;land;true;plains;3
13224;212;176;1;land;false;plains;3
13225;161;179;1;land;false;plains;3
13226;208;165;1;land;true;plains;3
13227;201;199;1;land;false;plains;3
13228;175;180;1;land;true;plains;3
13229;136;89;1;land;false;plains;3
13230;172;46;1;land;false;plains;3
13231;169;57;1;land;false;urban;3
13232;48;140;1;land;false;hills;3
13233;49;112;1;land;false;hills;3
13234;74;113;1;land;false;hills;3
13235;8;147;1;land;false;hills;3
13236;83;176;1;land;false;hills;3
13237;30;172;1;land;false;plains;3
13238;43;149;1;land;false;hills;3
13239;50;146;1;land;false;hills;3
13240;10;109;1;land;false;mountain;3
13241;28;102;1;land;false;hills;3
13242;28;111;1;land;false;hills;3
13243;130;110;1;land;false;hills;3
13244;105;120;1;land;false;urban;3
13245;84;75;1;land;false;plains;3
13246;152;140;1;land;false;plains;3
13247;122;103;1;land;false;hills;3
13248;149;108;1;land;false;plains;3
13249;152;72;1;land;false;hills;3
13250;152;78;1;land;false;hills;3
13251;128;83;1;land;false;hills;3
13252;75;108;1;land;false;mountain;3
13253;143;73;1;land;false;plains;3
13254;100;141;1;land;false;mountain;3
13255;134;102;1;land;false;mountain;3
13256;110;139;1;land;false;hills;3
13257;152;81;1;land;false;hills;3
13258;89;134;1;land;false;plains;3
13259;114;84;1;land;false;hills;3
13260;95;70;1;land;false;plains;3
13261;185;148;1;land;false;hills;3
13262;191;81;1;land;false;plains;3
13263;195;79;1;land;false;hills;3
13264;218;80;1;land;false;mountain;3
13265;245;77;1;land;false;hills;3
13266;246;130;1;land;false;mountain;3
13267;228;81;1;land;false;mountain;3
13268;203;76;1;land;false;plains;3
13269;229;88;1;land;false;plains;3
13270;233;81;1;land;false;hills;3
13271;210;107;1;land;false;hills;3
13272;117;74;1;land;true;hills;3
13273;95;36;1;land;true;plains;3
13274;79;13;1;land;true;plains;3
13275;154;60;1;land;false;plains;3
13276;102;46;1;land;true;plains;3
13277;123;72;1;land;false;plains;3
13278;102;90;1;land;false;plains;3
13279;139;77;1;land;true;hills;3
13280;112;75;1;land;true;hills;3
13281;100;79;1;land;false;plains;3
13282;92;62;1;land;true;plains;3
13283;33;49;1;land;false;hills;3
13284;5;19;1;land;false;hills;3
13285;149;43;1;land;false;plains;3
13286;167;98;1;land;false;plains;3
13287;203;89;1;land;false;urban;3
13288;135;30;1;land;false;plains;3
13289;231;251;1;land;false;hills;3
13290;225;225;1;land;false;plains;3
13291;208;248;1;land;false;hills;3
13292;154;239;1;land;false;plains;3
13293;154;222;1;land;false;hills;3
13294;168;229;1;land;false;hills;3
13295;220;218;1;land;false;hills;3
13296;198;205;1;land;false;mountain;3
13297;177;217;1;land;false;hills;3
13298;195;254;1;land;false;hills;3
13299;154;204;1;land;false;plains;3
13300;207;201;1;land;false;mountain;3
13301;231;224;1;land;false;hills;3
13302;173;254;1;land;false;plains;3
13303;213;224;1;land;false;plains;3
13304;203;234;1;land;false;hills;3
13305;164;249;1;land;false;plains;3
13306;215;236;1;land;false;mountain;3
13307;193;235;1;land;false;mountain;3
13308;183;232;1;land;false;hills;3
13309;178;215;1;land;false;hills;3
13310;203;209;1;land;false;hills;3
13311;130;153;1;land;false;plains;3
13312;151;136;1;land;false;urban;3
13313;155;95;1;land;false;plains;3
13314;133;134;1;land;false;urban;3
13315;163;163;1;land;false;plains;3
13316;162;133;1;land;false;plains;3
13317;107;168;1;land;false;urban;3
13318;168;32;1;land;false;plains;3
13319;166;49;1;land;false;plains;3
13320;159;65;1;land;false;hills;3
13321;190;70;1;land;false;plains;3
13322;172;33;1;land;false;plains;3
13323;167;26;1;land;false;hills;3
13324;163;179;1;land;true;plains;3
13325;203;136;1;land;false;forest;3
13326;190;176;1;land;false;plains;3
13327;164;159;1;land;true;plains;3
13328;213;167;1;land;false;forest;3
13329;239;161;1;land;false;plains;3
13330;234;174;1;land;false;urban;3
13331;230;156;1;land;false;plains;3
13332;211;137;1;land;false;plains;3
13333;228;134;1;land;false;plains;3
13334;248;171;1;land;false;urban;3
13335;141;122;1;land;true;plains;3
13336;114;74;1;land;true;plains;3
13337;125;78;1;land;true;forest;3
13338;129;143;1;land;false;plains;3
13339;115;117;1;land;false;plains;3
13340;140;131;1;land;false;plains;3
13341;123;136;1;land;false;plains;3
13342;152;131;1;land;true;plains;3
13343;142;143;1;land;false;plains;3
13344;125;111;1;land;false;plains;3
13345;126;69;1;land;true;plains;3
13346;113;80;1;land;false;plains;3
13347;157;133;1;land;false;plains;3
13348;122;133;1;land;true;forest;3
13349;166;99;1;land;false;hills;3
13350;169;112;1;land;false;hills;3
13351;166;116;1;land;false;plains;3
13352;135;140;1;land;false;hills;3
13353;128;102;1;land;false;hills;3
13354;144;117;1;land;false;hills;3
13355;134;136;1;land;false;urban;3
13356;158;122;1;land;false;hills;3
13357;132;128;1;land;false;plains;3
13358;128;165;1;land;false;plains;3
13359;108;126;1;land;false;plains;3
13360;158;135;1;land;false;plains;3
13361;129;149;1;land;false;hills;3
13362;151;107;1;land;false;plains;3
13363;136;171;1;land;false;plains;3
13364;101;110;1;land;false;hills;3
13365;121;118;1;land;false;hills;3
13366;181;211;1;land;false;plains;3
13367;176;226;1;land;false;urban;3
13368;209;241;1;land;false;plains;3
13369;214;222;1;land;false;plains;3
13370;230;211;1;land;true;plains;3
13371;205;211;1;land;true;urban;3
13372;188;229;1;land;false;urban;3
13373;202;208;1;land;true;plains;3
13374;201;245;1;land;false;plains;3
13375;89;184;1;land;false;urban;3
13376;41;182;1;land;false;forest;3
13377;76;193;1;land;false;hills;3
13378;241;212;1;land;false;plains;3
13379;228;204;1;land;false;plains;3
13380;230;230;1;land;false;urban;3
13381;182;202;1;land;false;plains;3
13382;216;228;1;land;false;plains;3
13383;225;223;1;land;false;plains;3
13384;202;248;1;land;false;plains;3
13385;247;237;1;land;false;plains;3
13386;182;206;1;land;false;urban;3
13387;207;234;1;land;false;plains;3
13388;209;227;1;land;false;plains;3
13389;241;204;1;land;false;hills;3
13390;201;233;1;land;false;plains;3
13391;229;229;1;land;false;plains;3
13392;179;242;1;land;false;plains;3
13393;246;199;1;land;false;plains;3
13394;239;244;1;land;false;plains;3
13395;201;253;1;land;false;plains;3
13396;185;247;1;land;false;plains;3
13397;227;223;1;land;false;plains;3
13398;181;214;1;land;false;urban;3
13399;215;246;1;land;false;plains;3
13400;210;211;1;land;false;plains;3
13401;226;250;1;land;false;plains;3
13402;237;76;1;land;false;plains;3
13403;212;102;1;land;false;hills;3
13404;231;107;1;land;false;mountain;3
13405;228;93;1;land;false;hills;3
13406;207;62;1;land;false;plains;3
13407;218;107;1;land;false;plains;3
13408;240;109;1;land;false;plains;3
13409;252;73;1;land;false;plains;3
13410;248;95;1;land;false;hills;3
13411;241;100;1;land;false;hills;3
13412;235;85;1;land;false;plains;3
13413;200;70;1;land;false;hills;3
13414;248;57;1;land;false;hills;3
13415;133;235;1;land;false;plains;3
13416;200;253;1;land;false;plains;3
13417;179;230;1;land;false;plains;3
13418;220;231;1;land;false;plains;3
13419;9;93;1;land;false;plains;3
13420;62;113;1;land;false;urban;3
13421;58;102;1;land;false;forest;3
13422;31;64;1;land;false;plains;3
13423;12;92;1;land;false;plains;3
13424;32;101;1;land;false;plains;3
13425;134;150;1;land;false;hills;3
13426;71;143;1;land;false;hills;3
13427;86;195;1;land;false;mountain;3
13428;76;154;1;land;false;plains;3
13429;68;201;1;land;false;hills;3
13430;121;194;1;land;false;plains;3
13431;105;147;1;land;false;mountain;3
13432;129;176;1;land;false;hills;3
13433;131;189;1;land;false;plains;3
13434;69;201;1;land;false;plains;3
13435;73;175;1;land;false;mountain;3
13436;64;177;1;land;false;plains;3
13437;113;173;1;land;false;hills;3
13438;83;191;1;land;false;hills;3
13439;66;194;1;land;false;plains;3
13440;72;196;1;land;false;mountain;3
13441;105;138;1;land;false;mountain;3
13442;86;94;1;land;false;mountain;3
13443;117;116;1;land;false;hills;3
13444;81;84;1;land;false;mountain;3
13445;106;120;1;land;false;hills;3
13446;102;104;1;land;false;plains;3
13447;59;136;1;land;false;mountain;3
13448;103;78;1;land;false;hills;3
13449;84;154;1;land;false;hills;3
13450;141;190;1;land;false;plains;3
13451;128;208;1;land;false;plains;3
13452;110;189;1;land;false;plains;3
13453;103;144;1;land;false;urban;3
13454;90;149;1;land;false;plains;3
13455;251;65;1;land;false;plains;3
13456;253;102;1;land;false;plains;3
13457;219;102;1;land;false;plains;3
13458;239;96;1;land;false;urban;3
13459;247;91;1;land;false;plains;3
13460;227;102;1;land;false;plains;3
13461;210;71;1;land;false;plains;3
13462;229;46;1;land;false;plains;3
13463;222;67;1;land;false;plains;3
13464;232;81;1;land;false;plains;3
13465;212;51;1;land;false;plains;3
13466;219;87;1;land;false;plains;3
13467;247;60;1;land;false;plains;3
13468;214;41;1;land;false;urban;3
13469;228;86;1;land;false;plains;3
13470;253;66;1;land;false;urban;3
13471;248;84;1;land;false;plains;3
13472;45;139;1;land;true;urban;3
13473;51;187;1;land;true;plains;3
13474;42;191;1;land;false;urban;3
13475;37;205;1;land;false;plains;3
13476;19;149;1;land;false;plains;3
13477;53;136;1;land;true;plains;3
13478;11;153;1;land;true;plains;3
13479;52;148;1;land;false;plains;3
13480;53;130;1;land;true;urban;3
13481;19;204;1;land;false;plains;3
13482;9;189;1;land;false;plains;3
13483;185;21;1;land;false;hills;3
13484;177;4;1;land;false;plains;3
13485;156;65;1;land;false;plains;3
13486;154;67;1;land;false;plains;3
13487;188;19;1;land;false;plains;3
13488;215;8;1;land;false;hills;3
13489;206;1;1;land;false;plains;3
13490;225;38;1;land;false;hills;3
13491;121;221;1;land;false;hills;4
13492;142;212;1;land;false;hills;4
13493;102;229;1;land;false;hills;4
13494;160;228;1;land;false;plains;4
13495;131;247;1;land;false;hills;4
13496;100;238;1;land;false;mountain;4
13497;122;237;1;land;false;hills;4
13498;131;209;1;land;false;hills;4
13499;134;218;1;land;false;hills;4
13500;139;252;1;land;false;hills;4
13501;96;223;1;land;false;mountain;4
13502;125;225;1;land;false;hills;4
13503;135;229;1;land;false;hills;4
13504;135;223;1;land;false;hills;4
13505;148;242;1;land;false;desert;4
13506;129;222;1;land;false;hills;4
13507;83;215;1;land;false;hills;4
13508;147;212;1;land;false;hills;4
13509;101;242;1;land;false;hills;4
13510;86;209;1;land;false;hills;4
13511;107;222;1;land;false;plains;4
13512;123;243;1;land;false;hills;4
13513;98;168;1;land;false;plains;4
13514;109;161;1;land;true;hills;4
13515;77;115;1;land;false;plains;4
13516;68;154;1;land;false;plains;4
13517;60;185;1;land;false;plains;4
13518;102;175;1;land;false;plains;4
13519;43;175;1;land;false;plains;4
13520;44;111;1;land;false;plains;4
13521;78;146;1;land;false;plains;4
13522;41;160;1;land;true;plains;4
13523;90;161;1;land;false;plains;4
13524;42;117;1;land;false;plains;4
13525;97;164;1;land;false;plains;4
13526;111;156;1;land;false;plains;4
13527;89;119;1;land;false;plains;4
13528;102;121;1;land;false;plains;4
13529;41;152;1;land;false;plains;4
13530;81;185;1;land;false;plains;4
13531;63;154;1;land;false;plains;4
13532;67;162;1;land;false;plains;4
13533;111;147;1;land;false;plains;4
13534;48;127;1;land;false;plains;4
13535;55;111;1;land;true;plains;4
13536;65;125;1;land;false;plains;4
13537;103;176;1;land;false;plains;4
13538;97;143;1;land;false;plains;4
13539;96;138;1;land;false;plains;4
13540;72;120;1;land;false;plains;4
13541;71;162;1;land;false;plains;4
13542;88;136;1;land;false;plains;4
13543;97;176;1;land;false;plains;4
13544;117;179;1;land;false;plains;4
13545;69;108;1;land;false;plains;4
13546;66;118;1;land;false;plains;4
13547;86;163;1;land;false;plains;4
13548;60;154;1;land;false;plains;4
13549;80;174;1;land;false;plains;4
13550;112;156;1;land;false;plains;4
13551;105;167;1;land;false;plains;4
13552;108;127;1;land;false;plains;4
13553;106;115;1;land;false;plains;4
13554;111;171;1;land;false;plains;4
13555;54;157;1;land;false;plains;4
13556;87;167;1;land;false;plains;4
13557;50;157;1;land;false;plains;4
13558;58;143;1;land;false;plains;4
13559;64;156;1;land;false;plains;4
13560;174;238;1;land;false;plains;4
13561;184;251;1;land;false;plains;4
13562;177;246;1;land;true;plains;4
13563;180;224;1;land;false;plains;4
13564;183;247;1;land;true;plains;4
13565;145;235;1;land;false;plains;4
13566;179;231;1;land;false;plains;4
13567;154;228;1;land;false;plains;4
13568;143;250;1;land;false;plains;4
13569;187;118;1;land;false;plains;4
13570;167;109;1;land;false;plains;4
13571;126;64;1;land;false;plains;4
13572;127;101;1;land;false;plains;4
13573;149;110;1;land;false;plains;4
13574;146;99;1;land;false;plains;4
13575;198;64;1;land;false;plains;4
13576;186;53;1;land;false;plains;4
13577;55;228;1;land;false;mountain;4
13578;34;214;1;land;false;hills;4
13579;94;247;1;land;false;hills;4
13580;60;203;1;land;false;hills;4
13581;87;223;1;land;false;mountain;4
13582;101;235;1;land;false;hills;4
13583;68;209;1;land;false;hills;4
13584;26;221;1;land;false;hills;4
13585;41;215;1;land;false;hills;4
13586;85;242;1;land;false;hills;4
13587;68;204;1;land;false;plains;4
13588;56;196;1;land;false;mountain;4
13589;34;190;1;land;false;mountain;4
13590;98;193;1;land;false;hills;4
13591;60;230;1;land;false;hills;4
13592;38;224;1;land;false;mountain;4
13593;58;225;1;land;false;mountain;4
13594;89;250;1;land;false;hills;4
13595;37;210;1;land;false;mountain;4
13596;88;184;1;land;false;hills;4
13597;93;200;1;land;false;hills;4
13598;99;226;1;land;false;hills;4
13599;31;250;1;land;false;plains;4
13600;14;151;1;land;true;mountain;4
13601;62;116;1;land;false;mountain;4
13602;43;100;1;land;true;mountain;4
13603;48;132;1;land;true;plains;4
13604;69;97;1;land;false;hills;4
13605;79;122;1;land;true;mountain;4
13606;45;120;1;land;false;plains;4
13607;12;120;1;land;true;plains;4
13608;77;119;1;land;false;mountain;4
13609;31;131;1;land;true;mountain;4
13610;70;109;1;land;false;hills;4
13611;67;148;1;land;false;plains;4
13612;216;185;1;land;false;plains;4
13613;246;196;1;land;false;plains;4
13614;233;200;1;land;false;plains;4
13615;247;172;1;land;false;plains;4
13616;228;210;1;land;false;plains;4
13617;67;180;1;land;true;plains;4
13618;41;67;1;land;true;plains;4
13619;97;158;1;land;true;plains;4
13620;74;111;1;land;true;plains;4
13621;35;168;1;land;true;hills;4
13622;63;153;1;land;true;plains;4
13623;83;170;1;land;true;plains;4
13624;41;106;1;land;true;plains;4
13625;84;171;1;land;false;plains;4
13626;45;104;1;land;false;plains;4
13627;5;90;1;land;false;plains;4
13628;66;150;1;land;false;hills;4
13629;51;153;1;land;false;mountain;4
13630;72;103;1;land;false;hills;4
13631;32;153;1;land;false;hills;4
13632;11;148;1;land;false;hills;4
13633;33;90;1;land;false;plains;4
13634;34;134;1;land;false;mountain;4
13635;42;153;1;land;false;mountain;4
13636;45;99;1;land;false;plains;4
13637;99;160;1;land;true;hills;4
13638;129;111;1;land;false;mountain;4
13639;141;115;1;land;false;hills;4
13640;67;108;1;land;false;hills;4
13641;116;149;1;land;true;hills;4
13642;142;166;1;land;false;hills;4
13643;116;187;1;land;true;plains;4
13644;97;133;1;land;true;hills;4
13645;111;172;1;land;false;hills;4
13646;96;125;1;land;true;hills;4
13647;116;180;1;land;false;mountain;4
13648;72;131;1;land;false;mountain;4
13649;87;117;1;land;true;hills;4
13650;24;97;1;land;false;hills;4
13651;23;119;1;land;false;hills;4
13652;9;148;1;land;false;plains;4
13653;28;141;1;land;false;plains;4
13654;44;107;1;land;false;plains;4
13655;27;81;1;land;false;mountain;4
13656;29;142;1;land;false;hills;4
13657;33;129;1;land;false;mountain;4
13658;17;110;1;land;false;plains;4
13659;15;112;1;land;false;mountain;4
13660;23;107;1;land;false;hills;4
13661;36;146;1;land;false;plains;4
13662;25;81;1;land;false;hills;4
13663;160;248;1;land;false;plains;4
13664;141;254;1;land;false;hills;4
13665;139;202;1;land;true;plains;4
13666;161;230;1;land;true;plains;4
13667;129;203;1;land;false;plains;4
13668;125;253;1;land;true;plains;4
13669;114;239;1;land;false;hills;4
13670;99;231;1;land;false;plains;4
13671;141;218;1;land;false;hills;4
13672;115;216;1;land;true;urban;4
13673;32;238;1;land;false;plains;4
13674;33;235;1;land;false;plains;4
13675;11;229;1;land;false;plains;4
13676;55;246;1;land;false;plains;4
13677;53;181;1;land;false;plains;4
13678;2;231;1;land;false;desert;4
13679;20;176;1;land;false;plains;4
13680;68;252;1;land;false;plains;4
13681;23;229;1;land;false;plains;4
13682;37;208;1;land;false;plains;4
13683;52;213;1;land;false;desert;4
13684;36;212;1;land;false;plains;4
13685;72;189;1;land;false;hills;4
13686;49;190;1;land;false;desert;4
13687;36;201;1;land;false;plains;4
13688;68;208;1;land;false;plains;4
13689;4;251;1;land;false;desert;4
13690;84;36;1;land;false;plains;4
13691;81;61;1;land;false;plains;4
13692;106;76;1;land;false;plains;4
13693;74;37;1;land;false;plains;4
13694;43;52;1;land;false;plains;4
13695;86;79;1;land;false;plains;4
13696;49;48;1;land;false;plains;4
13697;106;24;1;land;false;plains;4
13698;59;20;1;land;false;plains;4
13699;76;88;1;land;false;plains;4
13700;30;53;1;land;false;plains;4
13701;98;60;1;land;false;plains;4
13702;51;18;1;land;false;plains;4
13703;106;26;1;land;false;plains;4
13704;78;62;1;land;false;hills;4
13705;42;64;1;land;false;plains;4
13706;88;16;1;land;false;plains;4
13707;99;22;1;land;false;plains;4
13708;73;51;1;land;false;hills;4
13709;84;34;1;land;false;plains;4
13710;102;68;1;land;false;plains;4
13711;86;55;1;land;false;plains;4
13712;92;50;1;land;false;plains;4
13713;31;82;1;land;false;plains;4
13714;68;51;1;land;false;plains;4
13715;40;75;1;land;false;plains;4
13716;75;53;1;land;false;forest;4
13717;79;65;1;land;true;plains;4
13718;121;36;1;land;true;plains;4
13719;86;83;1;land;true;hills;4
13720;138;24;1;land;true;hills;4
13721;74;59;1;land;false;plains;4
13722;113;41;1;land;true;forest;4
13723;137;92;1;land;true;forest;4
13724;139;206;1;land;true;hills;4
13725;167;181;1;land;false;hills;4
13726;195;179;1;land;false;hills;4
13727;148;135;1;land;false;plains;4
13728;136;73;1;land;false;hills;4
13729;180;87;1;land;false;plains;4
13730;129;115;1;land;false;plains;4
13731;122;117;1;land;false;plains;4
13732;146;79;1;land;false;plains;4
13733;170;95;1;land;false;urban;4
13734;112;101;1;land;false;plains;4
13735;113;93;1;land;false;hills;4
13736;171;94;1;land;false;plains;4
13737;168;97;1;land;false;plains;4
13738;119;93;1;land;false;plains;4
13739;135;65;1;land;false;plains;4
13740;178;89;1;land;false;plains;4
13741;178;128;1;land;false;plains;4
13742;178;210;1;land;false;hills;4
13743;181;188;1;land;false;hills;4
13744;189;196;1;land;false;plains;4
13745;148;151;1;land;false;plains;4
13746;122;204;1;land;false;mountain;4
13747;132;173;1;land;false;hills;4
13748;134;178;1;land;false;plains;4
13749;196;188;1;land;false;mountain;4
13750;186;216;1;land;false;hills;4
13751;172;223;1;land;false;plains;4
13752;188;175;1;land;false;mountain;4
13753;74;123;1;land;false;plains;4
13754;8;127;1;land;true;plains;4
13755;14;121;1;land;false;plains;4
13756;31;116;1;land;false;plains;4
13757;57;184;1;land;true;plains;4
13758;22;112;1;land;true;plains;4
13759;6;136;1;land;true;plains;4
13760;48;166;1;land;true;plains;4
13761;32;159;1;land;false;plains;4
13762;5;125;1;land;true;plains;4
13763;9;146;1;land;true;desert;4
13764;14;140;1;land;false;hills;4
13765;25;150;1;land;true;plains;4
13766;52;186;1;land;false;plains;4
13767;30;179;1;land;true;plains;4
13768;22;122;1;land;false;plains;4
13769;3;172;1;land;false;plains;4
13770;61;185;1;land;false;urban;4
13771;175;151;1;land;false;plains;4
13772;201;194;1;land;false;plains;4
13773;172;151;1;land;false;plains;4
13774;143;133;1;land;false;plains;4
13775;178;174;1;land;false;plains;4
13776;201;203;1;land;false;plains;4
13777;205;186;1;land;false;urban;4
13778;189;169;1;land;false;plains;4
13779;200;195;1;land;false;plains;4
13780;188;197;1;land;false;plains;4
13781;209;148;1;land;false;plains;4
13782;168;169;1;land;false;plains;4
13783;167;135;1;land;false;plains;4
13784;178;162;1;land;false;plains;4
13785;199;168;1;land;false;plains;4
13786;173;136;1;land;false;plains;4
13787;215;159;1;land;false;plains;4
13788;197;159;1;land;false;hills;4
13789;144;136;1;land;false;plains;4
13790;181;177;1;land;false;plains;4
13791;141;132;1;land;false;urban;4
13792;164;200;1;land;false;plains;4
13793;211;202;1;land;false;plains;4
13794;157;192;1;land;false;plains;4
13795;206;167;1;land;false;urban;4
13796;204;141;1;land;false;plains;4
13797;237;143;1;land;false;plains;4
13798;253;189;1;land;false;plains;4
13799;208;156;1;land;false;urban;4
13800;239;162;1;land;false;plains;4
13801;196;203;1;land;false;plains;4
13802;188;187;1;land;false;plains;4
13803;194;192;1;land;false;plains;4
13804;249;196;1;land;false;plains;4
13805;229;183;1;land;false;plains;4
13806;202;183;1;land;false;urban;4
13807;221;164;1;land;false;plains;4
13808;253;221;1;land;false;plains;4
13809;182;178;1;land;false;plains;4
13810;1;145;1;land;true;plains;4
13811;142;94;1;land;true;plains;4
13812;198;52;1;land;false;plains;4
13813;163;74;1;land;true;plains;4
13814;210;94;1;land;false;plains;4
13815;170;113;1;land;true;plains;4
13816;115;65;1;land;false;forest;4
13817;98;33;1;land;false;plains;4
13818;134;33;1;land;false;urban;4
13819;102;58;1;land;false;plains;4
13820;88;51;1;land;false;plains;4
13821;134;34;1;land;false;forest;4
13822;109;77;1;land;false;forest;4
13823;207;18;1;land;false;plains;4
13824;247;62;1;land;false;mountain;4
13825;217;64;1;land;false;hills;4
13826;207;44;1;land;false;hills;4
13827;216;38;1;land;false;mountain;4
13828;240;12;1;land;false;hills;4
13829;252;75;1;land;false;plains;4
13830;192;27;1;land;false;mountain;4
13831;230;20;1;land;false;mountain;4
13832;215;15;1;land;false;mountain;4
13833;216;73;1;land;false;hills;4
13834;251;49;1;land;false;plains;4
13835;251;34;1;land;false;mountain;4
13836;239;59;1;land;false;mountain;4
13837;211;52;1;land;false;mountain;4
13838;223;2;1;land;false;mountain;4
13839;222;41;1;land;false;plains;4
13840;243;15;1;land;false;hills;4
13841;212;62;1;land;false;mountain;4
13842;200;62;1;land;false;plains;4
13843;249;70;1;land;false;hills;4
13844;210;69;1;land;false;plains;4
13845;246;13;1;land;false;mountain;4
13846;206;62;1;land;false;mountain;4
13847;172;2;1;land;false;plains;4
13848;163;18;1;land;true;hills;4
13849;109;41;1;land;false;hills;4
13850;111;47;1;land;false;plains;4
13851;147;11;1;land;false;hills;4
13852;149;6;1;land;true;plains;4
13853;28;162;1;land;false;plains;4
13854;70;97;1;land;false;desert;4
13855;45;113;1;land;true;plains;4
13856;67;97;1;land;true;hills;4
13857;65;102;1;land;false;hills;4
13858;85;152;1;land;true;hills;4
13859;57;154;1;land;true;hills;4
13860;27;109;1;land;false;plains;4
13861;45;148;1;land;false;plains;4
13862;229;100;1;land;false;urban;4
13863;246;78;1;land;false;plains;4
13864;232;129;1;land;false;urban;4
13865;183;72;1;land;false;plains;4
13866;245;68;1;land;false;plains;4
13867;229;107;1;land;false;plains;4
13868;224;108;1;land;false;hills;4
13869;171;64;1;land;false;plains;4
13870;168;69;1;land;false;hills;4
13871;171;85;1;land;false;hills;4
13872;176;117;1;land;false;plains;4
13873;247;110;1;land;false;plains;4
13874;179;108;1;land;false;plains;4
13875;189;59;1;land;false;plains;4
13876;244;54;1;land;false;plains;4
13877;212;94;1;land;false;plains;4
13878;243;86;1;land;false;plains;4
13879;183;95;1;land;false;hills;4
13880;65;54;1;land;false;plains;4
13881;20;69;1;land;false;desert;4
13882;53;58;1;land;true;plains;4
13883;41;62;1;land;false;plains;4
13884;19;67;1;land;false;plains;4
13885;14;85;1;land;false;plains;4
13886;36;58;1;land;false;urban;4
13887;35;66;1;land;false;plains;4
13888;12;67;1;land;true;plains;4
13889;61;95;1;land;false;plains;4
13890;67;29;1;land;false;plains;4
13891;28;85;1;land;true;urban;4
13892;60;28;1;land;true;plains;4
13893;10;26;1;land;false;hills;4
13894;68;50;1;land;false;plains;4
13895;37;53;1;land;false;hills;4
13896;25;65;1;land;true;plains;4
13897;7;69;1;land;false;plains;4
13898;61;75;1;land;false;plains;4
13899;27;29;1;land;false;plains;4
13900;6;49;1;land;false;plains;4
13901;20;52;1;land;false;plains;4
13902;22;40;1;land;false;desert;4
13903;69;87;1;land;false;plains;4
13904;8;70;1;land;false;desert;4
13905;42;45;1;land;false;plains;4
13906;56;29;1;land;false;plains;4
13907;10;100;1;land;false;mountain;4
13908;38;123;1;land;false;mountain;4
13909;48;102;1;land;false;mountain;4
13910;36;111;1;land;false;mountain;4
13911;30;99;1;land;false;plains;4
13912;20;103;1;land;false;hills;4
13913;45;102;1;land;false;hills;4
13914;49;120;1;land;false;hills;4
13915;61;176;1;land;false;mountain;4
13916;57;41;1;land;false;plains;4
13917;30;45;1;land;false;plains;4
13918;9;32;1;land;true;forest;4
13919;42;86;1;land;false;hills;4
13920;58;37;1;land;false;hills;4
13921;44;95;1;land;false;hills;4
13922;29;30;1;land;false;plains;4
13923;10;58;1;land;false;hills;4
13924;82;52;1;land;false;hills;4
13925;55;36;1;land;true;plains;4
13926;60;68;1;land;true;hills;4
13927;5;60;1;land;true;plains;4
13928;60;78;1;land;false;hills;4
13929;3;43;1;land;false;plains;4
13930;10;78;1;land;true;plains;4
13931;62;84;1;land;false;hills;4
13932;79;70;1;land;false;hills;4
13933;62;71;1;land;false;hills;4
13934;43;29;1;land;true;plains;4
13935;26;21;1;land;false;hills;4
13936;43;128;1;land;true;plains;4
13937;27;84;1;land;false;plains;4
13938;30;123;1;land;true;plains;4
13939;15;109;1;land;false;plains;4
13940;3;83;1;land;true;plains;4
13941;25;123;1;land;true;plains;4
13942;0;79;1;land;false;plains;4
13943;17;89;1;land;false;plains;4
13944;30;78;1;land;true;plains;4
13945;0;117;1;land;false;plains;4
13946;8;74;1;land;false;plains;4
13947;49;108;1;land;false;plains;4
13948;36;84;1;land;true;plains;4
13949;25;77;1;land;true;plains;4
13950;25;97;1;land;false;plains;4
13951;2;126;1;land;true;plains;4
13952;180;98;1;land;false;hills;4
13953;175;90;1;land;false;hills;4
13954;142;91;1;land;false;plains;4
13955;210;88;1;land;true;hills;4
13956;175;70;1;land;true;forest;4
13957;209;111;1;land;false;plains;4
13958;205;52;1;land;false;plains;4
13959;189;105;1;land;false;plains;4
13960;208;43;1;land;true;forest;4
13961;186;79;1;land;false;plains;4
13962;169;56;1;land;false;plains;4
13963;194;104;1;land;false;plains;4
13964;175;67;1;land;false;plains;4
13965;173;107;1;land;true;plains;4
13966;154;79;1;land;false;plains;4
13967;213;80;1;land;true;hills;4
13968;147;87;1;land;false;hills;4
13969;194;51;1;land;false;plains;4
13970;185;64;1;land;false;plains;4
13971;155;94;1;land;false;plains;4
13972;192;70;1;land;false;hills;4
13973;147;80;1;land;false;plains;4
13974;156;100;1;land;false;plains;4
13975;165;75;1;land;false;plains;4
13976;198;106;1;land;false;plains;4
13977;58;187;1;land;true;plains;4
13978;208;111;1;land;true;mountain;4
13979;216;128;1;land;false;forest;4
13980;210;117;1;land;false;plains;4
13981;241;131;1;land;false;mountain;4
13982;235;84;1;land;false;forest;4
13983;253;149;1;land;true;hills;4
13984;196;112;1;land;true;plains;4
13985;221;111;1;land;false;plains;4
13986;220;160;1;land;true;hills;4
13987;226;86;1;land;false;forest;4
13988;161;213;1;land;false;plains;4
13989;164;237;1;land;false;plains;4
13990;173;251;1;land;true;plains;4
13991;193;227;1;land;false;plains;4
13992;221;225;1;land;false;hills;4
13993;148;254;1;land;false;plains;4
13994;209;248;1;land;false;hills;4
13995;156;247;1;land;false;plains;4
13996;206;249;1;land;false;plains;4
13997;148;236;1;land;false;plains;4
13998;207;228;1;land;false;plains;4
13999;193;234;1;land;false;plains;4
14000;206;217;1;land;false;plains;4
14001;149;246;1;land;false;plains;4
14002;212;218;1;land;false;plains;4
14003;207;227;1;land;false;plains;4
14004;214;218;1;land;false;plains;4
14005;214;210;1;land;false;plains;4
14006;63;240;1;land;false;plains;4
14007;92;216;1;land;false;plains;4
14008;131;252;1;land;false;plains;4
14009;54;239;1;land;false;plains;4
14010;125;230;1;land;false;plains;4
14011;85;228;1;land;false;plains;4
14012;115;204;1;land;false;plains;4
14013;56;220;1;land;false;urban;4
14014;228;193;1;land;false;hills;4
14015;225;222;1;land;false;mountain;4
14016;206;207;1;land;false;hills;4
14017;230;204;1;land;false;hills;4
14018;226;180;1;land;false;mountain;4
14019;220;196;1;land;false;mountain;4
14020;206;226;1;land;false;plains;4
14021;186;232;1;land;false;hills;4
14022;9;108;1;land;true;urban;4
14023;126;174;1;land;true;plains;4
14024;81;162;1;land;false;plains;4
14025;80;132;1;land;false;forest;4
14026;90;123;1;land;true;plains;4
14027;76;196;1;land;true;plains;4
14028;61;154;1;land;true;plains;4
14029;55;180;1;land;false;plains;4
14030;89;127;1;land;false;plains;4
14031;123;195;1;land;true;plains;4
14032;91;118;1;land;false;plains;4
14033;118;124;1;land;false;forest;4
14034;83;131;1;land;false;plains;4
14035;118;158;1;land;true;plains;4
14036;81;174;1;land;false;forest;4
14037;130;135;1;land;false;plains;4
14038;97;117;1;land;false;plains;4
14039;97;168;1;land;false;hills;4
14040;96;173;1;land;true;plains;4
14041;234;141;1;land;false;plains;4
14042;252;179;1;land;false;forest;4
14043;201;151;1;land;false;plains;4
14044;226;197;1;land;false;plains;4
14045;235;161;1;land;false;plains;4
14046;226;168;1;land;false;plains;4
14047;238;146;1;land;false;plains;4
14048;201;176;1;land;false;plains;4
14049;11;132;1;land;false;plains;4
14050;28;138;1;land;false;plains;4
14051;56;116;1;land;false;plains;4
14052;38;110;1;land;false;plains;4
14053;54;70;1;land;false;plains;4
14054;38;120;1;land;false;plains;4
14055;51;129;1;land;false;plains;4
14056;82;92;1;land;true;mountain;4
14057;49;139;1;land;true;mountain;4
14058;66;142;1;land;true;mountain;4
14059;28;142;1;land;true;plains;4
14060;26;127;1;land;false;mountain;4
14061;58;97;1;land;false;mountain;4
14062;73;114;1;land;true;forest;4
14063;86;134;1;land;true;hills;4
14064;46;110;1;land;false;hills;4
14065;29;82;1;land;false;hills;4
14066;50;126;1;land;true;plains;4
14067;53;137;1;land;false;mountain;4
14068;69;115;1;land;true;forest;4
14069;52;137;1;land;true;mountain;4
14070;46;89;1;land;false;plains;4
14071;88;91;1;land;true;hills;4
14072;49;92;1;land;true;urban;4
14073;75;131;1;land;false;mountain;4
14074;155;51;1;land;true;plains;4
14075;214;113;1;land;true;plains;4
14076;156;92;1;land;false;plains;4
14077;154;107;1;land;true;plains;4
14078;168;196;1;land;false;plains;4
14079;224;150;1;land;true;plains;4
14080;153;101;1;land;false;plains;4
14081;156;96;1;land;true;plains;4
14082;135;118;1;land;false;plains;4
14083;123;164;1;land;false;urban;4
14084;134;122;1;land;false;urban;4
14085;115;156;1;land;false;plains;4
14086;127;172;1;land;false;plains;4
14087;148;96;1;land;false;plains;4
14088;130;112;1;land;false;plains;4
14089;236;37;1;land;false;forest;4
14090;197;21;1;land;false;forest;4
14091;212;34;1;land;false;forest;4
14092;245;18;1;land;false;forest;4
14093;193;9;1;land;true;plains;4
14094;217;13;1;land;true;plains;4
14095;252;1;1;land;false;forest;4
14096;196;15;1;land;false;plains;4
14097;202;14;1;land;false;forest;4
14098;254;4;1;land;false;plains;4
14099;249;3;1;land;false;forest;4
14100;244;28;1;land;false;forest;4
14101;239;9;1;land;false;forest;4
14102;195;30;1;land;false;plains;4
14103;220;24;1;land;false;plains;4
14104;227;33;1;land;false;plains;4
14105;198;3;1;land;false;mountain;4
14106;225;37;1;land;true;plains;4
14107;201;31;1;land;false;plains;4
14108;202;6;1;land;true;plains;4
14109;194;2;1;land;false;forest;4
14110;222;34;1;land;false;forest;4
14111;206;28;1;land;false;forest;4
14112;216;28;1;land;false;plains;4
14113;93;46;1;land;false;plains;4
14114;107;40;1;land;false;hills;4
14115;63;42;1;land;false;plains;4
14116;69;45;1;land;false;hills;4
14117;67;48;1;land;false;plains;4
14118;47;78;1;land;true;plains;4
14119;28;123;1;land;false;urban;4
14120;49;67;1;land;false;plains;4
14121;8;116;1;land;false;plains;4
14122;39;126;1;land;false;plains;4
14123;5;133;1;land;false;hills;4
14124;44;135;1;land;true;plains;4
14125;49;86;1;land;false;plains;4
14126;39;86;1;land;false;plains;4
14127;35;108;1;land;false;plains;4
14128;48;126;1;land;false;plains;4
14129;8;91;1;land;false;plains;4
14130;27;90;1;land;false;plains;4
14131;244;177;1;land;true;urban;4
14132;203;150;1;land;true;plains;4
14133;216;197;1;land;true;plains;4
14134;194;190;1;land;true;desert;4
14135;201;208;1;land;true;plains;4
14136;251;131;1;land;true;plains;4
14137;193;162;1;land;true;plains;4
14138;201;177;1;land;true;plains;4
14139;220;173;1;land;true;plains;4
14140;205;209;1;land;true;desert;4
14141;218;173;1;land;true;hills;4
14142;217;161;1;land;true;plains;4
14143;253;166;1;land;false;plains;4
14144;225;148;1;land;false;plains;4
14145;244;162;1;land;false;desert;4
14146;226;185;1;land;false;plains;4
14147;247;177;1;land;false;plains;4
14148;231;172;1;land;false;hills;4
14149;249;133;1;land;false;plains;4
14150;234;154;1;land;false;plains;4
14151;223;145;1;land;false;plains;4
14152;241;125;1;land;false;plains;4
14153;39;217;1;land;false;plains;4
14154;10;224;1;land;false;forest;4
14155;22;219;1;land;false;hills;4
14156;33;243;1;land;false;plains;4
14157;21;252;1;land;false;plains;4
14158;16;216;1;land;false;plains;4
14159;60;217;1;land;false;forest;4
14160;39;200;1;land;false;hills;4
14161;2;237;1;land;false;hills;4
14162;10;238;1;land;false;plains;4
14163;54;240;1;land;false;plains;4
14164;16;223;1;land;false;forest;4
14165;40;252;1;land;false;plains;4
14166;27;253;1;land;false;plains;4
14167;6;243;1;land;false;forest;4
14168;39;204;1;land;false;plains;4
14169;47;252;1;land;false;plains;4
14170;24;208;1;land;false;plains;4
14171;57;220;1;land;false;plains;4
14172;13;243;1;land;false;plains;4
14173;46;227;1;land;false;hills;4
14174;56;242;1;land;false;mountain;4
14175;19;209;1;land;false;forest;4
14176;152;38;1;land;false;plains;4
14177;147;54;1;land;false;plains;4
14178;217;30;1;land;false;plains;4
14179;174;58;1;land;false;plains;4
14180;211;109;1;land;false;plains;4
14181;151;32;1;land;false;plains;4
14182;186;31;1;land;false;plains;4
14183;180;52;1;land;false;plains;4
14184;197;62;1;land;false;plains;4
14185;199;36;1;land;false;plains;4
14186;191;146;1;land;false;plains;4
14187;226;160;1;land;false;urban;4
14188;179;194;1;land;true;urban;4
14189;228;172;1;land;false;plains;4
14190;241;155;1;land;false;plains;4
14191;231;124;1;land;false;plains;4
14192;237;135;1;land;false;plains;4
14193;228;191;1;land;true;plains;4
14194;186;172;1;land;true;plains;4
14195;210;200;1;land;false;plains;4
14196;191;181;1;land;true;plains;4
14197;184;184;1;land;false;forest;4
14198;239;129;1;land;false;plains;4
14199;212;179;1;land;false;plains;4
14200;196;48;1;land;false;plains;4
14201;178;54;1;land;false;plains;4
14202;167;36;1;land;false;plains;4
14203;188;94;1;land;false;plains;4
14204;208;48;1;land;false;plains;4
14205;191;57;1;land;false;hills;4
14206;212;32;1;land;false;hills;4
14207;175;69;1;land;false;urban;4
14208;169;39;1;land;false;plains;4
14209;169;75;1;land;false;plains;4
14210;226;70;1;land;false;plains;4
14211;158;68;1;land;false;plains;4
14212;167;90;1;land;false;hills;4
14213;190;82;1;land;false;plains;4
14214;214;62;1;land;false;plains;4
14215;191;69;1;land;false;plains;4
14216;170;82;1;land;false;plains;4
14217;183;89;1;land;false;plains;4
14218;213;60;1;land;false;plains;4
14219;176;69;1;land;false;hills;4
14220;72;171;1;land;false;hills;4
14221;78;179;1;land;false;plains;4
14222;95;211;1;land;false;hills;4
14223;140;190;1;land;false;hills;4
14224;142;163;1;land;false;mountain;4
14225;69;182;1;land;false;plains;4
14226;82;192;1;land;true;plains;4
14227;81;201;1;land;false;plains;4
14228;84;217;1;land;false;plains;4
14229;83;193;1;land;false;plains;4
14230;74;149;1;land;false;hills;4
14231;113;185;1;land;false;plains;4
14232;108;152;1;land;false;plains;4
14233;79;159;1;land;false;mountain;4
14234;137;217;1;land;false;plains;4
14235;99;212;1;land;false;mountain;4
14236;141;191;1;land;true;plains;4
14237;105;210;1;land;true;plains;4
14238;133;163;1;land;false;plains;4
14239;90;216;1;land;false;plains;4
14240;90;176;1;land;false;plains;4
14241;127;188;1;land;false;plains;4
14242;115;20;1;land;false;plains;4
14243;58;39;1;land;false;forest;4
14244;111;34;1;land;false;forest;4
14245;47;30;1;land;false;forest;4
14246;108;13;1;land;false;plains;4
14247;182;2;1;land;false;hills;4
14248;183;41;1;land;false;hills;4
14249;191;22;1;land;false;hills;4
14250;132;62;1;land;false;hills;4
14251;168;57;1;land;false;hills;4
14252;154;14;1;land;false;urban;4
14253;124;9;1;land;false;plains;4
14254;170;14;1;land;false;plains;4
14255;169;10;1;land;false;hills;4
14256;122;52;1;land;false;plains;4
14257;203;17;1;land;false;forest;4
14258;165;14;1;land;false;plains;4
14259;51;174;1;land;true;plains;4
14260;15;158;1;land;false;plains;4
14261;4;139;1;land;false;plains;4
14262;25;149;1;land;false;plains;4
14263;11;130;1;land;false;plains;4
14264;5;186;1;land;false;plains;4
14265;48;184;1;land;false;plains;4
14266;16;146;1;land;true;plains;4
14267;7;150;1;land;false;plains;4
14268;6;118;1;land;false;plains;4
14269;147;129;1;land;false;plains;4
14270;115;169;1;land;false;plains;4
14271;161;125;1;land;false;plains;4
14272;175;98;1;land;false;hills;4
14273;180;112;1;land;false;plains;4
14274;129;135;1;land;false;plains;4
14275;142;147;1;land;false;hills;4
14276;175;131;1;land;false;hills;4
14277;169;157;1;land;false;plains;4
14278;246;151;1;land;false;plains;4
14279;229;158;1;land;false;plains;4
14280;240;123;1;land;false;plains;4
14281;218;125;1;land;false;plains;4
14282;254;128;1;land;false;plains;4
14283;250;127;1;land;false;plains;4
14284;250;158;1;land;false;plains;4
14285;215;151;1;land;false;plains;4
14286;249;175;1;land;false;plains;4
14287;243;128;1;land;false;hills;4
14288;211;140;1;land;false;plains;4
14289;53;203;1;land;false;plains;4
14290;76;179;1;land;false;plains;4
14291;61;177;1;land;false;plains;4
14292;70;237;1;land;false;plains;4
14293;89;174;1;land;false;plains;4
14294;86;200;1;land;false;plains;4
14295;40;44;1;land;false;plains;4
14296;16;85;1;land;false;plains;4
14297;28;62;1;land;false;urban;4
14298;26;84;1;land;false;plains;4
14299;37;57;1;land;false;plains;4
14300;21;33;1;land;false;plains;4
14301;16;63;1;land;false;plains;4
14302;37;70;1;land;false;plains;4
14303;138;87;1;land;false;plains;4
14304;144;109;1;land;false;plains;4
14305;19;63;1;land;false;hills;4
14306;11;77;1;land;false;mountain;4
14307;6;83;1;land;false;plains;4
14308;25;51;1;land;false;plains;4
14309;14;69;1;land;false;mountain;4
14310;9;127;1;land;false;plains;4
14311;2;92;1;land;false;hills;4
14312;17;62;1;land;false;plains;4
14313;43;127;1;land;false;mountain;4
14314;18;146;1;land;false;plains;4
14315;26;106;1;land;false;plains;4
14316;37;128;1;land;false;plains;4
14317;18;123;1;land;false;plains;4
14318;33;104;1;land;false;plains;4
14319;22;175;1;land;false;plains;4
14320;2;133;1;land;false;plains;4
14321;8;132;1;land;false;plains;4
14322;17;106;1;land;false;plains;4
14323;4;119;1;land;false;plains;4
14324;237;165;1;land;false;plains;4
14325;249;120;1;land;false;forest;4
14326;202;153;1;land;false;plains;4
14327;193;103;1;land;false;plains;4
14328;190;96;1;land;false;forest;4
14329;233;155;1;land;false;plains;4
14330;218;129;1;land;false;plains;4
14331;225;110;1;land;false;plains;4
14332;200;127;1;land;false;plains;4
14333;230;125;1;land;false;plains;4
14334;201;155;1;land;false;plains;4
14335;246;140;1;land;false;plains;4
14336;219;112;1;land;false;plains;4
14337;228;168;1;land;false;plains;4
14338;209;147;1;land;false;plains;4
14339;249;153;1;land;false;forest;4
14340;218;118;1;land;false;plains;4
14341;193;158;1;land;false;forest;4
14342;185;124;1;land;false;plains;4
14343;244;90;1;land;false;plains;4
14344;252;166;1;land;false;plains;4
14345;254;125;1;land;false;plains;4
14346;252;130;1;land;false;plains;4
14347;227;121;1;land;false;plains;4
14348;227;128;1;land;false;plains;4
14349;203;149;1;land;false;plains;4
14350;195;108;1;land;false;plains;4
14351;249;106;1;land;false;forest;4
14352;215;122;1;land;false;plains;4
14353;248;138;1;land;false;plains;4
14354;189;111;1;land;false;plains;4
14355;245;150;1;land;false;plains;4
14356;252;156;1;land;false;plains;4
14357;197;112;1;land;false;plains;4
14358;187;121;1;land;false;forest;4
14359;210;142;1;land;false;plains;4
14360;221;167;1;land;false;plains;4
14361;251;144;1;land;false;plains;4
14362;228;106;1;land;false;plains;4
14363;220;156;1;land;false;plains;4
14364;213;164;1;land;false;hills;4
14365;210;161;1;land;false;plains;4
14366;251;109;1;land;false;plains;4
14367;249;111;1;land;false;plains;4
14368;195;154;1;land;false;plains;4
14369;252;101;1;land;false;forest;4
14370;198;104;1;land;false;plains;4
14371;217;157;1;land;false;plains;4
14372;243;137;1;land;false;plains;4
14373;222;118;1;land;false;plains;4
14374;215;124;1;land;false;plains;4
14375;220;135;1;land;false;plains;4
14376;237;147;1;land;false;plains;4
14377;211;157;1;land;false;plains;4
14378;199;166;1;land;false;forest;4
14379;243;162;1;land;false;forest;4
14380;251;145;1;land;false;plains;4
14381;224;89;1;land;false;plains;4
14382;248;145;1;land;false;plains;4
14383;216;140;1;land;false;plains;4
14384;212;148;1;land;false;plains;4
14385;189;126;1;land;false;plains;4
14386;214;130;1;land;false;plains;4
14387;240;150;1;land;false;forest;4
14388;214;142;1;land;false;plains;4
14389;220;64;1;land;false;hills;4
14390;247;52;1;land;false;hills;4
14391;248;43;1;land;false;hills;4
14392;225;83;1;land;false;plains;4
14393;228;87;1;land;false;plains;4
14394;224;109;1;land;false;plains;4
14395;220;58;1;land;false;hills;4
14396;210;93;1;land;false;plains;4
14397;245;110;1;land;false;plains;4
14398;246;55;1;land;false;hills;4
14399;105;246;1;land;false;forest;4
14400;105;221;1;land;false;forest;4
14401;80;227;1;land;false;forest;4
14402;67;224;1;land;false;plains;4
14403;64;224;1;land;false;forest;4
14404;62;243;1;land;false;forest;4
14405;31;230;1;land;false;plains;4
14406;96;229;1;land;false;forest;4
14407;102;247;1;land;false;forest;4
14408;48;232;1;land;false;forest;4
14409;38;225;1;land;false;forest;4
14410;83;238;1;land;false;forest;4
14411;42;235;1;land;false;mountain;4
14412;53;208;1;land;false;forest;4
14413;60;250;1;land;false;forest;4
14414;31;223;1;land;false;forest;4
14415;79;252;1;land;false;forest;4
14416;43;238;1;land;false;plains;4
14417;45;210;1;land;false;hills;4
14418;34;246;1;land;false;forest;4
14419;85;226;1;land;false;plains;4
14420;99;217;1;land;false;hills;4
14421;107;223;1;land;false;forest;4
14422;231;244;1;land;false;plains;4
14423;238;232;1;land;false;plains;4
14424;202;201;1;land;false;urban;4
14425;233;237;1;land;false;plains;4
14426;210;242;1;land;false;plains;4
14427;101;38;1;land;true;plains;4
14428;138;18;1;land;true;plains;4
14429;80;33;1;land;true;plains;4
14430;155;34;1;land;true;plains;4
14431;180;188;1;land;true;hills;4
14432;212;163;1;land;false;hills;4
14433;221;130;1;land;false;plains;4
14434;166;164;1;land;false;plains;4
14435;214;175;1;land;false;plains;4
14436;203;202;1;land;false;plains;4
14437;202;198;1;land;false;plains;4
14438;219;153;1;land;true;plains;4
14439;164;176;1;land;false;hills;4
14440;225;185;1;land;false;plains;4
14441;223;209;1;land;false;hills;4
14442;212;202;1;land;true;plains;4
14443;217;153;1;land;false;hills;4
14444;221;151;1;land;false;plains;4
14445;223;176;1;land;true;plains;4
14446;203;131;1;land;false;hills;4
14447;150;155;1;land;false;hills;4
14448;192;203;1;land;true;plains;4
14449;168;200;1;land;false;plains;4
14450;183;152;1;land;false;hills;4
14451;173;191;1;land;false;hills;4
14452;196;155;1;land;false;hills;4
14453;167;176;1;land;false;plains;4
14454;220;140;1;land;true;plains;4
14455;208;210;1;land;false;plains;4
14456;159;173;1;land;false;plains;4
14457;172;143;1;land;false;hills;4
14458;216;136;1;land;false;plains;4
14459;172;155;1;land;false;hills;4
14460;186;167;1;land;false;plains;4
14461;188;193;1;land;false;plains;4
14462;208;140;1;land;true;plains;4
14463;225;191;1;land;false;hills;4
14464;182;186;1;land;false;hills;4
14465;175;137;1;land;false;hills;4
14466;220;168;1;land;false;plains;4
14467;150;163;1;land;false;plains;4
14468;184;131;1;land;false;plains;4
14469;175;181;1;land;false;forest;4
14470;190;206;1;land;false;plains;4
14471;214;138;1;land;false;hills;4
14472;221;192;1;land;false;plains;4
14473;176;192;1;land;false;hills;4
14474;148;174;1;land;false;hills;4
14475;163;145;1;land;true;plains;4
14476;206;131;1;land;true;plains;4
14477;222;159;1;land;false;hills;4
14478;226;205;1;land;true;hills;4
14479;150;136;1;land;false;hills;4
14480;165;135;1;land;false;mountain;4
14481;160;156;1;land;false;hills;4
14482;180;185;1;land;false;hills;4
14483;177;142;1;land;false;plains;4
14484;91;182;1;land;false;plains;4
14485;41;204;1;land;false;plains;4
14486;17;1;1;land;false;hills;4
14487;41;5;1;land;false;hills;4
14488;88;27;1;land;false;plains;4
14489;34;37;1;land;false;plains;4
14490;48;15;1;land;false;hills;4
14491;41;32;1;land;false;mountain;4
14492;66;41;1;land;false;mountain;4
14493;46;42;1;land;false;hills;4
14494;34;41;1;land;false;plains;4
14495;76;35;1;land;false;plains;4
14496;45;39;1;land;false;mountain;4
14497;81;44;1;land;false;plains;4
14498;53;27;1;land;false;mountain;4
14499;29;9;1;land;false;hills;4
14500;203;228;1;land;true;plains;4
14501;202;212;1;land;true;plains;4
14502;193;250;1;land;true;plains;4
14503;200;210;1;land;false;plains;4
14504;215;234;1;land;false;plains;4
14505;218;202;1;land;true;urban;4
14506;192;254;1;land;true;plains;4
14507;216;234;1;land;false;plains;4
14508;212;230;1;land;false;plains;4
14509;24;67;1;land;false;hills;4
14510;47;112;1;land;false;hills;4
14511;45;59;1;land;false;hills;4
14512;66;124;1;land;false;hills;4
14513;35;71;1;land;true;plains;4
14514;90;122;1;land;false;plains;4
14515;59;126;1;land;false;hills;4
14516;91;63;1;land;false;hills;4
14517;52;74;1;land;false;plains;4
14518;185;114;1;land;false;plains;4
14519;190;65;1;land;true;plains;4
14520;171;84;1;land;true;plains;4
14521;179;133;1;land;false;urban;4
14522;204;110;1;land;false;plains;4
14523;142;77;1;land;false;plains;4
14524;170;119;1;land;true;plains;4
14525;189;99;1;land;true;plains;4
14526;139;136;1;land;false;urban;4
14527;8;148;1;land;false;hills;4
14528;31;137;1;land;false;hills;4
14529;44;178;1;land;false;hills;4
14530;35;159;1;land;false;plains;4
14531;5;168;1;land;false;plains;4
14532;31;126;1;land;false;mountain;4
14533;21;152;1;land;false;hills;4
14534;2;181;1;land;false;hills;4
14535;3;133;1;land;false;hills;4
14536;28;155;1;land;false;hills;4
14537;19;130;1;land;false;plains;4
14538;47;151;1;land;false;hills;4
14539;21;149;1;land;false;hills;4
14540;8;201;1;land;false;hills;4
14541;1;138;1;land;false;hills;4
14542;51;139;1;land;false;plains;4
14543;188;189;1;land;false;plains;4
14544;162;214;1;land;true;plains;4
14545;145;204;1;land;true;urban;4
14546;116;153;1;land;false;plains;4
14547;174;214;1;land;true;plains;4
14548;143;17;1;land;false;plains;4
14549;185;51;1;land;false;desert;4
14550;153;64;1;land;false;desert;4
14551;127;35;1;land;false;plains;4
14552;152;19;1;land;false;desert;4
14553;142;79;1;land;false;plains;4
14554;199;24;1;land;false;plains;4
14555;198;33;1;land;false;plains;4
14556;153;31;1;land;false;desert;4
14557;191;6;1;land;false;plains;4
14558;137;46;1;land;false;desert;4
14559;207;93;1;land;false;mountain;4
14560;167;111;1;land;false;hills;4
14561;200;84;1;land;false;hills;4
14562;163;96;1;land;false;plains;4
14563;175;124;1;land;false;hills;4
14564;165;136;1;land;false;plains;4
14565;224;102;1;land;false;hills;4
14566;218;140;1;land;false;plains;4
14567;174;101;1;land;false;plains;4
14568;167;95;1;land;false;mountain;4
14569;213;85;1;land;false;plains;4
14570;203;88;1;land;true;plains;4
14571;212;147;1;land;false;hills;4
14572;199;102;1;land;false;plains;4
14573;220;134;1;land;false;hills;4
14574;178;100;1;land;false;hills;4
14575;230;80;1;land;false;plains;4
14576;215;80;1;land;false;plains;4
14577;176;72;1;land;false;plains;4
14578;155;125;1;land;true;plains;4
14579;171;95;1;land;false;plains;4
14580;159;134;1;land;false;plains;4
14581;189;104;1;land;true;plains;4
14582;223;117;1;land;false;hills;4
14583;157;93;1;land;false;plains;4
14584;190;119;1;land;false;plains;4
14585;203;138;1;land;false;plains;4
14586;174;104;1;land;false;mountain;4
14587;186;138;1;land;false;plains;4
14588;155;105;1;land;false;hills;4
14589;154;131;1;land;false;hills;4
14590;221;145;1;land;false;hills;4
14591;174;87;1;land;false;plains;4
14592;233;148;1;land;false;hills;4
14593;220;77;1;land;false;hills;4
14594;184;87;1;land;false;mountain;4
14595;227;110;1;land;true;plains;4
14596;166;97;1;land;false;plains;4
14597;190;99;1;land;false;plains;4
14598;158;149;1;land;false;mountain;4
14599;185;133;1;land;false;plains;4
14600;176;126;1;land;false;mountain;4
14601;180;144;1;land;false;hills;4
14602;215;140;1;land;true;plains;4
14603;177;121;1;land;false;hills;4
14604;163;135;1;land;false;hills;4
14605;226;117;1;land;false;plains;4
14606;161;86;1;land;true;plains;4
14607;174;89;1;land;false;plains;4
14608;184;142;1;land;false;mountain;4
14609;230;79;1;land;false;plains;4
14610;159;103;1;land;true;plains;4
14611;225;74;1;land;false;plains;4
14612;201;128;1;land;false;plains;4
14613;181;137;1;land;false;plains;4
14614;216;149;1;land;false;hills;4
14615;231;116;1;land;false;plains;4
14616;173;144;1;land;false;plains;4
14617;190;98;1;land;false;mountain;4
14618;213;138;1;land;false;plains;4
14619;168;130;1;land;false;plains;4
14620;197;135;1;land;false;plains;4
14621;215;96;1;land;false;plains;4
14622;186;91;1;land;false;plains;4
14623;194;132;1;land;false;hills;4
14624;177;73;1;land;false;plains;4
14625;181;131;1;land;false;mountain;4
14626;196;135;1;land;false;hills;4
14627;157;114;1;land;false;hills;4
14628;215;143;1;land;false;plains;4
14629;211;117;1;land;false;mountain;4
14630;202;100;1;land;false;plains;4
14631;176;143;1;land;false;plains;4
14632;193;123;1;land;false;hills;4
14633;187;96;1;land;false;mountain;4
14634;228;139;1;land;true;plains;4
14635;231;74;1;land;false;hills;4
14636;178;76;1;land;false;mountain;4
14637;160;81;1;land;false;mountain;4
14638;226;105;1;land;false;hills;4
14639;206;83;1;land;true;plains;4
14640;228;94;1;land;false;plains;4
14641;154;143;1;land;false;plains;4
14642;179;118;1;land;false;plains;4
14643;168;87;1;land;false;plains;4
14644;213;73;1;land;false;mountain;4
14645;188;92;1;land;false;hills;4
14646;201;228;1;land;true;plains;4
14647;210;246;1;land;false;plains;4
14648;198;240;1;land;false;plains;4
14649;219;195;1;land;false;plains;4
14650;198;228;1;land;false;plains;4
14651;226;192;1;land;true;plains;4
14652;171;217;1;land;false;plains;4
14653;207;191;1;land;false;plains;4
14654;180;239;1;land;false;plains;4
14655;218;198;1;land;false;plains;4
14656;238;246;1;land;false;plains;4
14657;242;202;1;land;false;plains;4
14658;216;199;1;land;true;plains;4
14659;167;242;1;land;false;plains;4
14660;236;208;1;land;false;plains;4
14661;119;143;1;land;false;hills;4
14662;110;130;1;land;false;hills;4
14663;112;194;1;land;false;plains;4
14664;127;180;1;land;false;plains;4
14665;83;144;1;land;false;plains;4
14666;95;201;1;land;false;hills;4
14667;106;151;1;land;false;mountain;4
14668;60;107;1;land;false;plains;4
14669;206;237;1;land;false;plains;4
14670;194;223;1;land;false;plains;4
14671;172;252;1;land;false;plains;4
14672;191;244;1;land;false;plains;4
14673;190;240;1;land;false;urban;4
14674;237;241;1;land;true;hills;4
14675;191;225;1;land;false;plains;4
14676;203;247;1;land;false;forest;4
14677;225;235;1;land;true;hills;4
14678;210;233;1;land;false;forest;4
14679;226;254;1;land;false;hills;4
14680;241;238;1;land;false;hills;4
14681;186;254;1;land;false;forest;4
14682;235;224;1;land;false;plains;4
14683;212;245;1;land;false;plains;4
14684;234;211;1;land;false;forest;4
14685;239;254;1;land;false;plains;4
14686;199;193;1;land;true;plains;4
14687;212;217;1;land;false;plains;4
14688;177;231;1;land;false;forest;4
14689;225;226;1;land;false;plains;4
14690;196;217;1;land;false;forest;4
14691;191;243;1;land;false;hills;4
14692;186;242;1;land;false;plains;4
14693;193;193;1;land;true;plains;4
14694;206;101;1;land;true;plains;4
14695;221;76;1;land;true;plains;4
14696;212;69;1;land;true;plains;4
14697;214;107;1;land;true;plains;4
14698;250;90;1;land;false;plains;4
14699;246;52;1;land;true;plains;4
14700;186;123;1;land;false;plains;4
14701;247;86;1;land;false;hills;4
14702;233;76;1;land;true;mountain;4
14703;224;100;1;land;true;hills;4
14704;243;54;1;land;false;hills;4
14705;223;99;1;land;false;mountain;4
14706;214;98;1;land;false;hills;4
14707;247;27;1;land;true;hills;4
14708;218;62;1;land;false;hills;4
14709;134;85;1;land;false;hills;4
14710;133;80;1;land;false;plains;4
14711;116;96;1;land;false;plains;4
14712;111;135;1;land;false;mountain;4
14713;98;124;1;land;false;mountain;4
14714;82;146;1;land;false;plains;4
14715;112;102;1;land;false;hills;4
14716;87;128;1;land;false;plains;4
14717;127;83;1;land;false;plains;4
14718;144;101;1;land;false;plains;4
14719;131;143;1;land;false;hills;4
14720;146;93;1;land;true;mountain;4
14721;91;120;1;land;false;mountain;4
14722;94;145;1;land;false;mountain;4
14723;83;151;1;land;false;mountain;4
14724;141;75;1;land;false;plains;4
14725;85;86;1;land;false;plains;4
14726;98;78;1;land;false;plains;4
14727;79;144;1;land;true;hills;4
14728;88;85;1;land;false;plains;4
14729;116;143;1;land;true;plains;4
14730;137;115;1;land;false;hills;4
14731;118;104;1;land;false;mountain;4
14732;108;138;1;land;false;plains;4
14733;132;119;1;land;false;plains;4
14734;86;131;1;land;false;hills;4
14735;106;87;1;land;false;plains;4
14736;86;150;1;land;false;mountain;4
14737;125;77;1;land;false;plains;4
14738;102;149;1;land;false;mountain;4
14739;90;97;1;land;false;hills;4
14740;70;74;1;land;false;mountain;4
14741;88;133;1;land;false;mountain;4
14742;135;74;1;land;false;mountain;4
14743;130;101;1;land;false;plains;4
14744;95;88;1;land;false;mountain;4
14745;80;89;1;land;false;plains;4
14746;125;147;1;land;true;plains;4
14747;106;146;1;land;false;plains;4
14748;94;87;1;land;false;mountain;4
14749;83;81;1;land;false;plains;4
14750;117;78;1;land;false;hills;4
14751;122;107;1;land;false;plains;4
14752;111;80;1;land;false;plains;4
14753;121;123;1;land;true;hills;4
14754;136;141;1;land;false;hills;4
14755;140;139;1;land;true;plains;4
14756;185;149;1;land;true;hills;4
14757;219;152;1;land;true;mountain;4
14758;217;113;1;land;false;hills;4
14759;223;123;1;land;true;mountain;4
14760;49;164;1;land;true;hills;4
14761;102;206;1;land;true;hills;4
14762;94;148;1;land;false;mountain;4
14763;98;190;1;land;true;hills;4
14764;108;183;1;land;true;hills;4
14765;60;164;1;land;true;mountain;4
14766;83;163;1;land;true;hills;4
14767;50;198;1;land;false;hills;4
14768;60;157;1;land;true;mountain;4
14769;71;242;1;land;false;plains;4
14770;84;247;1;land;true;plains;4
14771;110;247;1;land;true;plains;4
14772;119;203;1;land;true;plains;4
14773;110;246;1;land;false;plains;4
14774;128;149;1;land;true;hills;4
14775;113;86;1;land;true;mountain;4
14776;153;123;1;land;false;hills;4
14777;159;107;1;land;true;plains;4
14778;147;155;1;land;false;plains;4
14779;133;101;1;land;false;plains;4
14780;123;93;1;land;true;plains;4
14781;110;102;1;land;false;hills;4
14782;137;153;1;land;false;plains;4
14783;157;157;1;land;true;plains;4
14784;158;119;1;land;true;hills;4
14785;133;132;1;land;false;plains;4
14786;121;113;1;land;true;plains;4
14787;147;140;1;land;true;plains;4
14788;102;107;1;land;false;plains;4
14789;174;94;1;land;true;plains;4
14790;155;92;1;land;true;plains;4
14791;162;153;1;land;true;hills;4
14792;99;86;1;land;true;plains;4
14793;97;84;1;land;true;urban;4
14794;109;104;1;land;false;plains;4
14795;165;133;1;land;false;hills;4
14796;128;97;1;land;true;plains;4
14797;106;94;1;land;false;plains;4
14798;153;107;1;land;false;hills;4
14799;125;87;1;land;true;plains;4
14800;169;134;1;land;false;hills;4
14801;107;138;1;land;false;mountain;4
14802;106;100;1;land;true;plains;4
14803;158;116;1;land;true;plains;4
14804;19;150;1;land;false;plains;4
14805;79;176;1;land;false;hills;4
14806;119;200;1;land;false;plains;4
14807;115;155;1;land;false;plains;4
14808;85;225;1;land;false;plains;4
14809;93;177;1;land;false;plains;4
14810;90;173;1;land;false;plains;4
14811;102;214;1;land;false;plains;4
14812;110;203;1;land;false;plains;4
14813;156;197;1;land;false;hills;4
14814;116;223;1;land;false;plains;4
14815;115;212;1;land;false;plains;4
14816;142;205;1;land;false;plains;4
14817;115;185;1;land;false;plains;4
14818;158;49;1;land;false;plains;4
14819;213;14;1;land;true;plains;4
14820;138;71;1;land;false;plains;4
14821;196;13;1;land;true;plains;4
14822;150;67;1;land;false;forest;4
14823;168;54;1;land;true;plains;4
14824;206;59;1;land;false;plains;4
14825;136;23;1;land;true;plains;4
14826;196;74;1;land;false;forest;4
14827;106;33;1;land;false;plains;4
14828;117;41;1;land;false;hills;4
14829;78;44;1;land;true;hills;4
14830;67;2;1;land;true;plains;4
14831;72;8;1;land;true;plains;4
14832;98;30;1;land;true;plains;4
14833;114;15;1;land;false;plains;4
14834;194;175;1;land;false;plains;4
14835;166;173;1;land;false;hills;4
14836;152;220;1;land;false;hills;4
14837;141;171;1;land;false;mountain;4
14838;127;189;1;land;false;plains;4
14839;124;217;1;land;false;hills;4
14840;169;174;1;land;false;plains;4
14841;143;215;1;land;false;plains;4
14842;150;195;1;land;false;plains;4
14843;194;153;1;land;false;plains;4
14844;182;225;1;land;false;plains;4
14845;39;53;1;land;false;plains;4
14846;4;50;1;land;false;plains;4
14847;23;53;1;land;false;plains;4
14848;42;21;1;land;false;plains;4
14849;14;32;1;land;false;plains;4
14850;40;50;1;land;false;plains;4
14851;95;51;1;land;true;hills;4
14852;104;43;1;land;false;mountain;4
14853;111;18;1;land;false;hills;4
14854;140;58;1;land;false;mountain;4
14855;88;8;1;land;true;mountain;4
14856;133;45;1;land;false;hills;4
14857;99;8;1;land;true;hills;4
14858;134;2;1;land;true;forest;4
14859;82;2;1;land;true;mountain;4
14860;142;12;1;land;false;hills;4
14861;116;30;1;land;false;plains;4
14862;87;29;1;land;false;mountain;4
14863;121;227;1;land;false;plains;4
14864;127;210;1;land;false;plains;4
14865;78;227;1;land;false;plains;4
14866;150;243;1;land;false;plains;4
14867;98;230;1;land;false;plains;4
14868;129;210;1;land;false;plains;4
14869;126;248;1;land;false;plains;4
14870;139;230;1;land;false;plains;4
14871;149;223;1;land;false;urban;4
14872;149;229;1;land;false;urban;4
14873;86;240;1;land;false;plains;4
14874;170;247;1;land;false;mountain;4
14875;111;207;1;land;false;hills;4
14876;118;200;1;land;false;mountain;4
14877;140;236;1;land;false;plains;4
14878;180;184;1;land;false;hills;4
14879;149;207;1;land;false;plains;4
14880;145;192;1;land;false;plains;4
14881;128;221;1;land;false;mountain;4
14882;181;230;1;land;false;plains;4
14883;109;233;1;land;false;hills;4
14884;146;236;1;land;false;hills;4
14885;180;210;1;land;false;plains;4
14886;133;212;1;land;false;plains;4
14887;155;191;1;land;false;mountain;4
14888;139;209;1;land;false;hills;4
14889;162;228;1;land;false;plains;4
14890;124;219;1;land;false;hills;4
14891;137;199;1;land;false;plains;4
14892;124;223;1;land;false;plains;4
14893;161;216;1;land;false;hills;4
14894;139;208;1;land;false;plains;4
14895;109;226;1;land;false;mountain;4
14896;135;222;1;land;false;hills;4
14897;160;205;1;land;false;mountain;4
14898;139;188;1;land;false;plains;4
14899;111;249;1;land;false;plains;4
14900;132;194;1;land;false;hills;4
14901;109;239;1;land;false;hills;4
14902;254;194;1;land;false;plains;4
14903;223;212;1;land;false;plains;4
14904;238;217;1;land;false;plains;4
14905;242;242;1;land;false;plains;4
14906;221;245;1;land;false;urban;4
14907;253;211;1;land;false;plains;4
14908;245;237;1;land;false;plains;4
14909;226;227;1;land;false;plains;4
14910;221;236;1;land;false;plains;4
14911;204;51;1;land;false;plains;4
14912;200;41;1;land;false;plains;4
14913;193;100;1;land;false;plains;4
14914;184;116;1;land;false;urban;4
14915;248;59;1;land;false;plains;4
14916;187;72;1;land;false;plains;4
14917;213;84;1;land;false;plains;4
14918;187;106;1;land;false;plains;4
14919;226;104;1;land;false;plains;4
14920;202;110;1;land;false;plains;4
14921;228;40;1;land;false;plains;4
14922;247;72;1;land;false;plains;4
14923;202;114;1;land;false;plains;4
14924;196;93;1;land;false;plains;4
14925;223;49;1;land;false;urban;4
14926;213;41;1;land;false;plains;4
14927;37;242;1;land;true;mountain;4
14928;59;253;1;land;false;mountain;4
14929;71;229;1;land;true;mountain;4
14930;7;222;1;land;true;mountain;4
14931;31;225;1;land;true;mountain;4
14932;7;244;1;land;false;hills;4
14933;50;221;1;land;false;mountain;4
14934;65;252;1;land;true;hills;4
14935;56;221;1;land;true;hills;4
14936;9;26;1;land;true;hills;4
14937;88;10;1;land;true;plains;4
14938;86;132;1;land;false;hills;4
14939;123;132;1;land;false;hills;4
14940;131;124;1;land;false;mountain;4
14941;137;146;1;land;false;plains;4
14942;140;141;1;land;false;mountain;4
14943;141;100;1;land;false;plains;4
14944;94;147;1;land;false;plains;4
14945;106;142;1;land;false;hills;4
14946;110;147;1;land;false;mountain;4
14947;144;160;1;land;false;plains;4
14948;109;90;1;land;false;hills;4
14949;113;145;1;land;false;hills;4
14950;136;98;1;land;false;plains;4
14951;154;157;1;land;false;hills;4
14952;76;115;1;land;false;hills;4
14953;78;15;1;land;false;plains;4
14954;89;19;1;land;false;plains;4
14955;74;16;1;land;false;urban;4
14956;84;15;1;land;true;plains;4
14957;116;13;1;land;false;plains;4
14958;119;44;1;land;false;plains;4
14959;74;30;1;land;false;plains;4
14960;101;47;1;land;false;plains;4
14961;80;14;1;land;false;plains;4
14962;97;20;1;land;false;plains;4
14963;126;50;1;land;false;plains;4
14964;68;3;1;land;true;plains;4
14965;64;6;1;land;false;plains;4
14966;69;177;1;land;false;plains;4
14967;61;208;1;land;false;plains;4
14968;14;152;1;land;false;plains;4
14969;25;212;1;land;false;plains;4
14970;228;16;1;land;false;plains;4
14971;206;11;1;land;false;plains;4
14972;209;84;1;land;false;plains;4
14973;175;34;1;land;false;plains;4
14974;177;57;1;land;false;plains;4
14975;211;60;1;land;false;plains;4
14976;166;52;1;land;false;plains;4
14977;222;83;1;land;false;urban;4
14978;205;10;1;land;false;plains;4
14979;220;125;1;land;true;urban;4
14980;131;15;1;land;false;desert;4
14981;79;3;1;land;false;plains;4
14982;107;6;1;land;false;plains;4
14983;68;16;1;land;false;plains;4
14984;85;25;1;land;false;plains;4
14985;71;8;1;land;false;plains;4
14986;72;54;1;land;false;plains;4
14987;94;7;1;land;false;plains;4
14988;104;7;1;land;false;plains;4
14989;119;20;1;land;false;plains;4
14990;144;30;1;land;false;plains;4
14991;111;37;1;land;false;plains;4
14992;158;18;1;land;false;plains;4
14993;138;7;1;land;false;plains;4
14994;110;43;1;land;false;plains;4
14995;144;23;1;land;false;plains;4
14996;116;52;1;land;false;plains;4
14997;151;28;1;land;false;plains;4
14998;97;42;1;land;false;plains;4
14999;42;218;1;land;false;hills;4
15000;18;189;1;land;false;plains;4
15001;64;185;1;land;false;plains;4
15002;85;209;1;land;false;plains;4
15003;56;215;1;land;true;plains;4
15004;34;200;1;land;false;plains;4
15005;11;172;1;land;false;plains;4
15006;54;195;1;land;false;plains;4
15007;47;203;1;land;false;mountain;4
15008;9;200;1;land;false;plains;4
15009;78;190;1;land;false;plains;4
15010;80;183;1;land;false;plains;4
15011;45;187;1;land;false;hills;4
15012;29;185;1;land;false;mountain;4
15013;52;182;1;land;false;mountain;4
15014;57;206;1;land;false;plains;4
15015;81;195;1;land;true;plains;4
15016;30;219;1;land;false;plains;4
15017;81;170;1;land;false;hills;4
15018;82;150;1;land;false;hills;4
15019;35;201;1;land;true;plains;4
15020;72;221;1;land;true;plains;4
15021;61;201;1;land;false;plains;4
15022;11;173;1;land;false;mountain;4
15023;86;147;1;land;false;plains;4
15024;69;179;1;land;false;plains;4
15025;56;169;1;land;false;hills;4
15026;53;146;1;land;false;mountain;4
15027;48;196;1;land;false;hills;4
15028;70;151;1;land;false;plains;4
15029;154;158;1;land;false;mountain;4
15030;163;117;1;land;true;hills;4
15031;118;130;1;land;true;hills;4
15032;139;128;1;land;true;mountain;4
15033;150;116;1;land;true;hills;4
15034;182;157;1;land;true;hills;4
15035;134;144;1;land;true;hills;4
15036;149;156;1;land;false;mountain;4
15037;121;114;1;land;true;mountain;4
15038;123;160;1;land;true;mountain;4
15039;152;93;1;land;true;hills;4
15040;135;124;1;land;false;mountain;4
15041;122;159;1;land;true;hills;4
15042;137;100;1;land;false;hills;4
15043;19;157;1;land;false;hills;4
15044;22;155;1;land;false;hills;4
15045;15;140;1;land;false;plains;4
15046;25;171;1;land;false;plains;4
15047;40;185;1;land;false;mountain;4
15048;17;211;1;land;false;plains;4
15049;50;202;1;land;false;hills;4
15050;23;209;1;land;false;hills;4
15051;23;157;1;land;false;hills;4
15052;16;156;1;land;false;hills;4
15053;21;132;1;land;false;mountain;4
15054;40;146;1;land;false;hills;4
15055;74;124;1;land;false;plains;4
15056;24;85;1;land;false;plains;4
15057;26;67;1;land;false;plains;4
15058;84;81;1;land;false;plains;4
15059;31;75;1;land;false;plains;4
15060;22;127;1;land;false;plains;4
15061;17;88;1;land;false;plains;4
15062;14;120;1;land;false;plains;4
15063;89;68;1;land;false;plains;4
15064;210;51;1;land;false;mountain;4
15065;203;92;1;land;false;hills;4
15066;227;17;1;land;false;hills;4
15067;235;56;1;land;false;hills;4
15068;226;17;1;land;false;plains;4
15069;230;73;1;land;true;hills;4
15070;202;43;1;land;false;plains;4
15071;226;16;1;land;false;hills;4
15072;210;59;1;land;false;plains;4
15073;227;77;1;land;true;hills;4
15074;234;89;1;land;false;hills;4
15075;218;44;1;land;false;mountain;4
15076;201;44;1;land;true;hills;4
15077;214;75;1;land;false;hills;4
15078;246;44;1;land;false;hills;4
15079;208;49;1;land;false;hills;4
15080;207;57;1;land;true;hills;4
15081;253;44;1;land;true;hills;4
15082;228;91;1;land;false;mountain;4
15083;246;64;1;land;true;hills;4
15084;238;83;1;land;false;mountain;4
15085;244;70;1;land;true;hills;4
15086;219;70;1;land;false;hills;4
15087;222;90;1;land;false;hills;4
15088;232;17;1;land;false;mountain;4
15089;215;46;1;land;false;plains;4
15090;212;48;1;land;false;hills;4
15091;231;69;1;land;false;mountain;4
15092;218;83;1;land;false;plains;4
15093;243;19;1;land;false;hills;4
15094;227;28;1;land;false;hills;4
15095;213;35;1;land;false;plains;4
15096;242;21;1;land;false;hills;4
15097;220;93;1;land;false;hills;4
15098;101;20;1;land;false;plains;4
15099;88;41;1;land;false;plains;4
15100;144;4;1;land;false;urban;4
15101;99;12;1;land;false;plains;4
15102;84;9;1;land;false;plains;4
15103;95;2;1;land;false;plains;4
15104;112;49;1;land;false;urban;4
15105;109;49;1;land;false;plains;4
15106;137;53;1;land;false;plains;4
15107;79;22;1;land;false;urban;4
15108;106;34;1;land;false;plains;4
15109;114;20;1;land;false;plains;4
15110;196;35;1;land;false;plains;4
15111;227;64;1;land;false;hills;4
15112;172;61;1;land;false;plains;4
15113;208;1;1;land;false;hills;4
15114;191;78;1;land;false;plains;4
15115;171;76;1;land;false;plains;4
15116;199;76;1;land;false;plains;4
15117;191;1;1;land;false;plains;4
15118;202;36;1;land;false;hills;4
15119;184;33;1;land;true;plains;4
15120;208;20;1;land;false;hills;4
15121;214;73;1;land;false;plains;4
15122;219;36;1;land;false;plains;4
15123;211;23;1;land;false;plains;4
15124;175;31;1;land;true;plains;4
15125;193;31;1;land;false;plains;4
15126;211;50;1;land;false;hills;4
15127;216;52;1;land;false;hills;4
15128;212;6;1;land;false;hills;4
15129;158;4;1;land;false;plains;4
15130;194;59;1;land;true;plains;4
15131;156;55;1;land;false;hills;4
15132;174;12;1;land;false;plains;4
15133;192;29;1;land;false;plains;4
15134;176;12;1;land;false;plains;4
15135;225;51;1;land;false;hills;4
15136;167;2;1;land;false;plains;4
15137;169;47;1;land;false;plains;4
15138;25;251;1;land;true;plains;4
15139;47;245;1;land;true;plains;4
15140;76;238;1;land;false;plains;4
15141;46;231;1;land;false;plains;4
15142;39;224;1;land;true;plains;4
15143;44;229;1;land;false;plains;4
15144;35;246;1;land;true;plains;4
15145;94;250;1;land;false;plains;4
15146;38;218;1;land;true;plains;4
15147;26;233;1;land;true;plains;4
15148;68;221;1;land;false;plains;4
15149;29;236;1;land;true;hills;4
15150;79;232;1;land;false;plains;4
15151;101;240;1;land;false;plains;4
15152;36;213;1;land;true;plains;4
15153;102;220;1;land;false;plains;4
15154;67;232;1;land;true;plains;4
15155;45;243;1;land;false;plains;4
15156;51;239;1;land;false;hills;4
15157;24;222;1;land;false;hills;4
15158;9;227;1;land;false;mountain;4
15159;32;232;1;land;false;plains;4
15160;33;219;1;land;false;mountain;4
15161;46;200;1;land;false;mountain;4
15162;47;196;1;land;false;plains;4
15163;50;254;1;land;false;hills;4
15164;11;232;1;land;false;hills;4
15165;36;222;1;land;false;plains;4
15166;44;219;1;land;false;hills;4
15167;120;54;1;land;false;plains;4
15168;85;103;1;land;false;plains;4
15169;69;120;1;land;false;plains;4
15170;115;75;1;land;false;plains;4
15171;80;65;1;land;false;plains;4
15172;76;78;1;land;false;plains;4
15173;124;108;1;land;false;plains;4
15174;111;106;1;land;false;plains;4
15175;56;73;1;land;false;plains;4
15176;29;190;1;land;false;plains;4
15177;32;187;1;land;false;plains;4
15178;101;177;1;land;false;plains;4
15179;42;209;1;land;false;plains;4
15180;50;197;1;land;false;plains;4
15181;59;158;1;land;false;plains;4
15182;93;170;1;land;false;plains;4
15183;39;215;1;land;false;plains;4
15184;96;214;1;land;false;plains;4
15185;59;195;1;land;false;plains;4
15186;60;214;1;land;false;plains;4
15187;31;174;1;land;false;plains;4
15188;55;161;1;land;false;plains;4
15189;69;162;1;land;false;plains;4
15190;71;49;1;land;false;plains;4
15191;78;88;1;land;false;plains;4
15192;39;87;1;land;false;plains;4
15193;65;101;1;land;false;desert;4
15194;48;112;1;land;false;plains;4
15195;234;185;1;land;false;desert;4
15196;236;140;1;land;true;mountain;4
15197;195;159;1;land;false;hills;4
15198;225;155;1;land;false;desert;4
15199;201;145;1;land;false;hills;4
15200;234;166;1;land;false;mountain;4
15201;205;151;1;land;false;hills;4
15202;210;108;1;land;false;desert;4
15203;226;138;1;land;false;hills;4
15204;179;179;1;land;false;hills;4
15205;229;140;1;land;false;hills;4
15206;232;128;1;land;true;plains;4
15207;207;183;1;land;false;desert;4
15208;230;107;1;land;false;desert;4
15209;177;141;1;land;false;plains;4
15210;161;156;1;land;false;plains;4
15211;169;185;1;land;false;urban;4
15212;231;110;1;land;false;hills;4
15213;199;136;1;land;false;hills;4
15214;206;142;1;land;false;hills;4
15215;236;114;1;land;false;hills;4
15216;175;165;1;land;false;hills;4
15217;218;142;1;land;false;desert;4
15218;190;136;1;land;true;hills;4
15219;219;122;1;land;false;desert;4
15220;212;141;1;land;false;hills;4
15221;160;160;1;land;false;plains;4
15222;176;179;1;land;true;hills;4
15223;172;112;1;land;false;hills;4
15224;172;128;1;land;false;hills;4
15225;219;128;1;land;false;desert;4
15226;204;126;1;land;false;hills;4
15227;212;111;1;land;false;desert;4
15228;179;162;1;land;false;hills;4
15229;194;120;1;land;false;desert;4
15230;163;119;1;land;false;plains;4
15231;196;179;1;land;true;hills;4
15232;207;158;1;land;false;desert;4
15233;190;141;1;land;false;desert;4
15234;196;127;1;land;false;hills;4
15235;207;122;1;land;false;hills;4
15236;221;129;1;land;false;hills;4
15237;208;143;1;land;false;plains;4
15238;212;127;1;land;false;hills;4
15239;196;149;1;land;false;hills;4
15240;215;157;1;land;false;plains;4
15241;180;173;1;land;false;desert;4
15242;189;123;1;land;false;plains;4
15243;157;115;1;land;false;hills;4
15244;72;167;1;land;false;hills;4
15245;149;199;1;land;false;hills;4
15246;82;170;1;land;false;hills;4
15247;97;193;1;land;false;plains;4
15248;117;196;1;land;false;plains;4
15249;97;152;1;land;false;forest;4
15250;149;181;1;land;false;hills;4
15251;78;207;1;land;true;hills;4
15252;80;218;1;land;true;hills;4
15253;80;157;1;land;true;plains;4
15254;146;191;1;land;false;hills;4
15255;127;174;1;land;false;mountain;4
15256;128;169;1;land;false;hills;4
15257;76;162;1;land;false;plains;4
15258;123;172;1;land;false;hills;4
15259;96;185;1;land;false;plains;4
15260;94;152;1;land;false;hills;4
15261;141;168;1;land;false;plains;4
15262;116;197;1;land;false;plains;4
15263;115;191;1;land;false;hills;4
15264;140;143;1;land;false;hills;4
15265;149;152;1;land;true;hills;4
15266;110;210;1;land;false;hills;4
15267;116;177;1;land;false;forest;4
15268;88;145;1;land;true;hills;4
15269;140;183;1;land;true;hills;4
15270;96;195;1;land;false;hills;4
15271;116;207;1;land;false;plains;4
15272;77;217;1;land;false;forest;4
15273;131;198;1;land;false;plains;4
15274;119;216;1;land;true;hills;4
15275;113;157;1;land;false;hills;4
15276;76;173;1;land;false;forest;4
15277;81;217;1;land;false;forest;4
15278;116;163;1;land;false;plains;4
15279;136;154;1;land;false;forest;4
15280;89;182;1;land;false;hills;4
15281;143;141;1;land;false;plains;4
15282;80;151;1;land;true;hills;4
15283;124;200;1;land;false;plains;4
15284;219;149;1;land;true;hills;2
15285;217;93;1;land;true;hills;2
15286;247;100;1;land;true;hills;2
15287;214;124;1;land;false;hills;2
15288;193;98;1;land;false;hills;2
15289;231;137;1;land;false;hills;2
15290;209;88;1;land;false;hills;2
15291;240;122;1;land;false;hills;2
15292;193;136;1;land;true;hills;2
15293;153;25;1;land;false;plains;2
15294;164;24;1;land;false;plains;2
15295;221;39;1;land;false;plains;2
15296;195;31;1;land;false;plains;2
15297;217;39;1;land;false;urban;2
15298;203;30;1;land;false;plains;2
15299;183;42;1;land;false;plains;2
15300;204;23;1;land;true;plains;2
15301;198;14;1;land;false;plains;2
15302;177;34;1;land;false;plains;2
15303;197;46;1;land;false;urban;2
15304;179;15;1;land;false;plains;2
15305;200;9;1;land;false;plains;2
15306;165;10;1;land;false;plains;2
15307;208;31;1;land;false;plains;2
15308;227;22;1;land;false;plains;2
15309;152;10;1;land;false;plains;2
15310;211;18;1;land;false;plains;2
15311;199;44;1;land;false;plains;2
15312;206;0;1;land;false;plains;2
15313;178;9;1;land;false;plains;2
15314;161;51;1;land;false;plains;2
15315;195;23;1;land;false;plains;2
15316;190;0;1;land;false;urban;2
15317;157;48;1;land;false;plains;2
15318;179;46;1;land;false;plains;2
15319;173;7;1;land;true;plains;2
15320;184;3;1;land;true;plains;2
15321;199;18;1;land;false;plains;2
15322;177;38;1;land;true;plains;2
15323;185;24;1;land;false;plains;2
15324;177;7;1;land;false;plains;2
15325;227;4;1;land;false;plains;2
15326;210;3;1;land;false;plains;2
15327;192;12;1;land;false;plains;2
15328;155;6;1;land;false;plains;2
15329;158;1;1;land;false;plains;2
15330;201;33;1;land;false;plains;2
15331;175;10;1;land;false;plains;2
15332;219;19;1;land;false;plains;2
15333;160;11;1;land;false;plains;2
15334;210;28;1;land;false;plains;2
15335;217;0;1;land;false;plains;2
15336;218;6;1;land;false;plains;2
15337;216;39;1;land;false;urban;2
15338;208;36;1;land;false;plains;2
15339;185;38;1;land;false;plains;2
15340;180;37;1;land;false;plains;2
15341;196;37;1;land;true;plains;2
15342;166;34;1;land;false;plains;2
15343;159;14;1;land;false;plains;2
15344;40;143;1;land;true;hills;2
15345;103;112;1;land;false;plains;2
15346;89;173;1;land;false;plains;2
15347;30;158;1;land;false;plains;2
15348;101;156;1;land;false;plains;2
15349;37;135;1;land;false;plains;2
15350;78;111;1;land;true;hills;2
15351;76;138;1;land;true;plains;2
15352;53;126;1;land;false;hills;2
15353;42;154;1;land;false;plains;2
15354;79;179;1;land;true;plains;2
15355;79;171;1;land;false;plains;2
15356;37;140;1;land;true;plains;2
15357;64;131;1;land;true;urban;2
15358;70;171;1;land;false;plains;2
15359;91;102;1;land;false;plains;2
15360;88;129;1;land;true;plains;2
15361;93;119;1;land;true;plains;2
15362;105;119;1;land;true;plains;2
15363;98;122;1;land;false;urban;2
15364;30;119;1;land;false;plains;2
15365;39;149;1;land;false;plains;2
15366;38;160;1;land;true;urban;2
15367;75;157;1;land;true;plains;2
15368;84;102;1;land;false;hills;2
15369;107;107;1;land;false;hills;2
15370;107;132;1;land;false;plains;2
15371;242;190;1;land;false;mountain;2
15372;218;225;1;land;false;hills;2
15373;238;208;1;land;false;hills;2
15374;191;179;1;land;false;hills;2
15375;254;156;1;land;false;mountain;2
15376;250;181;1;land;false;mountain;2
15377;203;232;1;land;false;mountain;2
15378;202;180;1;land;false;mountain;2
15379;199;183;1;land;false;mountain;2
15380;202;224;1;land;false;plains;2
15381;203;210;1;land;false;mountain;2
15382;216;166;1;land;false;mountain;2
15383;226;221;1;land;false;hills;2
15384;251;170;1;land;false;mountain;2
15385;246;161;1;land;false;mountain;2
15386;229;186;1;land;false;mountain;2
15387;236;192;1;land;false;hills;2
15388;87;59;1;land;true;hills;2
15389;64;99;1;land;false;plains;2
15390;127;33;1;land;false;mountain;2
15391;126;39;1;land;false;hills;2
15392;53;21;1;land;false;hills;2
15393;91;78;1;land;true;hills;2
15394;80;82;1;land;false;hills;2
15395;81;60;1;land;false;mountain;2
15396;58;62;1;land;true;hills;2
15397;57;82;1;land;false;plains;2
15398;96;30;1;land;false;mountain;2
15399;91;22;1;land;false;plains;2
15400;73;85;1;land;false;hills;2
15401;58;48;1;land;true;hills;2
15402;127;42;1;land;false;mountain;2
15403;80;52;1;land;false;mountain;2
15404;98;31;1;land;false;plains;2
15405;60;21;1;land;true;mountain;2
15406;107;35;1;land;false;hills;2
15407;92;85;1;land;false;plains;2
15408;78;86;1;land;true;hills;2
15409;63;25;1;land;false;plains;2
15410;92;88;1;land;false;mountain;2
15411;68;24;1;land;true;hills;2
15412;88;69;1;land;false;plains;2
15413;124;59;1;land;true;hills;2
15414;96;36;1;land;false;hills;2
15415;73;97;1;land;false;mountain;2
15416;102;43;1;land;false;plains;2
15417;101;64;1;land;false;plains;2
15418;62;97;1;land;false;plains;2
15419;53;82;1;land;false;plains;2
15420;97;23;1;land;false;hills;2
15421;103;75;1;land;true;plains;2
15422;118;41;1;land;false;plains;2
15423;63;35;1;land;false;plains;2
15424;86;62;1;land;false;hills;2
15425;80;20;1;land;true;mountain;2
15426;87;70;1;land;true;hills;2
15427;95;74;1;land;false;hills;2
15428;92;54;1;land;false;mountain;2
15429;59;67;1;land;false;hills;2
15430;105;73;1;land;false;plains;2
15431;100;62;1;land;false;plains;2
15432;108;99;1;land;false;plains;2
15433;73;80;1;land;false;hills;2
15434;61;69;1;land;false;plains;2
15435;122;98;1;land;true;hills;2
15436;73;21;1;land;false;mountain;2
15437;118;54;1;land;false;mountain;2
15438;122;61;1;land;false;hills;2
15439;87;80;1;land;false;mountain;2
15440;60;94;1;land;false;mountain;2
15441;77;96;1;land;true;mountain;2
15442;127;45;1;land;false;plains;2
15443;71;34;1;land;false;mountain;2
15444;92;69;1;land;true;hills;2
15445;99;50;1;land;true;hills;2
15446;90;50;1;land;false;plains;2
15447;53;47;1;land;false;plains;2
15448;77;82;1;land;true;hills;2
15449;14;78;1;land;true;forest;2
15450;163;219;1;land;false;hills;2
15451;160;245;1;land;false;plains;2
15452;152;225;1;land;false;mountain;2
15453;126;239;1;land;false;mountain;2
15454;104;217;1;land;true;mountain;2
15455;169;229;1;land;true;hills;2
15456;155;240;1;land;false;plains;2
15457;165;211;1;land;true;plains;2
15458;164;226;1;land;false;mountain;2
15459;113;227;1;land;false;plains;2
15460;135;248;1;land;false;plains;2
15461;149;235;1;land;false;plains;2
15462;173;247;1;land;false;hills;2
15463;115;223;1;land;false;plains;2
15464;170;226;1;land;true;plains;2
15465;166;237;1;land;false;hills;2
15466;135;233;1;land;true;plains;2
15467;147;227;1;land;true;mountain;2
15468;122;208;1;land;false;plains;2
15469;172;225;1;land;false;hills;2
15470;107;214;1;land;true;plains;2
15471;162;220;1;land;false;mountain;2
15472;159;235;1;land;false;hills;2
15473;138;250;1;land;false;hills;2
15474;131;241;1;land;false;plains;2
15475;114;240;1;land;false;plains;2
15476;150;213;1;land;false;plains;2
15477;104;242;1;land;false;hills;2
15478;165;247;1;land;false;mountain;2
15479;130;226;1;land;false;mountain;2
15480;106;232;1;land;true;hills;2
15481;151;238;1;land;false;plains;2
15482;128;245;1;land;true;hills;2
15483;135;228;1;land;true;mountain;2
15484;149;254;1;land;false;plains;2
15485;151;251;1;land;false;plains;2
15486;169;226;1;land;true;hills;2
15487;166;245;1;land;false;hills;2
15488;173;225;1;land;false;plains;2
15489;112;250;1;land;false;hills;2
15490;146;223;1;land;false;hills;2
15491;133;219;1;land;true;mountain;2
15492;165;249;1;land;false;plains;2
15493;161;252;1;land;false;hills;2
15494;103;234;1;land;false;mountain;2
15495;157;241;1;land;true;plains;2
15496;107;231;1;land;false;plains;2
15497;140;221;1;land;false;mountain;2
15498;176;208;1;land;false;plains;2
15499;168;211;1;land;false;plains;2
15500;140;211;1;land;true;plains;2
15501;164;239;1;land;false;plains;2
15502;126;247;1;land;false;hills;2
15503;177;251;1;land;false;plains;2
15504;171;208;1;land;false;mountain;2
15505;149;211;1;land;false;hills;2
15506;106;228;1;land;false;plains;2
15507;173;219;1;land;false;hills;2
15508;112;221;1;land;false;mountain;2
15509;173;226;1;land;false;hills;2
15510;159;226;1;land;false;hills;2
15511;175;240;1;land;false;hills;2
15512;103;230;1;land;true;hills;2
15513;168;228;1;land;true;hills;2
15514;138;244;1;land;false;hills;2
15515;144;223;1;land;false;urban;2
15516;174;208;1;land;false;mountain;2
15517;144;217;1;land;false;mountain;2
15518;127;231;1;land;false;plains;2
15519;121;223;1;land;false;mountain;2
15520;175;225;1;land;false;plains;2
15521;20;43;1;land;false;plains;2
15522;71;32;1;land;false;plains;2
15523;29;23;1;land;false;plains;2
15524;74;9;1;land;false;plains;2
15525;37;44;1;land;false;plains;2
15526;46;0;1;land;false;urban;2
15527;22;44;1;land;false;plains;2
15528;64;66;1;land;false;urban;2
15529;0;21;1;land;false;plains;2
15530;10;33;1;land;false;plains;2
15531;55;25;1;land;false;plains;2
15532;32;28;1;land;false;hills;2
15533;13;44;1;land;false;hills;2
15534;61;63;1;land;false;plains;2
15535;68;68;1;land;false;plains;2
15536;30;1;1;land;false;plains;2
15537;54;77;1;land;false;plains;2
15538;53;1;1;land;false;plains;2
15539;220;39;1;land;false;hills;2
15540;213;45;1;land;false;plains;2
15541;223;66;1;land;false;plains;2
15542;230;63;1;land;false;plains;2
15543;218;52;1;land;false;plains;2
15544;213;57;1;land;false;plains;2
15545;253;31;1;land;false;hills;2
15546;216;31;1;land;false;plains;2
15547;226;6;1;land;false;plains;2
15548;215;22;1;land;false;hills;2
15549;215;18;1;land;false;urban;2
15550;250;29;1;land;false;plains;2
15551;214;45;1;land;false;hills;2
15552;227;38;1;land;false;plains;2
15553;229;10;1;land;false;plains;2
15554;250;31;1;land;false;hills;2
15555;243;23;1;land;false;mountain;2
15556;225;19;1;land;false;hills;2
15557;220;34;1;land;false;plains;2
15558;226;53;1;land;false;urban;2
15559;213;56;1;land;false;mountain;2
15560;234;2;1;land;false;plains;2
15561;251;19;1;land;false;hills;2
15562;231;48;1;land;false;plains;2
15563;222;59;1;land;false;plains;2
15564;231;36;1;land;false;hills;2
15565;229;6;1;land;false;plains;2
15566;254;35;1;land;false;plains;2
15567;237;12;1;land;false;hills;2
15568;230;15;1;land;false;hills;2
15569;247;30;1;land;false;plains;2
15570;238;51;1;land;false;plains;2
15571;249;34;1;land;false;plains;2
15572;246;42;1;land;false;plains;2
15573;221;112;1;land;false;hills;2
15574;155;111;1;land;false;plains;2
15575;160;89;1;land;false;plains;2
15576;189;58;1;land;false;hills;2
15577;188;63;1;land;false;mountain;2
15578;184;55;1;land;false;mountain;2
15579;227;61;1;land;false;mountain;2
15580;226;57;1;land;false;hills;2
15581;221;61;1;land;false;hills;2
15582;161;64;1;land;false;hills;2
15583;220;115;1;land;false;mountain;2
15584;154;55;1;land;false;hills;2
15585;198;86;1;land;false;mountain;2
15586;215;72;1;land;false;plains;2
15587;153;70;1;land;false;plains;2
15588;216;83;1;land;false;hills;2
15589;221;106;1;land;false;hills;2
15590;219;92;1;land;false;hills;2
15591;105;142;1;land;false;plains;2
15592;145;156;1;land;false;hills;2
15593;101;137;1;land;true;plains;2
15594;89;146;1;land;false;hills;2
15595;82;162;1;land;false;hills;2
15596;113;186;1;land;false;plains;2
15597;143;154;1;land;true;hills;2
15598;111;174;1;land;true;plains;2
15599;96;184;1;land;false;hills;2
15600;90;193;1;land;false;mountain;2
15601;164;106;1;land;true;plains;2
15602;221;134;1;land;false;hills;2
15603;172;80;1;land;false;urban;2
15604;171;125;1;land;false;plains;2
15605;211;139;1;land;false;hills;2
15606;220;143;1;land;true;hills;2
15607;201;124;1;land;true;hills;2
15608;191;87;1;land;false;hills;2
15609;182;84;1;land;false;plains;2
15610;221;121;1;land;true;hills;2
15611;215;84;1;land;false;hills;2
15612;238;114;1;land;true;plains;2
15613;214;152;1;land;true;plains;2
15614;239;109;1;land;false;hills;2
15615;230;145;1;land;false;plains;2
15616;94;245;1;land;false;plains;2
15617;85;234;1;land;false;urban;2
15618;66;249;1;land;false;plains;2
15619;99;211;1;land;false;plains;2
15620;77;235;1;land;false;plains;2
15621;134;252;1;land;false;plains;2
15622;94;237;1;land;false;plains;2
15623;108;214;1;land;false;plains;2
15624;110;225;1;land;false;plains;2
15625;124;214;1;land;false;plains;2
15626;93;229;1;land;false;plains;2
15627;102;230;1;land;false;plains;2
15628;94;222;1;land;false;plains;2
15629;98;250;1;land;false;plains;2
15630;123;254;1;land;false;urban;2
15631;91;225;1;land;false;plains;2
15632;70;245;1;land;false;plains;2
15633;68;222;1;land;false;plains;2
15634;78;249;1;land;false;plains;2
15635;135;211;1;land;false;plains;2
15636;86;246;1;land;false;urban;2
15637;94;252;1;land;false;plains;2
15638;71;252;1;land;false;plains;2
15639;115;233;1;land;false;plains;2
15640;100;212;1;land;false;plains;2
15641;70;231;1;land;false;plains;2
15642;131;220;1;land;false;plains;2
15643;144;251;1;land;false;plains;2
15644;71;225;1;land;false;plains;2
15645;87;235;1;land;false;plains;2
15646;107;243;1;land;false;plains;2
15647;122;216;1;land;false;plains;2
15648;123;228;1;land;false;plains;2
15649;95;236;1;land;false;plains;2
15650;79;210;1;land;false;plains;2
15651;141;219;1;land;false;plains;2
15652;92;227;1;land;false;plains;2
15653;132;250;1;land;false;plains;2
15654;84;235;1;land;false;plains;2
15655;64;229;1;land;false;plains;2
15656;66;209;1;land;false;plains;2
15657;143;29;1;land;false;hills;2
15658;178;3;1;land;false;hills;2
15659;107;0;1;land;false;hills;2
15660;183;6;1;land;false;mountain;2
15661;119;29;1;land;true;hills;2
15662;166;1;1;land;false;mountain;2
15663;130;2;1;land;false;hills;2
15664;145;31;1;land;false;hills;2
15665;148;23;1;land;false;hills;2
15666;163;39;1;land;true;mountain;2
15667;144;15;1;land;false;hills;2
15668;136;39;1;land;false;plains;2
15669;182;19;1;land;false;mountain;2
15670;137;33;1;land;false;mountain;2
15671;142;19;1;land;true;hills;2
15672;182;24;1;land;false;mountain;2
15673;124;11;1;land;false;hills;2
15674;158;35;1;land;false;mountain;2
15675;159;6;1;land;false;mountain;2
15676;134;15;1;land;true;hills;2
15677;130;6;1;land;false;mountain;2
15678;166;45;1;land;false;plains;2
15679;143;25;1;land;false;hills;2
15680;164;7;1;land;false;mountain;2
15681;111;9;1;land;false;mountain;2
15682;210;17;1;land;false;plains;2
15683;201;22;1;land;false;plains;2
15684;201;34;1;land;false;plains;2
15685;242;35;1;land;false;plains;2
15686;228;32;1;land;false;plains;2
15687;239;42;1;land;false;hills;2
15688;185;14;1;land;false;mountain;2
15689;206;52;1;land;false;mountain;2
15690;216;17;1;land;false;plains;2
15691;242;27;1;land;false;plains;2
15692;188;21;1;land;false;plains;2
15693;249;53;1;land;false;hills;2
15694;231;63;1;land;false;plains;2
15695;234;52;1;land;false;plains;2
15696;243;41;1;land;false;plains;2
15697;218;3;1;land;false;plains;2
15698;235;12;1;land;false;mountain;2
15699;220;14;1;land;false;plains;2
15700;239;24;1;land;false;plains;2
15701;185;67;1;land;false;plains;2
15702;248;46;1;land;false;plains;2
15703;254;0;1;land;false;plains;2
15704;233;48;1;land;false;mountain;2
15705;202;53;1;land;false;plains;2
15706;202;49;1;land;false;mountain;2
15707;228;46;1;land;false;plains;2
15708;236;10;1;land;false;plains;2
15709;58;137;1;land;false;hills;2
15710;105;92;1;land;false;hills;2
15711;51;116;1;land;false;hills;2
15712;64;114;1;land;false;hills;2
15713;111;92;1;land;false;hills;2
15714;96;154;1;land;false;hills;2
15715;114;167;1;land;false;hills;2
15716;103;96;1;land;false;mountain;2
15717;51;155;1;land;false;plains;2
15718;153;189;1;land;false;mountain;2
15719;159;203;1;land;false;mountain;2
15720;166;184;1;land;false;hills;2
15721;143;178;1;land;false;mountain;2
15722;180;217;1;land;false;mountain;2
15723;192;209;1;land;false;hills;2
15724;136;216;1;land;false;mountain;2
15725;149;150;1;land;false;mountain;2
15726;209;168;1;land;false;hills;2
15727;159;219;1;land;false;mountain;2
15728;186;161;1;land;false;hills;2
15729;146;204;1;land;false;hills;2
15730;135;182;1;land;false;hills;2
15731;151;205;1;land;false;hills;2
15732;174;180;1;land;false;mountain;2
15733;136;183;1;land;false;mountain;2
15734;173;218;1;land;false;plains;2
15735;137;151;1;land;false;mountain;2
15736;145;222;1;land;false;mountain;2
15737;211;211;1;land;false;mountain;2
15738;196;222;1;land;false;mountain;2
15739;173;150;1;land;false;mountain;2
15740;197;218;1;land;false;mountain;2
15741;152;159;1;land;false;plains;2
15742;196;223;1;land;false;hills;2
15743;156;184;1;land;false;mountain;2
15744;182;150;1;land;false;mountain;2
15745;206;209;1;land;false;mountain;2
15746;201;166;1;land;false;mountain;2
15747;200;220;1;land;false;mountain;2
15748;169;207;1;land;false;plains;2
15749;163;201;1;land;false;mountain;2
15750;140;165;1;land;false;mountain;2
15751;154;201;1;land;false;mountain;2
15752;183;218;1;land;false;mountain;2
15753;69;63;1;land;false;mountain;2
15754;6;16;1;land;true;plains;2
15755;16;40;1;land;false;hills;2
15756;26;10;1;land;false;hills;2
15757;78;13;1;land;true;plains;2
15758;63;9;1;land;false;mountain;2
15759;72;16;1;land;false;hills;2
15760;48;8;1;land;true;plains;2
15761;78;11;1;land;true;hills;2
15762;136;113;1;land;false;hills;2
15763;165;144;1;land;false;hills;2
15764;121;119;1;land;false;hills;2
15765;182;176;1;land;false;hills;2
15766;186;142;1;land;false;hills;2
15767;118;155;1;land;false;plains;2
15768;115;144;1;land;false;mountain;2
15769;169;139;1;land;false;hills;2
15770;134;184;1;land;false;mountain;2
15771;161;121;1;land;false;hills;2
15772;188;172;1;land;false;plains;2
15773;139;129;1;land;false;mountain;2
15774;134;142;1;land;false;hills;2
15775;126;172;1;land;false;hills;2
15776;173;175;1;land;false;hills;2
15777;121;141;1;land;false;plains;2
15778;127;136;1;land;false;hills;2
15779;122;86;1;land;false;mountain;2
15780;34;91;1;land;false;plains;2
15781;29;106;1;land;false;hills;2
15782;47;36;1;land;false;hills;2
15783;40;53;1;land;false;plains;2
15784;29;47;1;land;false;plains;2
15785;5;36;1;land;false;mountain;2
15786;43;76;1;land;false;plains;2
15787;4;49;1;land;false;hills;2
15788;9;78;1;land;false;hills;2
15789;27;107;1;land;false;hills;2
15790;26;96;1;land;false;hills;2
15791;9;63;1;land;false;plains;2
15792;19;93;1;land;false;plains;2
15793;37;31;1;land;false;hills;2
15794;182;37;1;land;false;plains;2
15795;192;68;1;land;false;hills;2
15796;183;81;1;land;false;hills;2
15797;118;82;1;land;false;hills;2
15798;121;94;1;land;false;plains;2
15799;138;23;1;land;false;mountain;2
15800;170;30;1;land;false;hills;2
15801;179;40;1;land;false;hills;2
15802;172;75;1;land;false;mountain;2
15803;167;72;1;land;false;mountain;2
15804;194;77;1;land;false;hills;2
15805;118;43;1;land;false;hills;2
15806;119;98;1;land;false;hills;2
15807;166;68;1;land;false;plains;2
15808;129;37;1;land;false;hills;2
15809;119;22;1;land;false;hills;2
15810;140;29;1;land;false;plains;2
15811;192;26;1;land;false;hills;2
15812;133;74;1;land;false;mountain;2
15813;131;40;1;land;false;plains;2
15814;191;68;1;land;false;hills;2
15815;167;76;1;land;false;plains;2
15816;117;81;1;land;false;hills;2
15817;189;34;1;land;false;mountain;2
15818;164;98;1;land;false;hills;2
15819;117;82;1;land;false;hills;2
15820;192;63;1;land;false;mountain;2
15821;164;77;1;land;false;hills;2
15822;185;88;1;land;false;plains;2
15823;193;36;1;land;false;plains;2
15824;185;241;1;land;true;forest;2
15825;153;231;1;land;false;urban;2
15826;197;204;1;land;true;forest;2
15827;148;221;1;land;true;hills;2
15828;162;223;1;land;true;forest;2
15829;189;223;1;land;true;urban;2
15830;188;206;1;land;false;plains;2
15831;204;236;1;land;false;hills;2
15832;238;254;1;land;false;plains;2
15833;209;231;1;land;false;hills;2
15834;191;221;1;land;false;hills;2
15835;194;219;1;land;false;plains;2
15836;201;206;1;land;false;hills;2
15837;228;254;1;land;false;hills;2
15838;167;230;1;land;false;plains;2
15839;170;245;1;land;false;plains;2
15840;218;219;1;land;false;hills;2
15841;223;232;1;land;false;plains;2
15842;227;230;1;land;false;plains;2
15843;239;225;1;land;false;plains;2
15844;198;213;1;land;false;hills;2
15845;205;226;1;land;false;plains;2
15846;230;236;1;land;false;plains;2
15847;122;166;1;land;false;hills;2
15848;95;152;1;land;false;plains;2
15849;99;98;1;land;false;plains;2
15850;94;105;1;land;false;plains;2
15851;91;138;1;land;false;hills;2
15852;114;151;1;land;false;hills;2
15853;99;113;1;land;false;hills;2
15854;93;102;1;land;false;plains;2
15855;152;110;1;land;false;urban;2
15856;91;115;1;land;false;plains;2
15857;158;123;1;land;false;hills;2
15858;152;164;1;land;false;plains;2
15859;160;102;1;land;false;mountain;2
15860;98;127;1;land;false;hills;2
15861;92;101;1;land;false;plains;2
15862;150;110;1;land;false;plains;2
15863;103;105;1;land;false;hills;2
15864;98;139;1;land;false;plains;2
15865;217;230;1;land;true;hills;2
15866;240;206;1;land;false;hills;2
15867;215;249;1;land;true;plains;2
15868;252;192;1;land;true;hills;2
15869;244;237;1;land;false;plains;2
15870;232;227;1;land;false;hills;2
15871;169;178;1;land;false;hills;2
15872;182;242;1;land;false;plains;2
15873;180;214;1;land;false;hills;2
15874;192;204;1;land;false;plains;2
15875;146;218;1;land;false;hills;2
15876;154;181;1;land;false;hills;2
15877;149;210;1;land;false;hills;2
15878;198;231;1;land;false;hills;2
15879;175;164;1;land;false;plains;2
15880;160;239;1;land;false;mountain;2
15881;168;193;1;land;false;hills;2
15882;148;203;1;land;false;plains;2
15883;176;184;1;land;false;plains;2
15884;204;192;1;land;false;plains;2
15885;174;174;1;land;false;hills;2
15886;147;223;1;land;false;plains;2
15887;209;201;1;land;false;hills;2
15888;141;202;1;land;false;mountain;2
15889;116;53;1;land;false;mountain;2
15890;162;48;1;land;false;hills;2
15891;89;81;1;land;false;mountain;2
15892;140;69;1;land;false;mountain;2
15893;205;165;1;land;false;plains;2
15894;170;168;1;land;false;hills;2
15895;198;195;1;land;false;mountain;2
15896;234;177;1;land;false;plains;2
15897;162;180;1;land;false;plains;2
15898;204;226;1;land;false;hills;2
15899;180;226;1;land;false;plains;2
15900;178;175;1;land;false;plains;2
15901;166;210;1;land;false;hills;2
15902;198;180;1;land;false;hills;2
15903;234;176;1;land;false;plains;2
15904;190;168;1;land;false;plains;2
15905;215;214;1;land;false;plains;2
15906;214;225;1;land;false;plains;2
15907;158;226;1;land;false;plains;2
15908;169;234;1;land;false;hills;2
15909;181;193;1;land;false;hills;2
15910;222;206;1;land;false;hills;2
15911;213;220;1;land;false;hills;2
15912;190;219;1;land;false;plains;2
15913;179;188;1;land;false;hills;2
15914;217;172;1;land;false;hills;2
15915;165;240;1;land;false;mountain;2
15916;161;238;1;land;false;plains;2
15917;222;176;1;land;false;plains;2
15918;175;185;1;land;false;plains;2
15919;168;233;1;land;false;hills;2
15920;195;241;1;land;false;plains;2
15921;231;197;1;land;false;plains;2
15922;190;243;1;land;false;hills;2
15923;178;191;1;land;false;plains;2
15924;215;205;1;land;false;plains;2
15925;207;190;1;land;false;plains;2
15926;161;196;1;land;false;urban;2
15927;203;180;1;land;false;hills;2
15928;220;193;1;land;false;mountain;2
15929;204;214;1;land;false;plains;2
15930;225;173;1;land;false;hills;2
15931;213;214;1;land;false;plains;2
15932;221;165;1;land;false;plains;2
15933;190;188;1;land;false;hills;2
15934;172;208;1;land;false;hills;2
15935;199;205;1;land;false;hills;2
15936;220;200;1;land;false;mountain;2
15937;220;171;1;land;false;plains;2
15938;179;233;1;land;false;mountain;2
15939;194;197;1;land;false;hills;2
15940;176;240;1;land;false;plains;2
15941;212;195;1;land;false;hills;2
15942;216;214;1;land;false;plains;2
15943;232;208;1;land;false;hills;2
15944;232;228;1;land;false;plains;2
15945;195;193;1;land;false;hills;2
15946;176;238;1;land;false;plains;2
15947;202;237;1;land;false;plains;2
15948;197;242;1;land;false;hills;2
15949;188;192;1;land;false;plains;2
15950;166;202;1;land;false;hills;2
15951;183;188;1;land;false;plains;2
15952;197;209;1;land;false;hills;2
15953;197;3;1;land;false;plains;2
15954;146;39;1;land;false;plains;2
15955;173;62;1;land;false;plains;2
15956;207;60;1;land;true;plains;2
15957;155;9;1;land;true;plains;2
15958;165;32;1;land;false;plains;2
15959;175;57;1;land;false;plains;2
15960;196;6;1;land;false;plains;2
15961;196;67;1;land;true;plains;2
15962;202;8;1;land;false;plains;2
15963;185;2;1;land;false;plains;2
15964;162;67;1;land;false;plains;2
15965;198;62;1;land;true;plains;2
15966;201;5;1;land;false;plains;2
15967;223;70;1;land;false;plains;2
15968;175;1;1;land;true;plains;2
15969;201;0;1;land;false;plains;2
15970;186;45;1;land;false;hills;2
15971;211;13;1;land;false;plains;2
15972;152;16;1;land;false;plains;2
15973;196;20;1;land;false;hills;2
15974;202;62;1;land;true;plains;2
15975;207;69;1;land;true;plains;2
15976;210;29;1;land;true;plains;2
15977;225;67;1;land;false;plains;2
15978;199;57;1;land;true;plains;2
15979;150;58;1;land;false;plains;2
15980;41;44;1;land;false;plains;2
15981;33;94;1;land;false;plains;2
15982;24;101;1;land;false;urban;2
15983;33;74;1;land;false;urban;2
15984;3;86;1;land;false;plains;2
15985;40;59;1;land;false;plains;2
15986;41;88;1;land;false;plains;2
15987;40;76;1;land;false;plains;2
15988;35;89;1;land;false;plains;2
15989;37;116;1;land;false;plains;2
15990;7;106;1;land;false;plains;2
15991;22;51;1;land;false;plains;2
15992;24;87;1;land;false;plains;2
15993;13;69;1;land;false;plains;2
15994;35;53;1;land;false;plains;2
15995;37;59;1;land;false;plains;2
15996;16;51;1;land;false;plains;2
15997;26;75;1;land;false;plains;2
15998;16;86;1;land;false;plains;2
15999;20;110;1;land;false;plains;2
16000;17;46;1;land;false;plains;2
16001;21;105;1;land;false;plains;2
16002;27;119;1;land;false;plains;2
16003;28;109;1;land;false;plains;2
16004;6;110;1;land;false;plains;2
16005;30;104;1;land;false;plains;2
16006;15;115;1;land;false;plains;2
16007;30;73;1;land;false;plains;2
16008;32;121;1;land;false;plains;2
16009;40;42;1;land;false;plains;2
16010;0;58;1;land;false;plains;2
16011;34;57;1;land;false;plains;2
16012;13;73;1;land;false;plains;2
16013;32;67;1;land;false;plains;2
16014;5;48;1;land;false;plains;2
16015;35;109;1;land;false;hills;2
16016;38;119;1;land;false;plains;2
16017;41;45;1;land;false;plains;2
16018;19;80;1;land;false;plains;2
16019;242;133;1;land;false;plains;2
16020;200;131;1;land;false;plains;2
16021;213;119;1;land;false;hills;2
16022;220;112;1;land;false;hills;2
16023;218;72;1;land;false;plains;2
16024;203;82;1;land;false;plains;2
16025;253;116;1;land;true;hills;2
16026;192;135;1;land;false;plains;2
16027;234;81;1;land;false;plains;2
16028;229;101;1;land;true;plains;2
16029;237;119;1;land;true;plains;2
16030;199;113;1;land;true;plains;2
16031;198;89;1;land;true;plains;2
16032;253;104;1;land;false;plains;2
16033;203;95;1;land;false;hills;2
16034;191;85;1;land;false;plains;2
16035;253;119;1;land;true;plains;2
16036;248;70;1;land;false;hills;2
16037;244;61;1;land;true;plains;2
16038;206;119;1;land;true;plains;2
16039;202;122;1;land;false;hills;2
16040;246;92;1;land;true;mountain;2
16041;199;135;1;land;true;plains;2
16042;245;130;1;land;false;plains;2
16043;233;95;1;land;false;plains;2
16044;187;105;1;land;false;hills;2
16045;228;79;1;land;true;plains;2
16046;230;123;1;land;false;plains;2
16047;251;74;1;land;false;urban;2
16048;212;88;1;land;true;plains;2
16049;239;89;1;land;true;hills;2
16050;242;98;1;land;false;plains;2
16051;199;83;1;land;true;plains;2
16052;186;117;1;land;true;desert;2
16053;200;65;1;land;false;plains;2
16054;220;114;1;land;true;plains;2
16055;232;84;1;land;false;plains;2
16056;213;91;1;land;false;plains;2
16057;228;114;1;land;false;plains;2
16058;252;106;1;land;true;plains;2
16059;238;70;1;land;false;plains;2
16060;208;68;1;land;false;plains;2
16061;236;126;1;land;false;plains;2
16062;170;78;1;land;false;plains;2
16063;136;125;1;land;false;urban;2
16064;123;115;1;land;false;plains;2
16065;137;130;1;land;false;plains;2
16066;117;105;1;land;false;hills;2
16067;126;122;1;land;false;hills;2
16068;172;94;1;land;false;plains;2
16069;122;110;1;land;false;plains;2
16070;102;96;1;land;false;hills;2
16071;148;64;1;land;false;plains;2
16072;151;103;1;land;true;plains;2
16073;171;115;1;land;false;hills;2
16074;108;121;1;land;true;plains;2
16075;141;105;1;land;false;hills;2
16076;110;128;1;land;false;hills;2
16077;98;112;1;land;false;mountain;2
16078;140;100;1;land;false;plains;2
16079;171;121;1;land;false;hills;2
16080;171;60;1;land;false;plains;2
16081;120;112;1;land;true;plains;2
16082;109;73;1;land;false;plains;2
16083;123;117;1;land;true;plains;2
16084;175;77;1;land;false;hills;2
16085;121;120;1;land;false;hills;2
16086;99;78;1;land;false;plains;2
16087;152;88;1;land;false;plains;2
16088;96;70;1;land;false;hills;2
16089;100;132;1;land;true;plains;2
16090;164;69;1;land;false;hills;2
16091;135;125;1;land;false;plains;2
16092;99;120;1;land;true;plains;2
16093;166;109;1;land;false;plains;2
16094;116;74;1;land;false;hills;2
16095;163;98;1;land;false;plains;2
16096;119;96;1;land;false;plains;2
16097;164;75;1;land;false;hills;2
16098;112;114;1;land;false;plains;2
16099;151;114;1;land;false;plains;2
16100;105;88;1;land;false;plains;2
16101;160;112;1;land;false;plains;2
16102;164;89;1;land;false;plains;2
16103;159;66;1;land;false;plains;2
16104;115;98;1;land;true;plains;2
16105;74;193;1;land;false;hills;2
16106;81;205;1;land;false;hills;2
16107;54;248;1;land;false;hills;2
16108;32;182;1;land;false;plains;2
16109;44;233;1;land;false;mountain;2
16110;36;178;1;land;false;mountain;2
16111;81;236;1;land;false;hills;2
16112;105;249;1;land;false;hills;2
16113;80;216;1;land;false;hills;2
16114;110;178;1;land;false;hills;2
16115;57;191;1;land;false;hills;2
16116;47;254;1;land;false;hills;2
16117;62;235;1;land;false;mountain;2
16118;47;189;1;land;false;hills;2
16119;72;250;1;land;false;hills;2
16120;1;80;1;land;false;mountain;2
16121;42;69;1;land;false;mountain;2
16122;27;87;1;land;false;plains;2
16123;2;42;1;land;false;plains;2
16124;16;44;1;land;false;plains;2
16125;22;107;1;land;false;plains;2
16126;43;67;1;land;true;plains;2
16127;11;51;1;land;false;plains;2
16128;41;58;1;land;true;plains;2
16129;38;100;1;land;true;plains;2
16130;26;41;1;land;false;mountain;2
16131;9;101;1;land;true;plains;2
16132;23;118;1;land;false;plains;2
16133;32;108;1;land;false;hills;2
16134;19;112;1;land;true;hills;2
16135;42;99;1;land;false;mountain;2
16136;23;105;1;land;false;hills;2
16137;30;121;1;land;true;plains;2
16138;27;100;1;land;false;mountain;2
16139;43;48;1;land;true;plains;2
16140;27;72;1;land;false;plains;2
16141;16;64;1;land;false;plains;2
16142;37;96;1;land;true;plains;2
16143;1;85;1;land;true;plains;2
16144;40;64;1;land;false;mountain;2
16145;42;70;1;land;false;plains;2
16146;29;49;1;land;true;plains;2
16147;42;94;1;land;false;plains;2
16148;12;58;1;land;false;hills;2
16149;10;86;1;land;false;mountain;2
16150;41;70;1;land;true;plains;2
16151;20;79;1;land;false;mountain;2
16152;0;44;1;land;false;hills;2
16153;2;74;1;land;false;hills;2
16154;45;101;1;land;false;hills;2
16155;177;99;1;land;false;hills;2
16156;167;152;1;land;true;hills;2
16157;158;124;1;land;false;hills;2
16158;234;158;1;land;false;mountain;2
16159;163;156;1;land;false;hills;2
16160;208;160;1;land;true;hills;2
16161;203;151;1;land;false;hills;2
16162;226;171;1;land;true;plains;2
16163;234;114;1;land;true;hills;2
16164;232;147;1;land;false;hills;2
16165;156;169;1;land;false;mountain;2
16166;193;127;1;land;false;mountain;2
16167;182;144;1;land;true;plains;2
16168;201;122;1;land;false;mountain;2
16169;163;155;1;land;false;hills;2
16170;160;169;1;land;true;hills;2
16171;77;148;1;land;true;hills;2
16172;38;169;1;land;false;plains;2
16173;49;146;1;land;true;plains;2
16174;74;165;1;land;false;hills;2
16175;53;139;1;land;true;hills;2
16176;39;202;1;land;false;hills;2
16177;40;183;1;land;true;hills;2
16178;101;175;1;land;true;plains;2
16179;36;165;1;land;false;plains;2
16180;51;147;1;land;false;plains;2
16181;187;66;1;land;false;plains;2
16182;219;63;1;land;false;plains;2
16183;235;48;1;land;true;plains;2
16184;210;78;1;land;false;plains;2
16185;203;98;1;land;false;plains;2
16186;238;78;1;land;false;plains;2
16187;178;52;1;land;false;plains;2
16188;174;96;1;land;false;plains;2
16189;195;61;1;land;true;plains;2
16190;215;103;1;land;false;plains;2
16191;199;67;1;land;false;hills;2
16192;221;84;1;land;true;hills;2
16193;241;63;1;land;true;plains;2
16194;219;42;1;land;false;urban;2
16195;167;88;1;land;true;plains;2
16196;245;101;1;land;true;hills;2
16197;246;35;1;land;false;mountain;2
16198;233;35;1;land;true;plains;2
16199;233;104;1;land;true;plains;2
16200;222;38;1;land;false;plains;2
16201;174;52;1;land;false;plains;2
16202;189;61;1;land;false;plains;2
16203;179;91;1;land;true;plains;2
16204;206;34;1;land;false;plains;2
16205;162;219;1;land;false;plains;2
16206;202;240;1;land;false;plains;2
16207;155;238;1;land;false;mountain;2
16208;158;214;1;land;false;hills;2
16209;215;209;1;land;false;plains;2
16210;207;213;1;land;false;mountain;2
16211;221;241;1;land;false;hills;2
16212;224;249;1;land;false;mountain;2
16213;176;190;1;land;false;hills;2
16214;218;201;1;land;false;mountain;2
16215;147;249;1;land;false;hills;2
16216;181;223;1;land;false;hills;2
16217;181;196;1;land;false;hills;2
16218;158;249;1;land;false;mountain;2
16219;162;239;1;land;false;mountain;2
16220;214;197;1;land;false;mountain;2
16221;182;198;1;land;false;hills;2
16222;150;233;1;land;false;hills;2
16223;225;212;1;land;false;plains;2
16224;193;230;1;land;false;hills;2
16225;199;238;1;land;false;mountain;2
16226;131;194;1;land;true;forest;2
16227;171;17;1;land;true;hills;2
16228;177;35;1;land;false;plains;2
16229;171;43;1;land;false;mountain;2
16230;210;49;1;land;false;plains;2
16231;188;73;1;land;false;hills;2
16232;199;85;1;land;false;hills;2
16233;227;89;1;land;false;hills;2
16234;166;12;1;land;false;mountain;2
16235;186;54;1;land;true;mountain;2
16236;224;79;1;land;false;hills;2
16237;208;32;1;land;false;mountain;2
16238;239;27;1;land;false;mountain;2
16239;230;81;1;land;false;hills;2
16240;208;73;1;land;false;plains;2
16241;170;50;1;land;false;mountain;2
16242;175;14;1;land;false;hills;2
16243;235;83;1;land;true;mountain;2
16244;234;54;1;land;true;hills;2
16245;210;32;1;land;true;plains;2
16246;243;12;1;land;false;mountain;2
16247;177;46;1;land;false;hills;2
16248;227;139;1;land;false;hills;2
16249;236;121;1;land;false;mountain;2
16250;245;113;1;land;false;mountain;2
16251;213;131;1;land;false;hills;2
16252;213;145;1;land;false;hills;2
16253;249;135;1;land;false;hills;2
16254;51;95;1;land;false;plains;2
16255;123;59;1;land;false;hills;2
16256;92;99;1;land;false;hills;2
16257;56;58;1;land;false;plains;2
16258;103;107;1;land;false;plains;2
16259;57;124;1;land;false;hills;2
16260;121;117;1;land;false;plains;2
16261;109;117;1;land;false;mountain;2
16262;91;129;1;land;false;plains;2
16263;94;108;1;land;false;plains;2
16264;113;83;1;land;false;plains;2
16265;125;89;1;land;false;plains;2
16266;86;107;1;land;false;plains;2
16267;80;50;1;land;false;plains;2
16268;63;104;1;land;false;hills;2
16269;105;54;1;land;false;plains;2
16270;67;84;1;land;false;hills;2
16271;71;83;1;land;false;hills;2
16272;122;127;1;land;false;plains;2
16273;77;89;1;land;false;plains;2
16274;63;59;1;land;false;hills;2
16275;93;108;1;land;false;plains;2
16276;124;104;1;land;false;plains;2
16277;100;89;1;land;false;hills;2
16278;95;71;1;land;false;plains;2
16279;99;71;1;land;false;plains;2
16280;62;79;1;land;false;plains;2
16281;74;125;1;land;false;hills;2
16282;69;102;1;land;false;plains;2
16283;130;65;1;land;false;plains;2
16284;87;88;1;land;false;mountain;2
16285;54;109;1;land;false;hills;2
16286;68;52;1;land;false;plains;2
16287;56;55;1;land;false;plains;2
16288;106;111;1;land;false;plains;2
16289;91;84;1;land;false;plains;2
16290;85;78;1;land;false;hills;2
16291;112;91;1;land;false;plains;2
16292;85;68;1;land;false;hills;2
16293;211;29;1;land;false;plains;2
16294;241;13;1;land;false;mountain;2
16295;209;83;1;land;false;hills;2
16296;252;53;1;land;false;mountain;2
16297;254;37;1;land;false;plains;2
16298;212;54;1;land;false;hills;2
16299;232;43;1;land;false;hills;2
16300;195;34;1;land;false;plains;2
16301;232;49;1;land;false;mountain;2
16302;254;61;1;land;false;hills;2
16303;192;28;1;land;false;hills;2
16304;206;53;1;land;false;hills;2
16305;232;30;1;land;false;plains;2
16306;214;42;1;land;false;hills;2
16307;232;34;1;land;false;hills;2
16308;213;19;1;land;false;hills;2
16309;192;41;1;land;false;plains;2
16310;211;59;1;land;false;hills;2
16311;244;69;1;land;false;hills;2
16312;234;45;1;land;false;mountain;2
16313;250;116;1;land;false;plains;2
16314;236;156;1;land;true;hills;2
16315;245;176;1;land;false;plains;2
16316;219;156;1;land;false;hills;2
16317;230;136;1;land;true;hills;2
16318;218;124;1;land;false;plains;2
16319;248;135;1;land;false;hills;2
16320;239;145;1;land;false;plains;2
16321;231;159;1;land;false;plains;2
16322;251;146;1;land;true;mountain;2
16323;224;143;1;land;false;mountain;2
16324;215;119;1;land;false;plains;2
16325;253;143;1;land;true;hills;2
16326;239;151;1;land;false;hills;2
16327;232;123;1;land;false;plains;2
16328;224;165;1;land;false;hills;2
16329;253;146;1;land;true;plains;2
16330;228;113;1;land;false;hills;2
16331;221;124;1;land;true;hills;2
16332;246;139;1;land;false;plains;2
16333;248;115;1;land;false;plains;2
16334;238;110;1;land;false;plains;2
16335;222;164;1;land;false;hills;2
16336;242;183;1;land;false;hills;2
16337;234;124;1;land;false;plains;2
16338;219;109;1;land;false;hills;2
16339;219;124;1;land;true;hills;2
16340;90;145;1;land;false;plains;2
16341;63;216;1;land;false;hills;2
16342;47;183;1;land;false;plains;2
16343;64;184;1;land;false;hills;2
16344;75;167;1;land;true;urban;2
16345;97;178;1;land;false;plains;2
16346;75;147;1;land;false;hills;2
16347;153;54;1;land;false;plains;2
16348;204;68;1;land;false;plains;2
16349;172;8;1;land;false;plains;2
16350;140;18;1;land;false;plains;2
16351;203;45;1;land;false;plains;2
16352;208;7;1;land;false;plains;2
16353;189;23;1;land;true;plains;2
16354;211;66;1;land;true;plains;2
16355;140;71;1;land;false;hills;2
16356;183;7;1;land;false;plains;2
16357;137;1;1;land;true;plains;2
16358;216;67;1;land;false;plains;2
16359;204;58;1;land;false;plains;2
16360;201;14;1;land;false;plains;2
16361;179;30;1;land;false;plains;2
16362;170;16;1;land;false;plains;2
16363;151;37;1;land;true;plains;1
16364;196;43;1;land;true;plains;1
16365;177;20;1;land;false;plains;1
16366;128;24;1;land;false;plains;1
16367;147;25;1;land;true;plains;1
16368;172;18;1;land;true;hills;1
16369;188;14;1;land;false;hills;1
16370;142;42;1;land;false;plains;1
16371;130;29;1;land;false;plains;1
16372;176;5;1;land;false;plains;1
16373;177;19;1;land;false;plains;1
16374;133;174;1;land;true;hills;1
16375;115;134;1;land;false;mountain;1
16376;108;176;1;land;true;hills;1
16377;143;170;1;land;false;hills;1
16378;159;166;1;land;true;mountain;1
16379;106;154;1;land;true;hills;1
16380;116;196;1;land;false;hills;1
16381;118;174;1;land;false;hills;1
16382;82;167;1;land;false;plains;1
16383;125;125;1;land;false;hills;1
16384;159;192;1;land;false;mountain;1
16385;92;128;1;land;true;hills;1
16386;146;152;1;land;true;mountain;1
16387;87;191;1;land;false;hills;1
16388;95;137;1;land;true;mountain;1
16389;142;184;1;land;true;mountain;1
16390;102;192;1;land;true;hills;1
16391;125;178;1;land;false;plains;1
16392;129;154;1;land;true;plains;1
16393;135;159;1;land;false;mountain;1
16394;154;169;1;land;false;hills;1
16395;120;134;1;land;false;mountain;1
16396;121;161;1;land;true;hills;1
16397;105;241;1;land;false;plains;1
16398;97;230;1;land;false;plains;1
16399;99;247;1;land;true;plains;1
16400;102;242;1;land;false;plains;1
16401;142;248;1;land;false;plains;1
16402;122;223;1;land;false;plains;1
16403;169;221;1;land;false;plains;1
16404;132;207;1;land;true;plains;1
16405;164;250;1;land;false;plains;1
16406;142;195;1;land;false;plains;1
16407;119;238;1;land;true;plains;1
16408;105;186;1;land;true;plains;1
16409;114;204;1;land;false;plains;1
16410;160;224;1;land;false;plains;1
16411;169;243;1;land;false;plains;1
16412;104;224;1;land;false;plains;1
16413;139;251;1;land;false;plains;1
16414;121;245;1;land;true;plains;1
16415;102;203;1;land;true;plains;1
16416;176;205;1;land;false;plains;1
16417;137;230;1;land;false;plains;1
16418;142;213;1;land;false;plains;1
16419;208;237;1;land;false;plains;1
16420;164;223;1;land;true;plains;1
16421;154;244;1;land;true;plains;1
16422;167;223;1;land;true;plains;1
16423;137;221;1;land;true;plains;1
16424;221;160;1;land;false;plains;1
16425;213;128;1;land;false;plains;1
16426;202;145;1;land;false;plains;1
16427;195;110;1;land;true;hills;1
16428;213;170;1;land;false;plains;1
16429;244;109;1;land;false;hills;1
16430;252;155;1;land;false;hills;1
16431;207;155;1;land;false;plains;1
16432;234;103;1;land;false;plains;1
16433;224;158;1;land;true;plains;1
16434;238;178;1;land;true;hills;1
16435;246;176;1;land;false;plains;1
16436;213;134;1;land;false;plains;1
16437;235;121;1;land;true;plains;1
16438;211;131;1;land;false;plains;1
16439;216;103;1;land;false;mountain;1
16440;190;173;1;land;true;hills;1
16441;199;151;1;land;true;plains;1
16442;251;143;1;land;true;hills;1
16443;198;159;1;land;true;hills;1
16444;225;106;1;land;false;plains;1
16445;209;140;1;land;true;plains;1
16446;233;159;1;land;true;mountain;1
16447;189;149;1;land;false;plains;1
16448;247;163;1;land;true;plains;1
16449;243;132;1;land;false;plains;1
16450;224;125;1;land;false;plains;1
16451;236;159;1;land;false;plains;1
16452;226;170;1;land;true;plains;1
16453;254;133;1;land;false;mountain;1
16454;213;139;1;land;false;plains;1
16455;190;122;1;land;true;plains;1
16456;30;117;1;land;false;plains;4
16457;31;109;1;land;true;plains;4
16458;28;110;1;land;true;plains;4
16459;0;154;1;land;true;plains;4
16460;53;166;1;land;false;plains;4
16461;5;106;1;land;false;hills;4
16462;51;141;1;land;true;hills;4
16463;27;140;1;land;false;hills;4
16464;0;159;1;land;false;hills;4
16465;25;132;1;land;true;plains;4
16466;55;51;1;land;true;plains;4
16467;231;50;1;land;true;plains;4
16468;16;186;1;land;true;plains;7
16469;53;213;1;land;true;plains;7
16470;24;247;1;land;true;plains;7
16471;61;222;1;land;true;plains;7
16472;59;247;1;land;true;plains;7
16473;145;61;1;land;true;plains;2
16474;70;122;1;land;true;plains;2
16475;119;201;1;land;true;mountain;1
16476;176;91;1;land;true;plains;3
16477;240;183;1;land;true;plains;5
16478;26;30;1;land;true;plains;5
16479;52;33;1;land;true;mountain;1
16480;19;195;1;land;true;plains;2
16481;102;103;1;land;true;hills;6
16482;30;127;1;land;true;plains;7
16483;138;220;1;land;false;hills;6
16484;35;152;1;land;true;plains;6
16485;138;6;1;land;true;plains;4
16486;180;90;1;land;true;plains;7
16487;7;183;1;land;true;plains;6
16488;206;96;1;land;true;plains;6
16489;122;206;1;land;true;hills;6
16490;87;102;1;land;true;forest;6
16491;210;180;1;land;true;plains;2
16492;143;81;1;land;true;plains;4
16493;3;191;1;land;true;plains;4
16494;29;15;1;land;true;plains;1
16495;121;197;1;land;true;plains;6
16496;56;54;1;land;true;plains;5
16497;197;200;1;land;true;plains;7
16498;60;83;1;land;true;plains;7
16499;151;180;1;land;true;plains;1
16500;120;63;1;land;true;plains;4
16501;182;165;1;land;false;plains;7
16502;253;11;1;land;true;plains;7
16503;56;141;1;land;true;plains;3
16504;55;42;1;land;true;plains;6
16505;105;127;1;land;true;plains;1
16506;144;25;1;land;true;plains;7
16507;26;136;1;land;true;hills;4
16508;190;34;1;land;false;hills;6
16509;88;59;255;sea;false;ocean;0
16510;61;42;255;sea;true;ocean;0
16511;63;101;255;sea;true;ocean;0
16512;42;79;255;sea;true;ocean;0
16513;94;46;255;sea;false;ocean;0
16514;65;96;255;sea;true;ocean;0
16515;66;79;255;sea;true;ocean;0
16516;85;61;255;sea;false;ocean;0
16517;48;31;255;sea;false;ocean;0
16518;27;37;255;sea;false;ocean;0
16519;41;0;255;sea;true;ocean;0
16520;46;30;255;sea;true;ocean;0
16521;1;29;255;sea;false;ocean;0
16522;17;44;255;sea;false;ocean;0
16523;1;15;255;sea;false;ocean;0
16524;0;30;255;sea;true;ocean;0
16525;24;8;255;sea;true;ocean;0
16526;59;38;255;sea;true;ocean;0
16527;73;20;255;sea;false;ocean;0
16528;10;30;255;sea;true;ocean;0
16529;46;4;255;sea;true;ocean;0
16530;105;142;255;sea;false;ocean;0
16531;85;113;255;sea;false;ocean;0
16532;58;93;255;sea;false;ocean;0
16533;116;92;255;sea;false;ocean;0
16534;62;77;255;sea;false;ocean;0
16535;113;127;255;sea;false;ocean;0
16536;115;104;255;sea;false;ocean;0
16537;75;110;255;sea;false;ocean;0
16538;130;121;255;sea;false;ocean;0
16539;71;87;255;sea;false;ocean;0
16540;90;126;255;sea;false;ocean;0
16541;99;138;255;sea;false;ocean;0
16542;66;98;255;sea;false;ocean;0
16543;78;100;255;sea;false;ocean;0
16544;113;120;255;sea;false;ocean;0
16545;97;141;255;sea;false;ocean;0
16546;109;143;255;sea;false;ocean;0
16547;103;131;255;sea;false;ocean;0
16548;98;103;255;sea;false;ocean;0
16549;90;119;255;sea;false;ocean;0
16550;60;107;255;sea;false;ocean;0
16551;96;68;255;sea;false;ocean;0
16552;118;92;255;sea;false;ocean;0
16553;52;127;255;sea;false;ocean;0
16554;57;104;255;sea;false;ocean;0
16555;59;44;255;sea;true;ocean;0
16556;34;97;255;sea;false;ocean;0
16557;77;28;255;sea;true;ocean;0
16558;38;66;255;sea;false;ocean;0
16559;25;93;255;sea;true;ocean;0
16560;88;54;255;sea;false;ocean;0
16561;84;102;255;sea;false;ocean;0
16562;15;61;255;sea;false;ocean;0
16563;44;97;255;sea;false;ocean;0
16564;66;82;255;sea;false;ocean;0
16565;34;48;255;sea;true;ocean;0
16566;64;81;255;sea;false;ocean;0
16567;113;42;255;sea;false;ocean;0
16568;72;2;255;sea;false;ocean;0
16569;63;24;255;sea;false;ocean;0
16570;129;16;255;sea;false;ocean;0
16571;130;35;255;sea;false;ocean;0
16572;79;17;255;sea;false;ocean;0
16573;64;13;255;sea;false;ocean;0
16574;71;17;255;sea;false;ocean;0
16575;101;20;255;sea;false;ocean;0
16576;107;9;255;sea;false;ocean;0
16577;66;41;255;sea;false;ocean;0
16578;91;1;255;sea;false;ocean;0
16579;99;15;255;sea;false;ocean;0
16580;103;10;255;sea;false;ocean;0
16581;78;42;255;sea;false;ocean;0
16582;15;122;255;sea;false;ocean;0
16583;54;49;255;sea;false;ocean;0
16584;58;55;255;sea;true;ocean;0
16585;6;109;255;sea;false;ocean;0
16586;29;116;255;sea;true;ocean;0
16587;14;64;255;sea;true;ocean;0
16588;6;77;255;sea;false;ocean;0
16589;78;46;255;sea;false;ocean;0
16590;116;40;255;sea;false;ocean;0
16591;80;37;255;sea;false;ocean;0
16592;87;20;255;sea;false;ocean;0
16593;136;12;255;sea;false;ocean;0
16594;124;37;255;sea;false;ocean;0
16595;130;32;255;sea;false;ocean;0
16596;133;11;255;sea;false;ocean;0
16597;74;1;255;sea;false;ocean;0
16598;111;1;255;sea;false;ocean;0
16599;128;13;255;sea;false;ocean;0
16600;143;6;255;sea;false;ocean;0
16601;130;36;255;sea;false;ocean;0
16602;129;24;255;sea;false;ocean;0
16603;78;20;255;sea;false;ocean;0
16604;87;33;255;sea;false;ocean;0
16605;83;40;255;sea;false;ocean;0
16606;94;47;255;sea;false;ocean;0
16607;137;46;255;sea;false;ocean;0
16608;80;18;255;sea;false;ocean;0
16609;105;13;255;sea;false;ocean;0
16610;87;31;255;sea;false;ocean;0
16611;116;33;255;sea;false;ocean;0
16612;86;2;255;sea;false;ocean;0
16613;124;23;255;sea;false;ocean;0
16614;92;22;255;sea;false;ocean;0
16615;111;20;255;sea;false;ocean;0
16616;142;8;255;sea;false;ocean;0
16617;144;2;255;sea;false;ocean;0
16618;91;13;255;sea;false;ocean;0
16619;127;27;255;sea;false;ocean;0
16620;142;36;255;sea;false;ocean;0
16621;147;0;255;sea;false;ocean;0
16622;126;3;255;sea;false;ocean;0
16623;133;40;255;sea;false;ocean;0
16624;132;16;255;sea;false;ocean;0
16625;102;2;255;sea;false;ocean;0
16626;126;12;255;sea;false;ocean;0
16627;112;0;255;sea;false;ocean;0
16628;91;35;255;sea;false;ocean;0
16629;118;24;255;sea;false;ocean;0
16630;136;11;255;sea;false;ocean;0
16631;101;13;255;sea;false;ocean;0
16632;145;37;255;sea;false;ocean;0
16633;152;40;255;sea;false;ocean;0
16634;144;10;255;sea;false;ocean;0
16635;13;79;255;sea;false;ocean;0
16636;16;102;255;sea;false;ocean;0
16637;20;107;255;sea;false;ocean;0
16638;19;119;255;sea;false;ocean;0
16639;27;91;255;sea;false;ocean;0
16640;9;111;255;sea;false;ocean;0
16641;16;110;255;sea;false;ocean;0
16642;26;57;255;sea;false;ocean;0
16643;21;103;255;sea;false;ocean;0
16644;35;65;255;sea;false;ocean;0
16645;37;97;255;sea;false;ocean;0
16646;0;82;255;sea;false;ocean;0
16647;108;66;255;sea;true;ocean;0
16648;121;80;255;sea;true;ocean;0
16649;95;12;255;sea;false;ocean;0
16650;73;37;255;sea;false;ocean;0
16651;115;43;255;sea;true;ocean;0
16652;114;42;255;sea;false;ocean;0
16653;99;57;255;sea;true;ocean;0
16654;101;50;255;sea;false;ocean;0
16655;63;38;255;sea;true;ocean;0
16656;116;72;255;sea;false;ocean;0
16657;77;101;255;sea;false;ocean;0
16658;86;131;255;sea;false;ocean;0
16659;93;80;255;sea;false;ocean;0
16660;141;117;255;sea;false;ocean;0
16661;68;81;255;sea;false;ocean;0
16662;107;92;255;sea;false;ocean;0
16663;111;74;255;sea;false;ocean;0
16664;44;80;255;sea;false;ocean;0
16665;79;57;255;sea;false;ocean;0
16666;40;63;255;sea;false;ocean;0
16667;44;91;255;sea;false;ocean;0
16668;24;100;255;sea;false;ocean;0
16669;59;48;255;sea;false;ocean;0
16670;68;124;255;sea;true;ocean;0
16671;22;56;255;sea;false;ocean;0
16672;60;83;255;sea;true;ocean;0
16673;7;132;255;sea;false;ocean;0
16674;27;141;255;sea;false;ocean;0
16675;0;83;255;sea;false;ocean;0
16676;12;81;255;sea;false;ocean;0
16677;53;107;255;sea;false;ocean;0
16678;17;76;255;sea;false;ocean;0
16679;31;137;255;sea;false;ocean;0
16680;37;135;255;sea;false;ocean;0
16681;55;107;255;sea;false;ocean;0
16682;24;108;255;sea;false;ocean;0
16683;52;88;255;sea;false;ocean;0
16684;25;107;255;sea;false;ocean;0
16685;56;71;255;sea;false;ocean;0
16686;61;69;255;sea;false;ocean;0
16687;30;132;255;sea;false;ocean;0
16688;55;103;255;sea;false;ocean;0
16689;65;87;255;sea;false;ocean;0
16690;17;70;255;sea;false;ocean;0
16691;47;107;255;sea;false;ocean;0
16692;44;71;255;sea;false;ocean;0
16693;29;68;255;sea;false;ocean;0
16694;48;79;255;sea;false;ocean;0
16695;44;94;255;sea;false;ocean;0
16696;43;106;255;sea;false;ocean;0
16697;42;133;255;sea;false;ocean;0
16698;32;134;255;sea;false;ocean;0
16699;5;87;255;sea;false;ocean;0
16700;55;67;255;sea;false;ocean;0
16701;14;101;255;sea;false;ocean;0
16702;23;118;255;sea;false;ocean;0
16703;5;80;255;sea;false;ocean;0
16704;27;137;255;sea;false;ocean;0
16705;18;79;255;sea;false;ocean;0
16706;76;18;255;sea;false;ocean;0
16707;90;17;255;sea;false;ocean;0
16708;87;27;255;sea;false;ocean;0
16709;35;31;255;sea;false;ocean;0
16710;75;53;255;sea;false;ocean;0
16711;78;18;255;sea;false;ocean;0
16712;35;3;255;sea;false;ocean;0
16713;75;13;255;sea;false;ocean;0
16714;53;42;255;sea;false;ocean;0
16715;59;54;255;sea;false;ocean;0
16716;42;19;255;sea;false;ocean;0
16717;100;47;255;sea;false;ocean;0
16718;45;16;255;sea;false;ocean;0
16719;79;55;255;sea;false;ocean;0
16720;84;51;255;sea;false;ocean;0
16721;66;50;255;sea;false;ocean;0
16722;85;50;255;sea;false;ocean;0
16723;85;26;255;sea;false;ocean;0
16724;74;35;255;sea;false;ocean;0
16725;102;6;255;sea;false;ocean;0
16726;40;31;255;sea;false;ocean;0
16727;29;16;255;sea;false;ocean;0
16728;58;35;255;sea;false;ocean;0
16729;48;26;255;sea;false;ocean;0
16730;69;31;255;sea;false;ocean;0
16731;49;83;255;sea;false;ocean;0
16732;1;95;255;sea;true;ocean;0
16733;45;93;255;sea;false;ocean;0
16734;8;30;255;sea;false;ocean;0
16735;26;24;255;sea;true;ocean;0
16736;1;47;255;sea;false;ocean;0
16737;36;89;255;sea;true;ocean;0
16738;75;84;255;sea;false;ocean;0
16739;77;87;255;sea;false;ocean;0
16740;127;87;255;sea;false;ocean;0
16741;98;68;255;sea;false;ocean;0
16742;126;94;255;sea;false;ocean;0
16743;79;115;255;sea;false;ocean;0
16744;83;115;255;sea;false;ocean;0
16745;145;100;255;sea;false;ocean;0
16746;154;42;255;sea;false;ocean;0
16747;94;87;255;sea;false;ocean;0
16748;135;79;255;sea;false;ocean;0
16749;156;56;255;sea;false;ocean;0
16750;126;107;255;sea;false;ocean;0
16751;142;62;255;sea;false;ocean;0
16752;80;105;255;sea;false;ocean;0
16753;120;48;255;sea;false;ocean;0
16754;136;105;255;sea;false;ocean;0
16755;138;114;255;sea;false;ocean;0
16756;105;64;255;sea;false;ocean;0
16757;146;105;255;sea;false;ocean;0
16758;103;64;255;sea;false;ocean;0
16759;88;109;255;sea;false;ocean;0
16760;155;80;255;sea;false;ocean;0
16761;83;70;255;sea;false;ocean;0
16762;147;116;255;sea;false;ocean;0
16763;77;82;255;sea;false;ocean;0
16764;111;69;255;sea;false;ocean;0
16765;118;40;255;sea;false;ocean;0
16766;111;100;255;sea;false;ocean;0
16767;85;55;255;sea;false;ocean;0
16768;88;101;255;sea;false;ocean;0
16769;111;115;255;sea;false;ocean;0
16770;153;51;255;sea;false;ocean;0
16771;1;38;255;sea;false;ocean;0
16772;31;59;255;sea;false;ocean;0
16773;25;90;255;sea;false;ocean;0
16774;28;92;255;sea;true;ocean;0
16775;14;95;255;sea;false;ocean;0
16776;22;47;255;sea;false;ocean;0
16777;28;53;255;sea;false;ocean;0
16778;26;31;255;sea;true;ocean;0
16779;12;73;255;sea;false;ocean;0
16780;30;48;255;sea;false;ocean;0
16781;28;13;255;sea;false;ocean;0
16782;40;29;255;sea;false;ocean;0
16783;29;18;255;sea;false;ocean;0
16784;2;56;255;sea;false;ocean;0
16785;34;43;255;sea;false;ocean;0
16786;28;20;255;sea;false;ocean;0
16787;9;59;255;sea;false;ocean;0
16788;27;26;255;sea;false;ocean;0
16789;91;129;255;sea;true;ocean;0
16790;34;123;255;sea;false;ocean;0
16791;3;99;255;sea;false;ocean;0
16792;12;108;255;sea;false;ocean;0
16793;42;67;255;sea;false;ocean;0
16794;5;78;255;sea;false;ocean;0
16795;36;72;255;sea;false;ocean;0
16796;3;124;255;sea;false;ocean;0
16797;35;87;255;sea;false;ocean;0
16798;48;92;255;sea;false;ocean;0
16799;48;94;255;sea;false;ocean;0
16800;62;114;255;sea;false;ocean;0
16801;29;75;255;sea;false;ocean;0
16802;67;74;255;sea;false;ocean;0
16803;0;92;255;sea;true;ocean;0
16804;28;63;255;sea;false;ocean;0
16805;2;52;255;sea;false;ocean;0
16806;11;114;255;sea;false;ocean;0
16807;18;78;255;sea;false;ocean;0
16808;35;115;255;sea;false;ocean;0
16809;32;100;255;sea;false;ocean;0
16810;52;51;255;sea;false;ocean;0
16811;47;83;255;sea;false;ocean;0
16812;62;88;255;sea;false;ocean;0
16813;12;88;255;sea;false;ocean;0
16814;23;106;255;sea;false;ocean;0
16815;10;49;255;sea;false;ocean;0
16816;67;49;255;sea;false;ocean;0
16817;31;105;255;sea;false;ocean;0
16818;17;51;255;sea;true;ocean;0
16819;64;119;255;sea;false;ocean;0
16820;32;103;255;sea;false;ocean;0
16821;55;66;255;sea;true;ocean;0
16822;20;49;255;sea;false;ocean;0
16823;31;67;255;sea;false;ocean;0
16824;4;96;255;sea;false;ocean;0
16825;3;72;255;sea;false;ocean;0
16826;34;57;255;sea;false;ocean;0
16827;6;80;255;sea;true;ocean;0
16828;69;49;255;sea;false;ocean;0
16829;57;95;255;sea;false;ocean;0
16830;17;101;255;sea;false;ocean;0
16831;22;70;255;sea;false;ocean;0
16832;69;87;255;sea;true;ocean;0
16833;6;119;255;sea;false;ocean;0
16834;6;58;255;sea;false;ocean;0
16835;50;111;255;sea;false;ocean;0
16836;62;120;255;sea;false;ocean;0
16837;40;75;255;sea;true;ocean;0
16838;17;52;255;sea;false;ocean;0
16839;42;89;255;sea;false;ocean;0
16840;32;107;255;sea;false;ocean;0
16841;33;62;255;sea;false;ocean;0
16842;6;50;255;sea;false;ocean;0
16843;25;83;255;sea;false;ocean;0
16844;41;63;255;sea;false;ocean;0
16845;8;77;255;sea;false;ocean;0
16846;48;65;255;sea;false;ocean;0
16847;11;109;255;sea;false;ocean;0
16848;44;61;255;sea;false;ocean;0
16849;38;80;255;sea;false;ocean;0
16850;58;97;255;sea;false;ocean;0
16851;33;57;255;sea;false;ocean;0
16852;42;40;255;sea;false;ocean;0
16853;49;50;255;sea;false;ocean;0
16854;34;74;255;sea;false;ocean;0
16855;65;7;255;sea;false;ocean;0
16856;75;48;255;sea;false;ocean;0
16857;109;13;255;sea;false;ocean;0
16858;83;16;255;sea;false;ocean;0
16859;99;22;255;sea;false;ocean;0
16860;99;44;255;sea;false;ocean;0
16861;83;21;255;sea;false;ocean;0
16862;110;54;255;sea;false;ocean;0
16863;109;36;255;sea;false;ocean;0
16864;90;46;255;sea;false;ocean;0
16865;57;6;255;sea;false;ocean;0
16866;116;7;255;sea;false;ocean;0
16867;58;16;255;sea;false;ocean;0
16868;66;43;255;sea;false;ocean;0
16869;77;35;255;sea;false;ocean;0
16870;78;24;255;sea;false;ocean;0
16871;95;37;255;sea;false;ocean;0
16872;136;49;255;sea;false;ocean;0
16873;105;15;255;sea;false;ocean;0
16874;99;54;255;sea;false;ocean;0
16875;103;19;255;sea;false;ocean;0
16876;136;32;255;sea;false;ocean;0
16877;99;6;255;sea;false;ocean;0
16878;123;12;255;sea;false;ocean;0
16879;115;31;255;sea;false;ocean;0
16880;118;14;255;sea;false;ocean;0
16881;109;24;255;sea;false;ocean;0
16882;138;35;255;sea;false;ocean;0
16883;92;30;255;sea;false;ocean;0
16884;106;32;255;sea;false;ocean;0
16885;72;39;255;sea;false;ocean;0
16886;141;25;255;sea;false;ocean;0
16887;140;39;255;sea;false;ocean;0
16888;114;10;255;sea;false;ocean;0
16889;133;28;255;sea;false;ocean;0
16890;113;20;255;sea;false;ocean;0
16891;100;39;255;sea;false;ocean;0
16892;122;6;255;sea;false;ocean;0
16893;94;36;255;sea;false;ocean;0
16894;86;37;255;sea;false;ocean;0
16895;38;122;255;sea;false;ocean;0
16896;61;86;255;sea;false;ocean;0
16897;5;73;255;sea;false;ocean;0
16898;52;63;255;sea;false;ocean;0
16899;47;112;255;sea;false;ocean;0
16900;18;77;255;sea;false;ocean;0
16901;26;117;255;sea;false;ocean;0
16902;6;107;255;sea;false;ocean;0
16903;0;114;255;sea;false;ocean;0
16904;45;120;255;sea;false;ocean;0
16905;14;118;255;sea;false;ocean;0
16906;6;97;255;sea;false;ocean;0
16907;0;112;255;sea;false;ocean;0
16908;2;85;255;sea;false;ocean;0
16909;58;75;255;sea;false;ocean;0
16910;32;51;255;sea;false;ocean;0
16911;45;84;255;sea;false;ocean;0
16912;45;87;255;sea;false;ocean;0
16913;55;90;255;sea;false;ocean;0
16914;65;53;255;sea;false;ocean;0
16915;67;110;255;sea;false;ocean;0
16916;71;68;255;sea;false;ocean;0
16917;49;91;255;sea;false;ocean;0
16918;5;113;255;sea;false;ocean;0
16919;128;110;255;sea;false;ocean;0
16920;163;127;255;sea;false;ocean;0
16921;156;72;255;sea;false;ocean;0
16922;86;136;255;sea;false;ocean;0
16923;138;84;255;sea;false;ocean;0
16924;109;83;255;sea;false;ocean;0
16925;86;77;255;sea;false;ocean;0
16926;108;74;255;sea;false;ocean;0
16927;116;93;255;sea;false;ocean;0
16928;119;84;255;sea;false;ocean;0
16929;114;91;255;sea;false;ocean;0
16930;97;127;255;sea;false;ocean;0
16931;109;109;255;sea;false;ocean;0
16932;137;128;255;sea;false;ocean;0
16933;152;117;255;sea;false;ocean;0
16934;132;136;255;sea;false;ocean;0
16935;147;72;255;sea;false;ocean;0
16936;100;139;255;sea;false;ocean;0
16937;150;93;255;sea;false;ocean;0
16938;136;84;255;sea;false;ocean;0
16939;142;108;255;sea;false;ocean;0
16940;157;89;255;sea;false;ocean;0
16941;118;95;255;sea;false;ocean;0
16942;93;130;255;sea;false;ocean;0
16943;104;104;255;sea;false;ocean;0
16944;92;133;255;sea;false;ocean;0
16945;55;44;255;sea;false;ocean;0
16946;83;25;255;sea;false;ocean;0
16947;37;59;255;sea;false;ocean;0
16948;91;52;255;sea;false;ocean;0
16949;57;11;255;sea;false;ocean;0
16950;104;34;255;sea;false;ocean;0
16951;97;36;255;sea;false;ocean;0
16952;48;114;255;sea;false;ocean;0
16953;68;129;255;sea;false;ocean;0
16954;90;86;255;sea;false;ocean;0
16955;43;130;255;sea;false;ocean;0
16956;78;93;255;sea;false;ocean;0
16957;46;71;255;sea;false;ocean;0
16958;41;58;255;sea;false;ocean;0
16959;97;123;255;sea;false;ocean;0
16960;80;106;255;sea;false;ocean;0
16961;47;128;255;sea;false;ocean;0
16962;97;110;255;sea;false;ocean;0
16963;66;92;255;sea;false;ocean;0
16964;59;62;255;sea;false;ocean;0
16965;6;103;255;sea;false;ocean;0
16966;0;101;255;sea;false;ocean;0
16967;33;109;255;sea;false;ocean;0
16968;4;80;255;sea;false;ocean;0
16969;14;68;255;sea;false;ocean;0
16970;31;62;255;sea;false;ocean;0
16971;17;50;255;sea;false;ocean;0
16972;2;78;255;sea;false;ocean;0
16973;8;37;255;sea;false;ocean;0
16974;35;66;255;sea;false;ocean;0
16975;3;56;255;sea;false;ocean;0
16976;5;43;255;sea;false;ocean;0
16977;7;47;255;sea;false;ocean;0
16978;15;107;255;sea;false;ocean;0
16979;5;49;255;sea;false;ocean;0
16980;14;58;255;sea;false;ocean;0
16981;32;54;255;sea;false;ocean;0
16982;110;150;255;sea;false;ocean;0
16983;117;143;255;sea;false;ocean;0
16984;74;147;255;sea;false;ocean;0
16985;67;143;255;sea;false;ocean;0
16986;75;89;255;sea;true;ocean;0
16987;107;156;255;sea;true;ocean;0
16988;104;125;255;sea;false;ocean;0
16989;86;152;255;sea;false;ocean;0
16990;115;138;255;sea;false;ocean;0
16991;88;129;255;sea;false;ocean;0
16992;84;150;255;sea;false;ocean;0
16993;59;90;255;sea;false;ocean;0
16994;98;161;255;sea;true;ocean;0
16995;60;85;255;sea;false;ocean;0
16996;14;94;255;sea;false;ocean;0
16997;20;87;255;sea;false;ocean;0
16998;60;151;255;sea;false;ocean;0
16999;35;112;255;sea;false;ocean;0
17000;27;159;255;sea;false;ocean;0
17001;11;90;255;sea;false;ocean;0
17002;42;117;255;sea;false;ocean;0
17003;52;142;255;sea;false;ocean;0
17004;12;129;255;sea;false;ocean;0
17005;69;138;255;sea;false;ocean;0
17006;61;80;255;sea;false;ocean;0
17007;110;93;255;sea;false;ocean;0
17008;67;128;255;sea;false;ocean;0
17009;96;151;255;sea;false;ocean;0
17010;62;146;255;sea;false;ocean;0
17011;20;26;255;sea;false;ocean;0
17012;17;35;255;sea;false;ocean;0
17013;8;2;255;sea;false;ocean;0
17014;2;68;255;sea;false;ocean;0
17015;12;15;255;sea;false;ocean;0
17016;7;6;255;sea;false;ocean;0
17017;24;47;255;sea;false;ocean;0
17018;15;25;255;sea;false;ocean;0
17019;15;12;255;sea;false;ocean;0
17020;24;62;255;sea;false;ocean;0
17021;32;53;255;sea;false;ocean;0
17022;8;4;255;sea;false;ocean;0
17023;1;63;255;sea;false;ocean;0
17024;47;29;255;sea;false;ocean;0
17025;13;12;255;sea;false;ocean;0
17026;78;37;255;sea;false;ocean;0
17027;66;12;255;sea;false;ocean;0
17028;40;27;255;sea;false;ocean;0
17029;103;51;255;sea;false;ocean;0
17030;142;20;255;sea;false;ocean;0
17031;75;49;255;sea;false;ocean;0
17032;107;10;255;sea;false;ocean;0
17033;91;53;255;sea;false;ocean;0
17034;98;44;255;sea;false;ocean;0
17035;146;52;255;sea;false;ocean;0
17036;103;55;255;sea;false;ocean;0
17037;119;20;255;sea;false;ocean;0
17038;86;6;255;sea;false;ocean;0
17039;71;31;255;sea;false;ocean;0
17040;149;6;255;sea;false;ocean;0
17041;130;23;255;sea;false;ocean;0
17042;144;37;255;sea;false;ocean;0
17043;134;24;255;sea;false;ocean;0
17044;118;20;255;sea;false;ocean;0
17045;77;47;255;sea;false;ocean;0
17046;106;20;255;sea;false;ocean;0
17047;139;47;255;sea;false;ocean;0
17048;149;55;255;sea;false;ocean;0
17049;136;40;255;sea;false;ocean;0
17050;126;58;255;sea;false;ocean;0
17051;92;5;255;sea;false;ocean;0
17052;101;27;255;sea;false;ocean;0
17053;92;98;255;sea;false;ocean;0
17054;107;68;255;sea;false;ocean;0
17055;83;82;255;sea;false;ocean;0
17056;41;71;255;sea;false;ocean;0
17057;32;129;255;sea;false;ocean;0
17058;65;108;255;sea;false;ocean;0
17059;53;57;255;sea;false;ocean;0
17060;100;110;255;sea;false;ocean;0
17061;33;112;255;sea;false;ocean;0
17062;88;55;255;sea;false;ocean;0
17063;31;127;255;sea;false;ocean;0
17064;78;87;255;sea;false;ocean;0
17065;94;80;255;sea;false;ocean;0
17066;76;123;255;sea;false;ocean;0
17067;80;97;255;sea;false;ocean;0
17068;106;62;255;sea;false;ocean;0
17069;47;60;255;sea;false;ocean;0
17070;74;73;255;sea;false;ocean;0
17071;72;126;255;sea;false;ocean;0
17072;59;129;255;sea;false;ocean;0
17073;108;73;255;sea;false;ocean;0
17074;88;132;255;sea;false;ocean;0
17075;94;125;255;sea;false;ocean;0
17076;65;65;255;sea;false;ocean;0
17077;45;115;255;sea;false;ocean;0
17078;41;31;255;sea;true;ocean;0
17079;60;59;255;sea;true;ocean;0
17080;110;21;255;sea;true;ocean;0
17081;89;86;255;sea;true;ocean;0
17082;66;89;255;sea;false;ocean;0
17083;108;60;255;sea;false;ocean;0
17084;97;7;255;sea;false;ocean;0
17085;100;38;255;sea;false;ocean;0
17086;118;27;255;sea;false;ocean;0
17087;144;12;255;sea;false;ocean;0
17088;115;5;255;sea;false;ocean;0
17089;109;12;255;sea;false;ocean;0
17090;114;4;255;sea;false;ocean;0
17091;112;25;255;sea;false;ocean;0
17092;122;23;255;sea;false;ocean;0
17093;144;26;255;sea;false;ocean;0
17094;19;36;255;sea;true;ocean;0
17095;53;34;255;sea;false;ocean;0
17096;14;1;255;sea;false;ocean;0
17097;25;24;255;sea;false;ocean;0
17098;77;17;255;sea;false;ocean;0
17099;76;9;255;sea;false;ocean;0
17100;50;9;255;sea;false;ocean;0
17101;74;9;255;sea;false;ocean;0
17102;15;35;255;sea;true;ocean;0
17103;9;8;255;sea;false;ocean;0
17104;68;0;255;sea;false;ocean;0
17105;75;22;255;sea;false;ocean;0
17106;14;78;255;sea;true;ocean;0
17107;35;53;255;sea;true;ocean;0
17108;85;86;255;sea;false;ocean;0
17109;30;79;255;sea;false;ocean;0
17110;72;79;255;sea;false;ocean;0
17111;101;56;255;sea;false;ocean;0
17112;49;40;255;sea;false;ocean;0
17113;72;32;255;sea;true;ocean;0
17114;89;47;255;sea;false;ocean;0
17115;41;80;255;sea;false;ocean;0
17116;90;57;255;sea;false;ocean;0
17117;102;69;255;sea;false;ocean;0
17118;47;73;255;sea;true;ocean;0
17119;18;45;255;sea;false;ocean;0
17120;61;74;255;sea;false;ocean;0
17121;55;42;255;sea;false;ocean;0
17122;82;46;255;sea;true;ocean;0
17123;61;34;255;sea;false;ocean;0
17124;5;51;255;sea;false;ocean;0
17125;53;11;255;sea;false;ocean;0
17126;67;26;255;sea;false;ocean;0
17127;19;24;255;sea;true;ocean;0
17128;73;25;255;sea;false;ocean;0
17129;25;40;255;sea;false;ocean;0
17130;13;33;255;sea;false;ocean;0
17131;33;31;255;sea;false;ocean;0
17132;27;28;255;sea;false;ocean;0
17133;21;5;255;sea;false;ocean;0
17134;36;22;255;sea;false;ocean;0
17135;24;19;255;sea;false;ocean;0
17136;18;36;255;sea;false;ocean;0
17137;22;12;255;sea;false;ocean;0
17138;82;82;255;sea;false;ocean;0
17139;63;125;255;sea;false;ocean;0
17140;61;98;255;sea;false;ocean;0
17141;67;142;255;sea;true;ocean;0
17142;39;77;255;sea;true;ocean;0
17143;78;133;255;sea;false;ocean;0
17144;55;108;255;sea;true;ocean;0
17145;34;66;255;sea;false;ocean;0
17146;24;132;255;sea;false;ocean;0
17147;73;74;255;sea;true;ocean;0
17148;44;111;255;sea;false;ocean;0
17149;26;122;255;sea;false;ocean;0
17150;39;93;255;sea;false;ocean;0
17151;35;104;255;sea;false;ocean;0
17152;86;135;255;sea;false;ocean;0
17153;65;123;255;sea;false;ocean;0
17154;81;124;255;sea;false;ocean;0
17155;73;103;255;sea;false;ocean;0
17156;6;15;255;sea;false;ocean;0
17157;41;38;255;sea;false;ocean;0
17158;43;46;255;sea;false;ocean;0
17159;48;56;255;sea;false;ocean;0
17160;8;68;255;sea;false;ocean;0
17161;8;22;255;sea;false;ocean;0
17162;26;50;255;sea;false;ocean;0
17163;4;10;255;sea;false;ocean;0
17164;27;11;255;sea;false;ocean;0
17165;55;4;255;sea;false;ocean;0
17166;120;43;255;sea;false;ocean;0
17167;84;4;255;sea;false;ocean;0
17168;92;7;255;sea;false;ocean;0
17169;62;9;255;sea;false;ocean;0
17170;82;6;255;sea;true;ocean;0
17171;128;99;255;sea;false;ocean;0
17172;115;116;255;sea;false;ocean;0
17173;121;139;255;sea;false;ocean;0
17174;103;102;255;sea;false;ocean;0
17175;108;105;255;sea;false;ocean;0
17176;101;76;255;sea;false;ocean;0
17177;105;123;255;sea;false;ocean;0
17178;91;80;255;sea;false;ocean;0
17179;101;143;255;sea;false;ocean;0
17180;109;110;255;sea;false;ocean;0
17181;83;69;255;sea;false;ocean;0
17182;127;130;255;sea;false;ocean;0
17183;86;75;255;sea;false;ocean;0
17184;78;7;255;sea;false;ocean;0
17185;23;56;255;sea;false;ocean;0
17186;38;15;255;sea;false;ocean;0
17187;72;25;255;sea;false;ocean;0
17188;56;57;255;sea;false;ocean;0
17189;45;65;255;sea;false;ocean;0
17190;19;46;255;sea;false;ocean;0
17191;85;49;255;sea;false;ocean;0
17192;81;73;255;sea;false;ocean;0
17193;55;49;255;sea;false;ocean;0
17194;43;58;255;sea;false;ocean;0
17195;33;58;255;sea;false;ocean;0
17196;63;104;255;sea;false;ocean;0
17197;128;81;255;sea;false;ocean;0
17198;91;117;255;sea;false;ocean;0
17199;68;93;255;sea;false;ocean;0
17200;79;90;255;sea;false;ocean;0
17201;85;123;255;sea;false;ocean;0
17202;51;101;255;sea;false;ocean;0
17203;51;126;255;sea;false;ocean;0
17204;112;87;255;sea;false;ocean;0
17205;51;138;255;sea;false;ocean;0
17206;75;111;255;sea;false;ocean;0
17207;105;72;255;sea;false;ocean;0
17208;80;130;255;sea;false;ocean;0
17209;59;87;255;sea;false;ocean;0
17210;72;122;255;sea;false;ocean;0
17211;56;125;255;sea;false;ocean;0
17212;69;132;255;sea;false;ocean;0
17213;107;71;255;sea;false;ocean;0
17214;8;72;255;sea;false;ocean;0
17215;33;63;255;sea;false;ocean;0
17216;2;70;255;sea;false;ocean;0
17217;36;91;255;sea;false;ocean;0
17218;14;122;255;sea;false;ocean;0
17219;30;78;255;sea;false;ocean;0
17220;42;140;255;sea;false;ocean;0
17221;31;64;255;sea;false;ocean;0
17222;55;98;255;sea;false;ocean;0
17223;25;89;255;sea;false;ocean;0
17224;71;77;255;sea;false;ocean;0
17225;0;72;255;sea;false;ocean;0
17226;20;111;255;sea;false;ocean;0
17227;37;66;255;sea;false;ocean;0
17228;5;66;255;sea;false;ocean;0
17229;28;100;255;sea;false;ocean;0
17230;34;130;255;sea;false;ocean;0
17231;101;118;255;sea;false;ocean;0
17232;55;142;255;sea;false;ocean;0
17233;108;86;255;sea;false;ocean;0
17234;43;126;255;sea;false;ocean;0
17235;69;140;255;sea;false;ocean;0
17236;33;157;255;sea;false;ocean;0
17237;40;136;255;sea;false;ocean;0
17238;48;40;255;sea;false;ocean;0
17239;89;29;255;sea;false;ocean;0
17240;24;4;255;sea;false;ocean;0
17241;34;37;255;sea;false;ocean;0
17242;99;5;255;sea;false;ocean;0
17243;25;14;255;sea;false;ocean;0
17244;74;14;255;sea;false;ocean;0
17245;100;29;255;sea;false;ocean;0
17246;92;37;255;sea;false;ocean;0
17247;76;22;255;sea;false;ocean;0
17248;59;32;255;sea;false;ocean;0
17249;83;26;255;sea;false;ocean;0
17250;90;31;255;sea;false;ocean;0
17251;73;48;255;sea;false;ocean;0
17252;84;23;255;sea;false;ocean;0
17253;32;41;255;sea;false;ocean;0
17254;100;16;255;sea;false;ocean;0
17255;101;16;255;sea;false;ocean;0
17256;32;28;255;sea;false;ocean;0
17257;35;14;255;sea;false;ocean;0
17258;61;17;255;sea;false;ocean;0
17259;53;25;255;sea;false;ocean;0
17260;46;45;255;sea;false;ocean;0
17261;23;21;255;sea;false;ocean;0
17262;79;1;255;sea;false;ocean;0
17263;75;18;255;sea;false;ocean;0
17264;32;22;255;sea;true;ocean;0
17265;49;5;255;sea;false;ocean;0
17266;34;12;255;sea;true;ocean;0
17267;12;16;255;sea;true;ocean;0
17268;60;5;255;sea;false;ocean;0
17269;74;25;255;sea;false;ocean;0
17270;61;16;255;sea;false;ocean;0
17271;60;20;255;sea;true;ocean;0
17272;83;109;255;sea;false;ocean;0
17273;126;99;255;sea;false;ocean;0
17274;73;96;255;sea;false;ocean;0
17275;116;125;255;sea;false;ocean;0
17276;59;80;255;sea;false;ocean;0
17277;95;122;255;sea;false;ocean;0
17278;83;124;255;sea;false;ocean;0
17279;115;118;255;sea;false;ocean;0
17280;71;91;255;sea;false;ocean;0
17281;93;66;255;sea;false;ocean;0
17282;105;52;255;sea;false;ocean;0
17283;108;32;255;sea;false;ocean;0
17284;105;62;255;sea;false;ocean;0
17285;124;91;255;sea;false;ocean;0
17286;82;52;255;sea;false;ocean;0
17287;124;86;255;sea;false;ocean;0
17288;124;82;255;sea;false;ocean;0
17289;96;71;255;sea;false;ocean;0
17290;103;47;255;sea;false;ocean;0
17291;77;61;255;sea;false;ocean;0
17292;105;22;255;sea;false;ocean;0
17293;79;54;255;sea;false;ocean;0
17294;121;49;255;sea;false;ocean;0
17295;126;32;255;sea;false;ocean;0
17296;131;44;255;sea;false;ocean;0
17297;102;61;255;sea;false;ocean;0
17298;115;92;255;sea;false;ocean;0
17299;78;26;255;sea;false;ocean;0
17300;113;24;255;sea;false;ocean;0
17301;59;24;255;sea;false;ocean;0
17302;70;59;255;sea;false;ocean;0
17303;93;18;255;sea;false;ocean;0
17304;103;35;255;sea;false;ocean;0
17305;128;76;255;sea;false;ocean;0
17306;69;43;255;sea;false;ocean;0
17307;72;93;255;sea;false;ocean;0
17308;110;30;255;sea;false;ocean;0
17309;108;28;255;sea;false;ocean;0
17310;129;29;255;sea;false;ocean;0
17311;80;55;255;sea;false;ocean;0
17312;65;76;255;sea;false;ocean;0
17313;53;106;255;sea;false;ocean;0
17314;106;53;255;sea;false;ocean;0
17315;77;93;255;sea;false;ocean;0
17316;82;51;255;sea;false;ocean;0
17317;53;49;255;sea;false;ocean;0
17318;107;93;255;sea;false;ocean;0
17319;63;109;255;sea;false;ocean;0
17320;105;61;255;sea;false;ocean;0
17321;89;57;255;sea;false;ocean;0
17322;107;64;255;sea;false;ocean;0
17323;45;51;255;sea;false;ocean;0
17324;109;76;255;sea;false;ocean;0
17325;99;95;255;sea;false;ocean;0
17326;76;56;255;sea;false;ocean;0
17327;87;40;255;sea;false;ocean;0
17328;48;74;255;sea;false;ocean;0
17329;36;73;255;sea;false;ocean;0
17330;37;104;255;sea;false;ocean;0
17331;112;79;255;sea;false;ocean;0
17332;52;53;255;sea;false;ocean;0
17333;110;49;255;sea;false;ocean;0
17334;86;92;255;sea;false;ocean;0
17335;58;95;255;sea;false;ocean;0
17336;35;42;255;sea;false;ocean;0
17337;33;96;255;sea;false;ocean;0
17338;96;40;255;sea;false;ocean;0
17339;49;74;255;sea;false;ocean;0
17340;142;71;255;sea;false;ocean;0
17341;78;138;255;sea;false;ocean;0
17342;74;123;255;sea;true;ocean;0
17343;96;112;255;sea;false;ocean;0
17344;131;114;255;sea;false;ocean;0
17345;113;112;255;sea;false;ocean;0
17346;135;100;255;sea;false;ocean;0
17347;114;124;255;sea;false;ocean;0
17348;103;84;255;sea;false;ocean;0
17349;99;125;255;sea;false;ocean;0
17350;93;110;255;sea;false;ocean;0
17351;53;85;255;sea;false;ocean;0
17352;82;154;255;sea;false;ocean;0
17353;101;120;255;sea;false;ocean;0
17354;89;161;255;sea;false;ocean;0
17355;64;115;255;sea;false;ocean;0
17356;65;127;255;sea;false;ocean;0
17357;123;140;255;sea;false;ocean;0
17358;66;143;255;sea;false;ocean;0
17359;110;115;255;sea;false;ocean;0
17360;100;158;255;sea;false;ocean;0
17361;49;148;255;sea;false;ocean;0
17362;147;102;255;sea;false;ocean;0
17363;75;56;255;sea;false;ocean;0
17364;139;100;255;sea;false;ocean;0
17365;80;108;255;sea;false;ocean;0
17366;132;44;255;sea;false;ocean;0
17367;146;80;255;sea;false;ocean;0
17368;136;111;255;sea;false;ocean;0
17369;74;81;255;sea;false;ocean;0
17370;86;62;255;sea;false;ocean;0
17371;148;61;255;sea;false;ocean;0
17372;139;73;255;sea;false;ocean;0
17373;109;56;255;sea;false;ocean;0
17374;90;50;255;sea;false;ocean;0
17375;95;79;255;sea;false;ocean;0
17376;121;73;255;sea;false;ocean;0
17377;98;99;255;sea;false;ocean;0
17378;72;97;255;sea;false;ocean;0
17379;52;84;255;sea;false;ocean;0
17380;81;100;255;sea;false;ocean;0
17381;110;57;255;sea;false;ocean;0
17382;47;123;255;sea;false;ocean;0
17383;66;101;255;sea;false;ocean;0
17384;12;43;255;sea;false;ocean;0
17385;63;85;255;sea;false;ocean;0
17386;51;103;255;sea;false;ocean;0
17387;61;46;255;sea;false;ocean;0
17388;74;54;255;sea;false;ocean;0
17389;48;57;255;sea;false;ocean;0
17390;51;69;255;sea;false;ocean;0
17391;80;86;255;sea;false;ocean;0
17392;58;98;255;sea;false;ocean;0
17393;7;35;255;sea;false;ocean;0
17394;46;86;255;sea;false;ocean;0
17395;81;53;255;sea;false;ocean;0
17396;35;103;255;sea;false;ocean;0
17397;27;40;255;sea;false;ocean;0
17398;73;46;255;sea;false;ocean;0
17399;79;61;255;sea;false;ocean;0
17400;78;83;255;sea;false;ocean;0
17401;137;51;255;sea;false;ocean;0
17402;138;22;255;sea;false;ocean;0
17403;109;85;255;sea;false;ocean;0
17404;77;34;255;sea;false;ocean;0
17405;137;63;255;sea;false;ocean;0
17406;46;55;255;sea;false;ocean;0
17407;82;42;255;sea;false;ocean;0
17408;27;78;255;sea;false;ocean;0
17409;53;74;255;sea;false;ocean;0
17410;44;57;255;sea;false;ocean;0
17411;92;103;255;sea;false;ocean;0
17412;69;45;255;sea;false;ocean;0
17413;81;39;255;sea;true;ocean;0
17414;84;91;255;sea;false;ocean;0
17415;42;78;255;sea;false;ocean;0
17416;28;57;255;sea;false;ocean;0
17417;56;86;255;sea;true;ocean;0
17418;84;137;255;sea;false;ocean;0
17419;81;146;255;sea;false;ocean;0
17420;55;112;255;sea;false;ocean;0
17421;53;143;255;sea;false;ocean;0
17422;74;79;255;sea;false;ocean;0
17423;65;136;255;sea;true;ocean;0
17424;59;118;255;sea;true;ocean;0
17425;91;131;255;sea;false;ocean;0
17426;59;148;255;sea;false;ocean;0
17427;64;136;255;sea;false;ocean;0
17428;36;106;255;sea;true;ocean;0
17429;83;107;255;sea;false;ocean;0
17430;75;93;255;sea;false;ocean;0
17431;42;115;255;sea;false;ocean;0
17432;84;80;255;sea;false;ocean;0
17433;115;84;255;sea;false;ocean;0
17434;40;101;255;sea;false;ocean;0
17435;113;122;255;sea;false;ocean;0
17436;37;93;255;sea;true;ocean;0
17437;64;116;255;sea;true;ocean;0
17438;85;118;255;sea;false;ocean;0
17439;63;135;255;sea;false;ocean;0
17440;101;109;255;sea;true;ocean;0
17441;111;137;255;sea;true;ocean;0
17442;102;131;255;sea;true;ocean;0
17443;71;76;255;sea;false;ocean;0
17444;92;122;255;sea;false;ocean;0
17445;100;74;255;sea;true;ocean;0
17446;48;102;255;sea;false;ocean;0
17447;105;144;255;sea;false;ocean;0
17448;69;72;255;sea;false;ocean;0
17449;15;18;255;sea;true;ocean;0
17450;64;53;255;sea;true;ocean;0
17451;73;39;255;sea;true;ocean;0
17452;57;24;255;sea;true;ocean;0
17453;52;48;255;sea;true;ocean;0
17454;142;68;255;sea;false;ocean;0
17455;83;80;255;sea;false;ocean;0
17456;133;65;255;sea;false;ocean;0
17457;155;137;255;sea;true;ocean;0
17458;88;83;255;sea;true;ocean;0
17459;99;92;255;sea;true;ocean;0
17460;147;85;255;sea;false;ocean;0
17461;93;116;255;sea;false;ocean;0
17462;133;104;255;sea;true;ocean;0
17463;133;97;255;sea;false;ocean;0
17464;86;98;255;sea;true;ocean;0
17465;124;110;255;sea;false;ocean;0
17466;95;93;255;sea;false;ocean;0
17467;78;61;255;sea;false;ocean;0
17468;154;129;255;sea;true;ocean;0
17469;95;78;255;sea;true;ocean;0
17470;98;80;255;sea;false;ocean;0
17471;123;73;255;sea;false;ocean;0
17472;0;48;255;sea;false;ocean;0
17473;64;70;255;sea;false;ocean;0
17474;53;105;255;sea;false;ocean;0
17475;65;59;255;sea;false;ocean;0
17476;68;88;255;sea;false;ocean;0
17477;27;69;255;sea;false;ocean;0
17478;3;49;255;sea;false;ocean;0
17479;4;122;255;sea;false;ocean;0
17480;70;53;255;sea;false;ocean;0
17481;51;122;255;sea;false;ocean;0
17482;32;123;255;sea;false;ocean;0
17483;40;104;255;sea;false;ocean;0
17484;48;98;255;sea;false;ocean;0
17485;61;88;255;sea;false;ocean;0
17486;76;99;255;sea;false;ocean;0
17487;63;121;255;sea;false;ocean;0
17488;46;53;255;sea;false;ocean;0
17489;83;29;255;sea;true;ocean;0
17490;76;28;255;sea;true;ocean;0
17491;42;25;255;sea;false;ocean;0
17492;69;46;255;sea;false;ocean;0
17493;31;42;255;sea;true;ocean;0
17494;32;64;255;sea;true;ocean;0
17495;93;45;255;sea;true;ocean;0
17496;82;1;255;sea;false;ocean;0
17497;81;46;255;sea;false;ocean;0
17498;32;62;255;sea;false;ocean;0
17499;27;33;255;sea;false;ocean;0
17500;57;27;255;sea;false;ocean;0
17501;37;43;255;sea;false;ocean;0
17502;47;23;255;sea;false;ocean;0
17503;16;34;255;sea;false;ocean;0
17504;61;32;255;sea;false;ocean;0
17505;67;99;255;sea;false;ocean;0
17506;76;100;255;sea;false;ocean;0
17507;47;106;255;sea;false;ocean;0
17508;84;78;255;sea;false;ocean;0
17509;90;56;255;sea;false;ocean;0
17510;76;113;255;sea;false;ocean;0
17511;22;57;255;sea;false;ocean;0
17512;59;78;255;sea;false;ocean;0
17513;37;95;255;sea;false;ocean;0
17514;33;107;255;sea;false;ocean;0
17515;59;117;255;sea;false;ocean;0
17516;82;92;255;sea;false;ocean;0
17517;13;89;255;sea;false;ocean;0
17518;56;132;255;sea;false;ocean;0
17519;71;64;255;sea;false;ocean;0
17520;69;133;255;sea;false;ocean;0
17521;54;59;255;sea;false;ocean;0
17522;47;71;255;sea;false;ocean;0
17523;42;100;255;sea;false;ocean;0
17524;61;111;255;sea;false;ocean;0
17525;60;93;255;sea;false;ocean;0
17526;67;105;255;sea;false;ocean;0
17527;37;62;255;sea;false;ocean;0
17528;84;57;255;sea;false;ocean;0
17529;73;61;255;sea;false;ocean;0
17530;45;86;255;sea;false;ocean;0
17531;47;108;255;sea;false;ocean;0
17532;28;106;255;sea;false;ocean;0
17533;27;95;255;sea;false;ocean;0
17534;93;46;255;sea;false;ocean;0
17535;131;61;255;sea;true;ocean;0
17536;58;70;255;sea;true;ocean;0
17537;56;43;255;sea;false;ocean;0
17538;101;84;255;sea;false;ocean;0
17539;64;47;255;sea;true;ocean;0
17540;112;77;255;sea;true;ocean;0
17541;110;73;255;sea;false;ocean;0
17542;61;93;255;sea;false;ocean;0
17543;121;83;255;sea;false;ocean;0
17544;120;63;255;sea;false;ocean;0
17545;84;67;255;sea;false;ocean;0
17546;86;26;255;sea;false;ocean;0
17547;127;32;255;sea;true;ocean;0
17548;99;66;255;sea;false;ocean;0
17549;32;44;255;sea;true;ocean;0
17550;42;90;255;sea;true;ocean;0
17551;87;102;255;sea;true;ocean;0
17552;108;45;255;sea;true;ocean;0
17553;65;70;255;sea;false;ocean;0
17554;72;54;255;sea;true;ocean;0
17555;52;96;255;sea;false;ocean;0
17556;69;101;255;sea;false;ocean;0
17557;1;75;255;sea;false;ocean;0
17558;37;64;255;sea;false;ocean;0
17559;17;108;255;sea;false;ocean;0
17560;42;35;255;sea;false;ocean;0
17561;41;82;255;sea;false;ocean;0
17562;38;79;255;sea;false;ocean;0
17563;9;75;255;sea;false;ocean;0
17564;43;102;255;sea;false;ocean;0
17565;25;79;255;sea;false;ocean;0
17566;22;109;255;sea;false;ocean;0
17567;25;63;255;sea;false;ocean;0
17568;3;37;255;sea;false;ocean;0
17569;6;106;255;sea;false;ocean;0
17570;53;5;255;sea;false;ocean;0
17571;81;64;255;sea;false;ocean;0
17572;102;18;255;sea;true;ocean;0
17573;63;37;255;sea;false;ocean;0
17574;101;31;255;sea;false;ocean;0
17575;81;74;255;sea;false;ocean;0
17576;141;69;255;sea;false;ocean;0
17577;76;5;255;sea;false;ocean;0
17578;108;14;255;sea;false;ocean;0
17579;86;68;255;sea;false;ocean;0
17580;90;102;255;sea;true;ocean;0
17581;125;114;255;sea;false;ocean;0
17582;101;121;255;sea;false;ocean;0
17583;108;85;255;sea;false;ocean;0
17584;119;71;255;sea;false;ocean;0
17585;94;45;255;sea;true;ocean;0
17586;67;66;255;sea;false;ocean;0
17587;90;54;255;sea;false;ocean;0
17588;98;81;255;sea;false;ocean;0
17589;96;91;255;sea;true;ocean;0
17590;108;87;255;sea;true;ocean;0
17591;97;43;255;sea;false;ocean;0
17592;72;61;255;sea;false;ocean;0
17593;113;92;255;sea;true;ocean;0
17594;108;81;255;sea;false;ocean;0
17595;114;15;255;sea;true;ocean;0
17596;73;58;255;sea;true;ocean;0
17597;93;75;255;sea;false;ocean;0
17598;50;69;255;sea;false;ocean;0
17599;64;21;255;sea;false;ocean;0
17600;91;49;255;sea;true;ocean;0
17601;118;59;255;sea;true;ocean;0
17602;51;48;255;sea;false;ocean;0
17603;112;51;255;sea;true;ocean;0
17604;91;33;255;sea;true;ocean;0
17605;93;88;255;sea;true;ocean;0
17606;51;50;255;sea;false;ocean;0
17607;92;69;255;sea;true;ocean;0
17608;65;21;255;sea;false;ocean;0
17609;78;48;255;sea;false;ocean;0
17610;121;54;255;sea;true;ocean;0
17611;53;26;255;sea;false;ocean;0
17612;62;85;255;sea;false;ocean;0
17613;26;123;255;sea;false;ocean;0
17614;43;80;255;sea;true;ocean;0
17615;5;108;255;sea;false;ocean;0
17616;58;132;255;sea;false;ocean;0
17617;21;69;255;sea;true;ocean;0
17618;51;52;255;sea;false;ocean;0
17619;96;75;255;sea;false;ocean;0
17620;59;69;255;sea;false;ocean;0
17621;68;66;255;sea;false;ocean;0
17622;85;73;255;sea;false;ocean;0
17623;25;74;255;sea;false;ocean;0
17624;91;64;255;sea;false;ocean;0
17625;100;36;255;sea;false;ocean;0
17626;115;18;255;sea;false;ocean;0
17627;140;69;255;sea;false;ocean;0
17628;124;49;255;sea;false;ocean;0
17629;102;30;255;sea;false;ocean;0
17630;128;24;255;sea;false;ocean;0
17631;40;21;255;sea;false;ocean;0
17632;4;49;255;sea;false;ocean;0
17633;14;36;255;sea;false;ocean;0
17634;16;33;255;sea;false;ocean;0
17635;36;45;255;sea;false;ocean;0
17636;26;51;255;sea;false;ocean;0
17637;27;105;255;sea;false;ocean;0
17638;10;71;255;sea;false;ocean;0
17639;52;13;255;sea;false;ocean;0
17640;77;92;255;sea;true;ocean;0
17641;44;68;255;sea;false;ocean;0
17642;49;14;255;sea;false;ocean;0
17643;23;33;255;sea;true;ocean;0
17644;22;17;255;sea;true;ocean;0
17645;89;12;255;sea;true;ocean;0
17646;23;54;255;sea;false;ocean;0
17647;60;16;255;sea;true;ocean;0
17648;24;125;255;sea;false;ocean;0
17649;33;98;255;sea;false;ocean;0
17650;11;106;255;sea;false;ocean;0
17651;33;87;255;sea;false;ocean;0
17652;0;134;255;sea;false;ocean;0
17653;34;90;255;sea;false;ocean;0
17654;1;87;255;sea;false;ocean;0
17655;18;142;255;sea;false;ocean;0
17656;129;154;255;sea;false;ocean;0
17657;152;152;255;sea;false;ocean;0
17658;103;75;255;sea;false;ocean;0
17659;100;149;255;sea;false;ocean;0
17660;147;134;255;sea;false;ocean;0
17661;94;103;255;sea;false;ocean;0
17662;131;91;255;sea;false;ocean;0
17663;143;124;255;sea;false;ocean;0
17664;118;108;255;sea;false;ocean;0
17665;135;103;255;sea;false;ocean;0
17666;99;93;255;sea;false;ocean;0
17667;113;134;255;sea;false;ocean;0
17668;143;132;255;sea;false;ocean;0
17669;152;151;255;sea;false;ocean;0
17670;93;128;255;sea;false;ocean;0
17671;119;153;255;sea;true;ocean;0
17672;156;143;255;sea;false;ocean;0
17673;94;132;255;sea;false;ocean;0
17674;137;152;255;sea;false;ocean;0
17675;148;89;255;sea;false;ocean;0
17676;144;87;255;sea;false;ocean;0
17677;150;137;255;sea;false;ocean;0
17678;86;128;255;sea;false;ocean;0
17679;56;142;255;sea;false;ocean;0
17680;103;141;255;sea;false;ocean;0
17681;30;118;255;sea;false;ocean;0
17682;96;150;255;sea;false;ocean;0
17683;53;110;255;sea;false;ocean;0
17684;89;122;255;sea;false;ocean;0
17685;73;80;255;sea;false;ocean;0
17686;12;44;255;sea;true;ocean;0
17687;52;92;255;sea;false;ocean;0
17688;16;63;255;sea;false;ocean;0
17689;41;46;255;sea;true;ocean;0
17690;17;34;255;sea;true;ocean;0
17691;12;42;255;sea;true;ocean;0
17692;51;62;255;sea;true;ocean;0
17693;19;90;255;sea;true;ocean;0
17694;85;116;255;sea;false;ocean;0
17695;23;53;255;sea;false;ocean;0
17696;21;91;255;sea;false;ocean;0
17697;35;113;255;sea;false;ocean;0
17698;22;67;255;sea;false;ocean;0
17699;27;58;255;sea;true;ocean;0
17700;30;55;255;sea;false;ocean;0
17701;87;55;255;sea;true;ocean;0
17702;23;112;255;sea;false;ocean;0
17703;51;59;255;sea;false;ocean;0
17704;64;113;255;sea;false;ocean;0
17705;11;21;255;sea;false;ocean;0
17706;43;47;255;sea;false;ocean;0
17707;21;56;255;sea;false;ocean;0
17708;35;5;255;sea;false;ocean;0
17709;24;35;255;sea;false;ocean;0
17710;37;47;255;sea;false;ocean;0
17711;11;51;255;sea;false;ocean;0
17712;6;2;255;sea;false;ocean;0
17713;2;23;255;sea;false;ocean;0
17714;23;27;255;sea;false;ocean;0
17715;11;26;255;sea;false;ocean;0
17716;22;36;255;sea;false;ocean;0
17717;9;10;255;sea;false;ocean;0
17718;26;35;255;sea;false;ocean;0
17719;2;35;255;sea;false;ocean;0
17720;1;45;255;sea;false;ocean;0
17721;13;18;255;sea;false;ocean;0
17722;34;42;255;sea;false;ocean;0
17723;34;5;255;sea;false;ocean;0
17724;34;47;255;sea;false;ocean;0
17725;27;25;255;sea;false;ocean;0
17726;26;56;255;sea;false;ocean;0
17727;46;52;255;sea;false;ocean;0
17728;49;6;255;sea;false;ocean;0
17729;48;63;255;sea;false;ocean;0
17730;127;23;255;sea;false;ocean;0
17731;127;25;255;sea;false;ocean;0
17732;110;52;255;sea;true;ocean;0
17733;123;18;255;sea;false;ocean;0
17734;82;31;255;sea;false;ocean;0
17735;61;21;255;sea;false;ocean;0
17736;90;38;255;sea;true;ocean;0
17737;74;20;255;sea;false;ocean;0
17738;121;20;255;sea;false;ocean;0
17739;113;44;255;sea;false;ocean;0
17740;111;6;255;sea;false;ocean;0
17741;81;6;255;sea;false;ocean;0
17742;102;38;255;sea;false;ocean;0
17743;118;68;255;sea;true;ocean;0
17744;103;96;255;sea;false;ocean;0
17745;69;93;255;sea;false;ocean;0
17746;112;82;255;sea;false;ocean;0
17747;79;125;255;sea;false;ocean;0
17748;75;80;255;sea;false;ocean;0
17749;98;129;255;sea;false;ocean;0
17750;92;60;255;sea;false;ocean;0
17751;72;131;255;sea;true;ocean;0
17752;75;77;255;sea;false;ocean;0
17753;80;89;255;sea;false;ocean;0
17754;117;105;255;sea;false;ocean;0
17755;60;127;255;sea;false;ocean;0
17756;67;60;255;sea;false;ocean;0
17757;68;121;255;sea;true;ocean;0
17758;98;104;255;sea;false;ocean;0
17759;124;80;255;sea;false;ocean;0
17760;87;82;255;sea;false;ocean;0
17761;121;99;255;sea;false;ocean;0
17762;84;109;255;sea;true;ocean;0
17763;98;72;255;sea;false;ocean;0
17764;81;98;255;sea;false;ocean;0
17765;9;49;255;sea;false;ocean;0
17766;0;42;255;sea;false;ocean;0
17767;44;34;255;sea;true;ocean;0
17768;20;23;255;sea;true;ocean;0
17769;55;56;255;sea;true;ocean;0
17770;27;30;255;sea;false;ocean;0
17771;18;19;255;sea;false;ocean;0
17772;26;17;255;sea;false;ocean;0
17773;3;135;255;sea;false;ocean;0
17774;26;115;255;sea;false;ocean;0
17775;50;101;255;sea;false;ocean;0
17776;55;83;255;sea;false;ocean;0
17777;3;85;255;sea;false;ocean;0
17778;0;80;255;sea;false;ocean;0
17779;51;94;255;sea;true;ocean;0
17780;2;110;255;sea;true;ocean;0
17781;13;74;255;sea;false;ocean;0
17782;32;91;255;sea;true;ocean;0
17783;36;78;255;sea;false;ocean;0
17784;11;98;255;sea;true;ocean;0
17785;8;114;255;sea;true;ocean;0
17786;4;98;255;sea;true;ocean;0
17787;36;23;255;sea;false;ocean;0
17788;25;15;255;sea;true;ocean;0
17789;40;64;255;sea;false;ocean;0
17790;5;46;255;sea;false;ocean;0
17791;51;23;255;sea;false;ocean;0
17792;48;47;255;sea;false;ocean;0
17793;26;27;255;sea;true;ocean;0
17794;61;26;255;sea;false;ocean;0
17795;13;27;255;sea;false;ocean;0
17796;70;24;255;sea;true;ocean;0
17797;51;80;255;sea;false;ocean;0
17798;2;38;255;sea;true;ocean;0
17799;5;12;255;sea;true;ocean;0
17800;49;79;255;sea;true;ocean;0
17801;9;66;255;sea;true;ocean;0
17802;71;26;255;sea;false;ocean;0
17803;128;23;255;sea;true;ocean;0
17804;133;39;255;sea;false;ocean;0
17805;134;35;255;sea;false;ocean;0
17806;90;33;255;sea;true;ocean;0
17807;130;49;255;sea;false;ocean;0
17808;133;49;255;sea;false;ocean;0
17809;71;37;255;sea;false;ocean;0
17810;114;26;255;sea;true;ocean;0
17811;92;25;255;sea;false;ocean;0
17812;84;75;255;sea;true;ocean;0
17813;32;95;255;sea;false;ocean;0
17814;2;83;255;sea;false;ocean;0
17815;39;111;255;sea;false;ocean;0
17816;42;92;255;sea;false;ocean;0
17817;4;64;255;sea;false;ocean;0
17818;4;34;255;sea;false;ocean;0
17819;43;51;255;sea;false;ocean;0
17820;0;85;255;sea;false;ocean;0
17821;6;21;255;sea;false;ocean;0
17822;69;11;255;sea;false;ocean;0
17823;48;14;255;sea;false;ocean;0
17824;32;9;255;sea;false;ocean;0
17825;26;3;255;sea;false;ocean;0
17826;29;9;255;sea;false;ocean;0
17827;2;32;255;sea;false;ocean;0
17828;74;23;255;sea;false;ocean;0
17829;16;35;255;sea;false;ocean;0
17830;17;17;255;sea;false;ocean;0
17831;25;18;255;sea;false;ocean;0
17832;64;22;255;sea;false;ocean;0
17833;62;8;255;sea;false;ocean;0
17834;44;2;255;sea;false;ocean;0
17835;5;24;255;sea;false;ocean;0
17836;70;32;255;sea;false;ocean;0
17837;71;12;255;sea;false;ocean;0
17838;9;31;255;sea;false;ocean;0
17839;14;51;255;sea;false;ocean;0
17840;28;37;255;sea;false;ocean;0
17841;68;9;255;sea;false;ocean;0
17842;56;5;255;sea;false;ocean;0
17843;31;52;255;sea;false;ocean;0
17844;149;109;255;sea;false;ocean;0
17845;88;62;255;sea;false;ocean;0
17846;94;95;255;sea;false;ocean;0
17847;105;85;255;sea;false;ocean;0
17848;142;121;255;sea;false;ocean;0
17849;139;125;255;sea;false;ocean;0
17850;122;113;255;sea;false;ocean;0
17851;142;122;255;sea;false;ocean;0
17852;142;83;255;sea;false;ocean;0
17853;111;33;255;sea;false;ocean;0
17854;65;11;255;sea;false;ocean;0
17855;63;41;255;sea;false;ocean;0
17856;60;50;255;sea;false;ocean;0
17857;122;49;255;sea;false;ocean;0
17858;74;24;255;sea;false;ocean;0
17859;73;66;255;sea;true;ocean;0
17860;77;14;255;sea;false;ocean;0
17861;53;72;255;sea;false;ocean;0
17862;99;18;255;sea;false;ocean;0
17863;113;58;255;sea;false;ocean;0
17864;92;51;255;sea;false;ocean;0
17865;108;38;255;sea;false;ocean;0
17866;53;62;255;sea;false;ocean;0
17867;109;37;255;sea;false;ocean;0
17868;85;18;255;sea;false;ocean;0
17869;117;8;255;sea;false;ocean;0
17870;50;33;255;sea;false;ocean;0
17871;58;89;255;sea;true;ocean;0
17872;55;78;255;sea;false;ocean;0
17873;17;107;255;sea;true;ocean;0
17874;70;79;255;sea;true;ocean;0
17875;26;60;255;sea;false;ocean;0
17876;75;131;255;sea;false;ocean;0
17877;79;123;255;sea;true;ocean;0
17878;2;105;255;sea;false;ocean;0
17879;72;69;255;sea;true;ocean;0
17880;78;129;255;sea;true;ocean;0
17881;71;126;255;sea;false;ocean;0
17882;19;86;255;sea;false;ocean;0
17883;30;128;255;sea;false;ocean;0
17884;45;2;255;sea;false;ocean;0
17885;24;0;255;sea;false;ocean;0
17886;41;24;255;sea;false;ocean;0
17887;12;29;255;sea;false;ocean;0
17888;35;46;255;sea;false;ocean;0
17889;14;32;255;sea;false;ocean;0
17890;50;29;255;sea;false;ocean;0
17891;40;3;255;sea;false;ocean;0
17892;7;37;255;sea;false;ocean;0
17893;53;38;255;sea;false;ocean;0
17894;55;15;255;sea;false;ocean;0
17895;95;40;255;sea;true;ocean;0
17896;94;78;255;sea;false;ocean;0
17897;94;69;255;sea;true;ocean;0
17898;153;27;255;sea;true;ocean;0
17899;128;46;255;sea;false;ocean;0
17900;94;85;255;sea;false;ocean;0
17901;124;18;255;sea;false;ocean;0
17902;108;44;255;sea;false;ocean;0
17903;87;30;255;sea;false;ocean;0
17904;75;0;255;sea;false;ocean;0
17905;64;17;255;sea;false;ocean;0
17906;70;51;255;sea;false;ocean;0
17907;112;17;255;sea;false;ocean;0
17908;91;43;255;sea;false;ocean;0
17909;90;2;255;sea;false;ocean;0
17910;63;51;255;sea;false;ocean;0
17911;66;37;255;sea;false;ocean;0
17912;118;9;255;sea;false;ocean;0
17913;115;41;255;sea;false;ocean;0
17914;75;12;255;sea;false;ocean;0
17915;131;39;255;sea;false;ocean;0
17916;90;15;255;sea;false;ocean;0
17917;82;50;255;sea;false;ocean;0
17918;71;36;255;sea;false;ocean;0
17919;95;22;255;sea;false;ocean;0
17920;119;29;255;sea;false;ocean;0
17921;95;6;255;sea;false;ocean;0
17922;54;51;255;sea;false;ocean;0
17923;78;55;255;sea;false;ocean;0
17924;34;36;255;sea;false;ocean;0
17925;57;56;255;sea;false;ocean;0
17926;58;66;255;sea;true;ocean;0
17927;81;89;255;sea;false;ocean;0
17928;80;38;255;sea;false;ocean;0
17929;27;67;255;sea;false;ocean;0
17930;29;107;255;sea;false;ocean;0
17931;26;92;255;sea;true;ocean;0
17932;12;79;255;sea;false;ocean;0
17933;70;103;255;sea;false;ocean;0
17934;86;48;255;sea;false;ocean;0
17935;80;84;255;sea;false;ocean;0
17936;99;100;255;sea;true;ocean;0
17937;104;76;255;sea;true;ocean;0
17938;89;90;255;sea;false;ocean;0
17939;103;68;255;sea;true;ocean;0
17940;146;104;255;sea;false;ocean;0
17941;140;123;255;sea;false;ocean;0
17942;109;125;255;sea;false;ocean;0
17943;100;112;255;sea;false;ocean;0
17944;122;69;255;sea;false;ocean;0
17945;106;93;255;sea;false;ocean;0
17946;134;127;255;sea;false;ocean;0
17947;133;126;255;sea;false;ocean;0
17948;101;82;255;sea;false;ocean;0
17949;83;91;255;sea;false;ocean;0
17950;121;51;255;sea;false;ocean;0
17951;131;124;255;sea;false;ocean;0
17952;137;88;255;sea;false;ocean;0
17953;126;117;255;sea;false;ocean;0
17954;116;58;255;sea;false;ocean;0
17955;110;84;255;sea;false;ocean;0
17956;123;125;255;sea;true;ocean;0
17957;133;113;255;sea;false;ocean;0
17958;148;84;255;sea;false;ocean;0
17959;98;69;255;sea;false;ocean;0
17960;139;77;255;sea;false;ocean;0
17961;135;21;255;sea;true;ocean;0
17962;96;14;255;sea;false;ocean;0
17963;118;60;255;sea;false;ocean;0
17964;84;22;255;sea;true;ocean;0
17965;96;38;255;sea;false;ocean;0
17966;94;9;255;sea;false;ocean;0
17967;140;16;255;sea;true;ocean;0
17968;115;8;255;sea;true;ocean;0
17969;111;57;255;sea;true;ocean;0
17970;128;9;255;sea;true;ocean;0
17971;70;11;255;sea;false;ocean;0
17972;97;70;255;sea;false;ocean;0
17973;81;21;255;sea;true;ocean;0
17974;115;47;255;sea;false;ocean;0
17975;65;22;255;sea;false;ocean;0
17976;78;22;255;sea;false;ocean;0
17977;44;4;255;sea;true;ocean;0
17978;38;18;255;sea;false;ocean;0
17979;91;7;255;sea;false;ocean;0
17980;67;25;255;sea;false;ocean;0
17981;67;0;255;sea;false;ocean;0
17982;76;4;255;sea;false;ocean;0
17983;98;30;255;sea;false;ocean;0
17984;68;10;255;sea;false;ocean;0
17985;30;38;255;sea;false;ocean;0
17986;97;6;255;sea;false;ocean;0
17987;82;39;255;sea;false;ocean;0
17988;78;14;255;sea;false;ocean;0
17989;52;5;255;sea;false;ocean;0
17990;92;16;255;sea;false;ocean;0
17991;46;56;255;sea;false;ocean;0
17992;98;50;255;sea;true;ocean;0
17993;68;65;255;sea;false;ocean;0
17994;95;92;255;sea;false;ocean;0
17995;95;51;255;sea;true;ocean;0
17996;68;112;255;sea;false;ocean;0
17997;35;84;255;sea;false;ocean;0
17998;93;86;255;sea;false;ocean;0
17999;82;112;255;sea;true;ocean;0
18000;76;115;255;sea;true;ocean;0
18001;79;95;255;sea;true;ocean;0
18002;66;108;255;sea;false;ocean;0
18003;79;94;255;sea;true;ocean;0
18004;49;125;255;sea;false;ocean;0
18005;47;111;255;sea;false;ocean;0
18006;102;89;255;sea;true;ocean;0
18007;131;140;255;sea;false;ocean;0
18008;125;107;255;sea;false;ocean;0
18009;96;131;255;sea;false;ocean;0
18010;136;140;255;sea;false;ocean;0
18011;87;76;255;sea;false;ocean;0
18012;83;88;255;sea;false;ocean;0
18013;114;98;255;sea;false;ocean;0
18014;105;102;255;sea;false;ocean;0
18015;141;128;255;sea;false;ocean;0
18016;156;81;255;sea;false;ocean;0
18017;159;109;255;sea;false;ocean;0
18018;85;111;255;sea;false;ocean;0
18019;151;109;255;sea;false;ocean;0
18020;147;83;255;sea;false;ocean;0
18021;87;132;255;sea;false;ocean;0
18022;118;77;255;sea;true;ocean;0
18023;159;91;255;sea;false;ocean;0
18024;126;93;255;sea;false;ocean;0
18025;60;101;255;sea;true;ocean;0
18026;104;81;255;sea;true;ocean;0
18027;52;47;255;sea;false;ocean;0
18028;49;93;255;sea;true;ocean;0
18029;48;52;255;sea;false;ocean;0
18030;47;37;255;sea;false;ocean;0
18031;59;73;255;sea;false;ocean;0
18032;71;103;255;sea;false;ocean;0
18033;99;70;255;sea;true;ocean;0
18034;49;70;255;sea;false;ocean;0
18035;61;44;255;sea;false;ocean;0
18036;91;57;255;sea;false;ocean;0
18037;88;88;255;sea;true;ocean;0
18038;51;44;255;sea;true;ocean;0
18039;35;97;255;sea;false;ocean;0
18040;100;76;255;sea;true;ocean;0
18041;49;44;255;sea;false;ocean;0
18042;85;102;255;sea;false;ocean;0
18043;131;6;255;sea;false;ocean;0
18044;125;12;255;sea;false;ocean;0
18045;103;38;255;sea;false;ocean;0
18046;123;7;255;sea;false;ocean;0
18047;135;12;255;sea;false;ocean;0
18048;110;13;255;sea;false;ocean;0
18049;130;34;255;sea;false;ocean;0
18050;137;31;255;sea;false;ocean;0
18051;28;36;255;sea;true;ocean;0
18052;73;41;255;sea;true;ocean;0
18053;64;58;255;sea;true;ocean;0
18054;75;39;255;sea;true;ocean;0
18055;51;17;255;sea;true;ocean;0
18056;42;63;255;sea;false;ocean;0
18057;22;13;255;sea;false;ocean;0
18058;7;13;255;sea;false;ocean;0
18059;20;21;255;sea;false;ocean;0
18060;6;67;255;sea;false;ocean;0
18061;13;45;255;sea;false;ocean;0
18062;18;68;255;sea;false;ocean;0
18063;13;19;255;sea;false;ocean;0
18064;35;33;255;sea;false;ocean;0
18065;29;15;255;sea;false;ocean;0
18066;34;38;255;sea;false;ocean;0
18067;14;57;255;sea;false;ocean;0
18068;40;25;255;sea;false;ocean;0
18069;37;33;255;sea;false;ocean;0
18070;115;64;255;sea;false;ocean;0
18071;120;70;255;sea;false;ocean;0
18072;143;13;255;sea;false;ocean;0
18073;86;32;255;sea;false;ocean;0
18074;85;58;255;sea;false;ocean;0
18075;120;60;255;sea;false;ocean;0
18076;106;49;255;sea;false;ocean;0
18077;123;25;255;sea;false;ocean;0
18078;124;14;255;sea;false;ocean;0
18079;132;27;255;sea;false;ocean;0
18080;153;39;255;sea;false;ocean;0
18081;86;25;255;sea;false;ocean;0
18082;139;84;255;sea;false;ocean;0
18083;98;87;255;sea;false;ocean;0
18084;114;84;255;sea;false;ocean;0
18085;89;123;255;sea;false;ocean;0
18086;60;77;255;sea;false;ocean;0
18087;90;89;255;sea;false;ocean;0
18088;106;120;255;sea;false;ocean;0
18089;38;99;255;sea;false;ocean;0
18090;36;100;255;sea;false;ocean;0
18091;98;133;255;sea;false;ocean;0
18092;45;125;255;sea;false;ocean;0
18093;51;142;255;sea;false;ocean;0
18094;47;72;255;sea;false;ocean;0
18095;56;76;255;sea;false;ocean;0
18096;91;92;255;sea;false;ocean;0
18097;60;108;255;sea;false;ocean;0
18098;59;76;255;sea;false;ocean;0
18099;92;134;255;sea;false;ocean;0
18100;58;103;255;sea;false;ocean;0
18101;31;100;255;sea;false;ocean;0
18102;29;78;255;sea;false;ocean;0
18103;14;89;255;sea;false;ocean;0
18104;10;57;255;sea;false;ocean;0
18105;25;68;255;sea;false;ocean;0
18106;9;33;255;sea;false;ocean;0
18107;29;48;255;sea;false;ocean;0
18108;3;87;255;sea;false;ocean;0
18109;18;95;255;sea;false;ocean;0
18110;16;90;255;sea;false;ocean;0
18111;32;38;255;sea;false;ocean;0
18112;40;97;255;sea;false;ocean;0
18113;39;50;255;sea;false;ocean;0
18114;38;81;255;sea;false;ocean;0
18115;16;44;255;sea;false;ocean;0
18116;26;45;255;sea;false;ocean;0
18117;21;52;255;sea;false;ocean;0
18118;18;22;255;sea;false;ocean;0
18119;0;34;255;sea;false;ocean;0
18120;27;64;255;sea;false;ocean;0
18121;42;15;255;sea;true;ocean;0
18122;44;78;255;sea;true;ocean;0
18123;163;19;255;sea;false;ocean;0
18124;86;24;255;sea;false;ocean;0
18125;97;18;255;sea;false;ocean;0
18126;162;13;255;sea;false;ocean;0
18127;113;36;255;sea;false;ocean;0
18128;151;20;255;sea;false;ocean;0
18129;112;16;255;sea;false;ocean;0
18130;163;43;255;sea;false;ocean;0
18131;97;5;255;sea;false;ocean;0
18132;160;23;255;sea;false;ocean;0
18133;69;126;255;sea;false;ocean;0
18134;63;96;255;sea;true;ocean;0
18135;15;118;255;sea;true;ocean;0
18136;29;126;255;sea;false;ocean;0
18137;63;130;255;sea;false;ocean;0
18138;7;89;255;sea;false;ocean;0
18139;37;102;255;sea;false;ocean;0
18140;4;125;255;sea;false;ocean;0
18141;32;110;255;sea;false;ocean;0
18142;44;122;255;sea;true;ocean;0
18143;20;151;255;sea;false;ocean;0
18144;60;116;255;sea;false;ocean;0
18145;28;141;255;sea;true;ocean;0
18146;52;100;255;sea;false;ocean;0
18147;35;144;255;sea;false;ocean;0
18148;30;101;255;sea;false;ocean;0
18149;31;107;255;sea;false;ocean;0
18150;49;135;255;sea;false;ocean;0
18151;91;81;255;sea;false;ocean;0
18152;114;45;255;sea;false;ocean;0
18153;108;91;255;sea;false;ocean;0
18154;86;79;255;sea;false;ocean;0
18155;57;58;255;sea;false;ocean;0
18156;111;87;255;sea;false;ocean;0
18157;103;79;255;sea;false;ocean;0
18158;81;61;255;sea;false;ocean;0
18159;87;105;255;sea;false;ocean;0
18160;94;94;255;sea;false;ocean;0
18161;61;50;255;sea;false;ocean;0
18162;64;46;255;sea;false;ocean;0
18163;80;45;255;sea;false;ocean;0
18164;100;82;255;sea;false;ocean;0
18165;86;53;255;sea;false;ocean;0
18166;65;46;255;sea;false;ocean;0
18167;78;39;255;sea;false;ocean;0
18168;72;28;255;sea;false;ocean;0
18169;93;14;255;sea;false;ocean;0
18170;117;41;255;sea;false;ocean;0
18171;70;10;255;sea;false;ocean;0
18172;65;48;255;sea;false;ocean;0
18173;140;37;255;sea;false;ocean;0
18174;140;62;255;sea;false;ocean;0
18175;67;27;255;sea;false;ocean;0
18176;85;69;255;sea;false;ocean;0
18177;16;5;255;sea;false;ocean;0
18178;11;47;255;sea;false;ocean;0
18179;33;10;255;sea;false;ocean;0
18180;25;0;255;sea;false;ocean;0
18181;13;13;255;sea;false;ocean;0
18182;23;24;255;sea;false;ocean;0
18183;27;2;255;sea;false;ocean;0
18184;11;50;255;sea;false;ocean;0
18185;32;32;255;sea;false;ocean;0
18186;26;52;255;sea;false;ocean;0
18187;29;20;255;sea;false;ocean;0
18188;33;43;255;sea;false;ocean;0
18189;34;33;255;sea;false;ocean;0
18190;20;30;255;sea;false;ocean;0
18191;48;24;255;sea;false;ocean;0
18192;33;38;255;sea;false;ocean;0
18193;20;48;255;sea;false;ocean;0
18194;24;54;255;sea;false;ocean;0
18195;48;1;255;sea;false;ocean;0
18196;7;41;255;sea;false;ocean;0
18197;59;7;255;sea;false;ocean;0
18198;20;36;255;sea;false;ocean;0
18199;58;26;255;sea;false;ocean;0
18200;32;3;255;sea;false;ocean;0
18201;83;135;255;sea;false;ocean;0
18202;43;145;255;sea;false;ocean;0
18203;52;103;255;sea;true;ocean;0
18204;78;82;255;sea;false;ocean;0
18205;21;79;255;sea;false;ocean;0
18206;15;144;255;sea;true;ocean;0
18207;11;97;255;sea;true;ocean;0
18208;62;68;255;sea;true;ocean;0
18209;58;122;255;sea;false;ocean;0
18210;83;139;255;sea;true;ocean;0
18211;42;112;255;sea;true;ocean;0
18212;68;78;255;sea;false;ocean;0
18213;16;96;255;sea;false;ocean;0
18214;33;85;255;sea;true;ocean;0
18215;47;76;255;sea;true;ocean;0
18216;85;1;255;sea;true;ocean;0
18217;61;43;255;sea;true;ocean;0
18218;93;19;255;sea;false;ocean;0
18219;73;22;255;sea;true;ocean;0
18220;97;20;255;sea;false;ocean;0
18221;110;36;255;sea;false;ocean;0
18222;63;42;255;sea;true;ocean;0
18223;118;32;255;sea;false;ocean;0
18224;76;14;255;sea;false;ocean;0
18225;59;37;255;sea;true;ocean;0
18226;112;1;255;sea;false;ocean;0
18227;92;18;255;sea;false;ocean;0
18228;48;69;255;sea;false;ocean;0
18229;60;62;255;sea;false;ocean;0
18230;53;76;255;sea;false;ocean;0
18231;17;114;255;sea;false;ocean;0
18232;25;110;255;sea;false;ocean;0
18233;28;108;255;sea;false;ocean;0
18234;3;108;255;sea;false;ocean;0
18235;35;43;255;sea;false;ocean;0
18236;17;68;255;sea;false;ocean;0
18237;19;95;255;sea;false;ocean;0
18238;15;79;255;sea;false;ocean;0
18239;54;67;255;sea;false;ocean;0
18240;51;145;255;sea;false;ocean;0
18241;41;117;255;sea;false;ocean;0
18242;26;134;255;sea;false;ocean;0
18243;12;121;255;sea;false;ocean;0
18244;20;85;255;sea;true;ocean;0
18245;11;141;255;sea;true;ocean;0
18246;1;153;255;sea;true;ocean;0
18247;2;145;255;sea;false;ocean;0
18248;11;152;255;sea;true;ocean;0
18249;50;148;255;sea;false;ocean;0
18250;32;149;255;sea;true;ocean;0
18251;20;128;255;sea;false;ocean;0
18252;35;125;255;sea;false;ocean;0
18253;15;137;255;sea;false;ocean;0
18254;25;121;255;sea;true;ocean;0
18255;42;86;255;sea;false;ocean;0
18256;50;135;255;sea;false;ocean;0
18257;47;92;255;sea;false;ocean;0
18258;6;133;255;sea;false;ocean;0
18259;15;121;255;sea;false;ocean;0
18260;35;136;255;sea;false;ocean;0
18261;100;46;255;sea;false;ocean;0
18262;52;24;255;sea;false;ocean;0
18263;70;49;255;sea;false;ocean;0
18264;94;17;255;sea;false;ocean;0
18265;67;83;255;sea;false;ocean;0
18266;111;22;255;sea;false;ocean;0
18267;89;84;255;sea;false;ocean;0
18268;57;23;255;sea;false;ocean;0
18269;80;31;255;sea;false;ocean;0
18270;62;23;255;sea;false;ocean;0
18271;51;1;255;sea;false;ocean;0
18272;17;40;255;sea;false;ocean;0
18273;23;26;255;sea;false;ocean;0
18274;55;22;255;sea;false;ocean;0
18275;52;38;255;sea;false;ocean;0
18276;87;18;255;sea;false;ocean;0
18277;16;30;255;sea;false;ocean;0
18278;68;27;255;sea;false;ocean;0
18279;63;14;255;sea;false;ocean;0
18280;68;31;255;sea;false;ocean;0
18281;80;17;255;sea;false;ocean;0
18282;49;28;255;sea;false;ocean;0
18283;73;24;255;sea;false;ocean;0
18284;67;109;255;sea;true;ocean;0
18285;54;40;255;sea;true;ocean;0
18286;86;82;255;sea;false;ocean;0
18287;93;59;255;sea;false;ocean;0
18288;67;107;255;sea;false;ocean;0
18289;125;94;255;sea;true;ocean;0
18290;79;88;255;sea;true;ocean;0
18291;52;104;255;sea;true;ocean;0
18292;106;46;255;sea;false;ocean;0
18293;120;49;255;sea;false;ocean;0
18294;76;57;255;sea;false;ocean;0
18295;77;53;255;sea;false;ocean;0
18296;108;36;255;sea;false;ocean;0
18297;147;16;255;sea;false;ocean;0
18298;127;21;255;sea;false;ocean;0
18299;130;11;255;sea;false;ocean;0
18300;134;30;255;sea;false;ocean;0
18301;78;40;255;sea;false;ocean;0
18302;149;16;255;sea;false;ocean;0
18303;118;19;255;sea;false;ocean;0
18304;112;41;255;sea;false;ocean;0
18305;92;44;255;sea;false;ocean;0
18306;113;26;255;sea;false;ocean;0
18307;151;57;255;sea;false;ocean;0
18308;116;43;255;sea;false;ocean;0
18309;100;58;255;sea;false;ocean;0
18310;85;15;255;sea;false;ocean;0
18311;28;109;255;sea;false;ocean;0
18312;54;111;255;sea;false;ocean;0
18313;22;135;255;sea;true;ocean;0
18314;35;72;255;sea;false;ocean;0
18315;5;83;255;sea;false;ocean;0
18316;47;75;255;sea;true;ocean;0
18317;18;121;255;sea;false;ocean;0
18318;48;130;255;sea;false;ocean;0
18319;60;31;255;sea;false;ocean;0
18320;115;69;255;sea;false;ocean;0
18321;91;25;255;sea;false;ocean;0
18322;128;18;255;sea;false;ocean;0
18323;112;70;255;sea;false;ocean;0
18324;103;46;255;sea;false;ocean;0
18325;123;67;255;sea;false;ocean;0
18326;25;45;255;sea;false;ocean;0
18327;65;45;255;sea;false;ocean;0
18328;60;55;255;sea;false;ocean;0
18329;52;42;255;sea;false;ocean;0
18330;68;42;255;sea;false;ocean;0
18331;74;5;255;sea;false;ocean;0
18332;55;19;255;sea;false;ocean;0
18333;78;10;255;sea;false;ocean;0
18334;58;56;255;sea;false;ocean;0
18335;36;43;255;sea;false;ocean;0
18336;25;16;255;sea;false;ocean;0
18337;20;24;255;sea;false;ocean;0
18338;44;37;255;sea;false;ocean;0
18339;16;55;255;sea;false;ocean;0
18340;62;30;255;sea;false;ocean;0
18341;16;15;255;sea;false;ocean;0
18342;81;4;255;sea;false;ocean;0
18343;84;60;255;sea;false;ocean;0
18344;75;38;255;sea;true;ocean;0
18345;50;49;255;sea;false;ocean;0
18346;89;108;255;sea;true;ocean;0
18347;95;42;255;sea;true;ocean;0
18348;39;47;255;sea;false;ocean;0
18349;84;53;255;sea;false;ocean;0
18350;52;87;255;sea;true;ocean;0
18351;84;41;255;sea;false;ocean;0
18352;83;75;255;sea;false;ocean;0
18353;32;127;255;sea;false;ocean;0
18354;12;85;255;sea;false;ocean;0
18355;64;153;255;sea;false;ocean;0
18356;7;101;255;sea;false;ocean;0
18357;19;156;255;sea;false;ocean;0
18358;9;123;255;sea;false;ocean;0
18359;26;151;255;sea;false;ocean;0
18360;22;98;255;sea;false;ocean;0
18361;69;18;255;sea;false;ocean;0
18362;95;26;255;sea;true;ocean;0
18363;48;49;255;sea;true;ocean;0
18364;52;52;255;sea;false;ocean;0
18365;106;56;255;sea;true;ocean;0
18366;102;19;255;sea;false;ocean;0
18367;31;2;255;sea;true;ocean;0
18368;95;46;255;sea;false;ocean;0
18369;71;30;255;sea;true;ocean;0
18370;40;20;255;sea;false;ocean;0
18371;15;2;255;sea;false;ocean;0
18372;14;20;255;sea;false;ocean;0
18373;36;25;255;sea;true;ocean;0
18374;34;19;255;sea;false;ocean;0
18375;7;12;255;sea;false;ocean;0
18376;38;14;255;sea;false;ocean;0
18377;36;14;255;sea;false;ocean;0
18378;143;75;255;sea;false;ocean;0
18379;142;30;255;sea;false;ocean;0
18380;122;78;255;sea;false;ocean;0
18381;95;99;255;sea;false;ocean;0
18382;84;87;255;sea;false;ocean;0
18383;87;51;255;sea;false;ocean;0
18384;75;71;255;sea;false;ocean;0
18385;75;30;255;sea;false;ocean;0
18386;87;72;255;sea;false;ocean;0
18387;119;94;255;sea;false;ocean;0
18388;113;23;255;sea;false;ocean;0
18389;135;67;255;sea;false;ocean;0
18390;128;68;255;sea;false;ocean;0
18391;49;68;255;sea;true;ocean;0
18392;106;106;255;sea;false;ocean;0
18393;94;90;255;sea;false;ocean;0
18394;47;77;255;sea;false;ocean;0
18395;79;98;255;sea;false;ocean;0
18396;60;100;255;sea;true;ocean;0
18397;85;56;255;sea;true;ocean;0
18398;87;43;255;sea;false;ocean;0
18399;117;116;255;sea;true;ocean;0
18400;75;65;255;sea;false;ocean;0
18401;32;141;255;sea;false;ocean;0
18402;18;148;255;sea;false;ocean;0
18403;24;122;255;sea;false;ocean;0
18404;4;86;255;sea;false;ocean;0
18405;20;145;255;sea;false;ocean;0
18406;2;144;255;sea;false;ocean;0
18407;4;150;255;sea;false;ocean;0
18408;0;95;255;sea;false;ocean;0
18409;17;80;255;sea;false;ocean;0
18410;42;66;255;sea;false;ocean;0
18411;24;65;255;sea;false;ocean;0
18412;30;26;255;sea;false;ocean;0
18413;84;25;255;sea;false;ocean;0
18414;82;2;255;sea;false;ocean;0
18415;119;18;255;sea;false;ocean;0
18416;108;19;255;sea;false;ocean;0
18417;100;23;255;sea;false;ocean;0
18418;92;33;255;sea;false;ocean;0
18419;85;37;255;sea;false;ocean;0
18420;78;33;255;sea;false;ocean;0
18421;104;10;255;sea;false;ocean;0
18422;79;15;255;sea;false;ocean;0
18423;137;33;255;sea;false;ocean;0
18424;89;37;255;sea;false;ocean;0
18425;1;71;255;sea;false;ocean;0
18426;17;102;255;sea;false;ocean;0
18427;43;93;255;sea;false;ocean;0
18428;1;96;255;sea;false;ocean;0
18429;6;35;255;sea;false;ocean;0
18430;2;53;255;sea;false;ocean;0
18431;19;79;255;sea;false;ocean;0
18432;46;99;255;sea;false;ocean;0
18433;11;104;255;sea;false;ocean;0
18434;30;34;255;sea;false;ocean;0
18435;33;77;255;sea;false;ocean;0
18436;25;71;255;sea;false;ocean;0
18437;23;108;255;sea;true;ocean;0
18438;14;66;255;sea;true;ocean;0
18439;23;109;255;sea;false;ocean;0
18440;55;113;255;sea;false;ocean;0
18441;101;135;255;sea;false;ocean;0
18442;65;97;255;sea;false;ocean;0
18443;92;139;255;sea;false;ocean;0
18444;74;138;255;sea;false;ocean;0
18445;123;126;255;sea;false;ocean;0
18446;83;73;255;sea;false;ocean;0
18447;125;141;255;sea;false;ocean;0
18448;99;85;255;sea;true;ocean;0
18449;92;63;255;sea;false;ocean;0
18450;90;77;255;sea;true;ocean;0
18451;97;84;255;sea;false;ocean;0
18452;111;105;255;sea;false;ocean;0
18453;107;141;255;sea;false;ocean;0
18454;112;133;255;sea;false;ocean;0
18455;79;116;255;sea;false;ocean;0
18456;111;108;255;sea;true;ocean;0
18457;136;73;255;sea;false;ocean;0
18458;157;104;255;sea;true;ocean;0
18459;143;80;255;sea;false;ocean;0
18460;118;126;255;sea;false;ocean;0
18461;110;100;255;sea;true;ocean;0
18462;122;84;255;sea;false;ocean;0
18463;87;106;255;sea;false;ocean;0
18464;90;62;255;sea;true;ocean;0
18465;91;126;255;sea;false;ocean;0
18466;123;107;255;sea;false;ocean;0
18467;127;98;255;sea;false;ocean;0
18468;126;125;255;sea;true;ocean;0
18469;127;110;255;sea;false;ocean;0
18470;101;93;255;sea;false;ocean;0
18471;83;76;255;sea;true;ocean;0
18472;80;109;255;sea;false;ocean;0
18473;114;59;255;sea;false;ocean;0
18474;83;92;255;sea;false;ocean;0
18475;110;69;255;sea;false;ocean;0
18476;112;45;255;sea;false;ocean;0
18477;58;0;255;sea;true;ocean;0
18478;78;56;255;sea;false;ocean;0
18479;48;15;255;sea;true;ocean;0
18480;111;30;255;sea;false;ocean;0
18481;62;7;255;sea;false;ocean;0
18482;54;7;255;sea;false;ocean;0
18483;12;5;255;sea;false;ocean;0
18484;5;13;255;sea;false;ocean;0
18485;64;43;255;sea;false;ocean;0
18486;53;28;255;sea;false;ocean;0
18487;63;11;255;sea;false;ocean;0
18488;48;10;255;sea;false;ocean;0
18489;46;37;255;sea;false;ocean;0
18490;7;49;255;sea;false;ocean;0
18491;8;9;255;sea;false;ocean;0
18492;24;16;255;sea;false;ocean;0
18493;2;48;255;sea;false;ocean;0
18494;54;31;255;sea;false;ocean;0
18495;27;44;255;sea;false;ocean;0
18496;63;21;255;sea;false;ocean;0
18497;33;5;255;sea;false;ocean;0
18498;48;7;255;sea;false;ocean;0
18499;11;37;255;sea;true;ocean;0
18500;18;53;255;sea;true;ocean;0
18501;8;28;255;sea;true;ocean;0
18502;7;33;255;sea;true;ocean;0
18503;37;60;255;sea;true;ocean;0
18504;1;19;255;sea;true;ocean;0
18505;18;10;255;sea;false;ocean;0
18506;5;18;255;sea;true;ocean;0
18507;1;60;255;sea;true;ocean;0
18508;39;98;255;sea;false;ocean;0
18509;56;75;255;sea;false;ocean;0
18510;68;68;255;sea;false;ocean;0
18511;108;109;255;sea;false;ocean;0
18512;51;89;255;sea;false;ocean;0
18513;45;59;255;sea;false;ocean;0
18514;90;136;255;sea;false;ocean;0
18515;65;72;255;sea;false;ocean;0
18516;38;124;255;sea;false;ocean;0
18517;75;134;255;sea;false;ocean;0
18518;102;74;255;sea;false;ocean;0
18519;81;59;255;sea;false;ocean;0
18520;68;90;255;sea;false;ocean;0
18521;65;80;255;sea;false;ocean;0
18522;98;136;255;sea;false;ocean;0
18523;93;135;255;sea;false;ocean;0
18524;89;136;255;sea;false;ocean;0
18525;112;66;255;sea;false;ocean;0
18526;75;64;255;sea;false;ocean;0
18527;128;73;255;sea;false;ocean;0
18528;100;73;255;sea;false;ocean;0
18529;80;40;255;sea;true;ocean;0
18530;75;78;255;sea;true;ocean;0
18531;60;81;255;sea;false;ocean;0
18532;68;86;255;sea;false;ocean;0
18533;13;46;255;sea;false;ocean;0
18534;30;41;255;sea;false;ocean;0
18535;29;50;255;sea;false;ocean;0
18536;40;15;255;sea;false;ocean;0
18537;18;17;255;sea;false;ocean;0
18538;8;35;255;sea;false;ocean;0
18539;22;15;255;sea;false;ocean;0
18540;26;47;255;sea;false;ocean;0
18541;39;10;255;sea;false;ocean;0
18542;29;38;255;sea;false;ocean;0
18543;25;28;255;sea;false;ocean;0
18544;16;48;255;sea;false;ocean;0
18545;41;11;255;sea;false;ocean;0
18546;43;50;255;sea;false;ocean;0
18547;115;148;255;sea;true;ocean;0
18548;67;91;255;sea;false;ocean;0
18549;97;139;255;sea;true;ocean;0
18550;100;144;255;sea;true;ocean;0
18551;66;90;255;sea;true;ocean;0
18552;39;74;255;sea;true;ocean;0
18553;83;53;255;sea;false;ocean;0
18554;69;33;255;sea;false;ocean;0
18555;100;62;255;sea;false;ocean;0
18556;78;72;255;sea;false;ocean;0
18557;91;44;255;sea;false;ocean;0
18558;42;18;255;sea;false;ocean;0
18559;55;92;255;sea;false;ocean;0
18560;76;19;255;sea;false;ocean;0
18561;90;55;255;sea;false;ocean;0
18562;98;86;255;sea;false;ocean;0
18563;117;45;255;sea;false;ocean;0
18564;27;86;255;sea;true;ocean;0
18565;43;57;255;sea;true;ocean;0
18566;40;22;255;sea;false;ocean;0
18567;18;75;255;sea;true;ocean;0
18568;9;68;255;sea;false;ocean;0
18569;29;29;255;sea;false;ocean;0
18570;19;55;255;sea;false;ocean;0
18571;35;95;255;sea;false;ocean;0
18572;79;83;255;sea;true;ocean;0
18573;83;48;255;sea;true;ocean;0
18574;159;36;255;sea;false;ocean;0
18575;118;8;255;sea;false;ocean;0
18576;102;14;255;sea;false;ocean;0
18577;83;24;255;sea;false;ocean;0
18578;82;24;255;sea;false;ocean;0
18579;107;25;255;sea;false;ocean;0
18580;119;12;255;sea;false;ocean;0
18581;87;8;255;sea;false;ocean;0
18582;114;39;255;sea;false;ocean;0
18583;80;59;255;sea;false;ocean;0
18584;81;97;255;sea;false;ocean;0
18585;109;98;255;sea;false;ocean;0
18586;76;94;255;sea;false;ocean;0
18587;70;54;255;sea;false;ocean;0
18588;113;70;255;sea;false;ocean;0
18589;123;29;255;sea;false;ocean;0
18590;90;26;255;sea;false;ocean;0
18591;118;35;255;sea;false;ocean;0
18592;117;55;255;sea;false;ocean;0
18593;116;37;255;sea;false;ocean;0
18594;97;15;255;sea;false;ocean;0
18595;105;67;255;sea;false;ocean;0
18596;101;58;255;sea;false;ocean;0
18597;101;7;255;sea;false;ocean;0
18598;134;37;255;sea;false;ocean;0
18599;102;50;255;sea;false;ocean;0
18600;89;7;255;sea;false;ocean;0
18601;71;7;255;sea;true;ocean;0
18602;113;39;255;sea;false;ocean;0
18603;88;16;255;sea;true;ocean;0
18604;102;23;255;sea;false;ocean;0
18605;85;34;255;sea;true;ocean;0
18606;135;3;255;sea;true;ocean;0
18607;120;8;255;sea;true;ocean;0
18608;57;149;255;sea;true;ocean;0
18609;85;138;255;sea;false;ocean;0
18610;82;152;255;sea;true;ocean;0
18611;49;107;255;sea;true;ocean;0
18612;109;88;255;sea;true;ocean;0
18613;95;159;255;sea;true;ocean;0
18614;55;110;255;sea;true;ocean;0
18615;89;115;255;sea;false;ocean;0
18616;62;157;255;sea;false;ocean;0
18617;110;58;255;sea;false;ocean;0
18618;51;77;255;sea;false;ocean;0
18619;43;79;255;sea;false;ocean;0
18620;117;103;255;sea;false;ocean;0
18621;109;81;255;sea;false;ocean;0
18622;107;32;255;sea;false;ocean;0
18623;120;79;255;sea;true;ocean;0
18624;112;90;255;sea;false;ocean;0
18625;123;37;255;sea;false;ocean;0
18626;128;52;255;sea;true;ocean;0
18627;117;62;255;sea;true;ocean;0
18628;134;55;255;sea;false;ocean;0
18629;90;6;255;sea;false;ocean;0
18630;71;73;255;sea;false;ocean;0
18631;21;82;255;sea;false;ocean;0
18632;53;59;255;sea;false;ocean;0
18633;88;13;255;sea;false;ocean;0
18634;33;66;255;sea;false;ocean;0
18635;89;95;255;sea;true;ocean;0
18636;65;77;255;sea;false;ocean;0
18637;114;120;255;sea;true;ocean;0
18638;102;121;255;sea;true;ocean;0
18639;96;124;255;sea;false;ocean;0
18640;135;45;255;sea;true;ocean;0
18641;110;45;255;sea;false;ocean;0
18642;76;25;255;sea;false;ocean;0
18643;97;45;255;sea;false;ocean;0
18644;80;12;255;sea;false;ocean;0
18645;97;48;255;sea;false;ocean;0
18646;97;19;255;sea;false;ocean;0
18647;106;35;255;sea;false;ocean;0
18648;62;25;255;sea;false;ocean;0
18649;126;33;255;sea;false;ocean;0
18650;117;27;255;sea;false;ocean;0
18651;84;47;255;sea;false;ocean;0
18652;74;40;255;sea;false;ocean;0
18653;71;41;255;sea;false;ocean;0
18654;125;44;255;sea;false;ocean;0
18655;95;0;255;sea;false;ocean;0
18656;67;19;255;sea;false;ocean;0
18657;113;52;255;sea;false;ocean;0
18658;129;5;255;sea;false;ocean;0
18659;69;79;255;sea;false;ocean;0
18660;58;134;255;sea;false;ocean;0
18661;91;94;255;sea;false;ocean;0
18662;38;76;255;sea;false;ocean;0
18663;48;146;255;sea;false;ocean;0
18664;46;46;255;sea;false;ocean;0
18665;32;82;255;sea;true;ocean;0
18666;31;88;255;sea;false;ocean;0
18667;51;30;255;sea;false;ocean;0
18668;12;27;255;sea;true;ocean;0
18669;22;14;255;sea;false;ocean;0
18670;50;54;255;sea;false;ocean;0
18671;38;5;255;sea;false;ocean;0
18672;3;17;255;sea;false;ocean;0
18673;38;7;255;sea;false;ocean;0
18674;33;34;255;sea;false;ocean;0
18675;75;1;255;sea;false;ocean;0
18676;4;40;255;sea;false;ocean;0
18677;30;37;255;sea;false;ocean;0
18678;40;47;255;sea;false;ocean;0
18679;18;52;255;sea;false;ocean;0
18680;11;46;255;sea;false;ocean;0
18681;68;21;255;sea;false;ocean;0
18682;14;10;255;sea;false;ocean;0
18683;50;52;255;sea;false;ocean;0
18684;25;19;255;sea;false;ocean;0
18685;46;35;255;sea;false;ocean;0
18686;60;36;255;sea;false;ocean;0
18687;45;41;255;sea;true;ocean;0
18688;67;43;255;sea;false;ocean;0
18689;97;75;255;sea;true;ocean;0
18690;95;86;255;sea;false;ocean;0
18691;91;41;255;sea;false;ocean;0
18692;75;40;255;sea;false;ocean;0
18693;66;21;255;sea;false;ocean;0
18694;76;20;255;sea;true;ocean;0
18695;93;26;255;sea;true;ocean;0
18696;73;15;255;sea;false;ocean;0
18697;104;31;255;sea;false;ocean;0
18698;54;80;255;sea;true;ocean;0
18699;107;35;255;sea;false;ocean;0
18700;96;78;255;sea;false;ocean;0
18701;88;11;255;sea;false;ocean;0
18702;79;42;255;sea;false;ocean;0
18703;123;16;255;sea;false;ocean;0
18704;133;29;255;sea;false;ocean;0
18705;120;35;255;sea;false;ocean;0
18706;94;48;255;sea;false;ocean;0
18707;83;8;255;sea;false;ocean;0
18708;112;31;255;sea;false;ocean;0
18709;126;16;255;sea;false;ocean;0
18710;152;48;255;sea;false;ocean;0
18711;102;45;255;sea;false;ocean;0
18712;116;17;255;sea;false;ocean;0
18713;88;37;255;sea;false;ocean;0
18714;131;54;255;sea;false;ocean;0
18715;132;13;255;sea;false;ocean;0
18716;138;129;255;sea;false;ocean;0
18717;105;122;255;sea;true;ocean;0
18718;117;126;255;sea;false;ocean;0
18719;71;150;255;sea;false;ocean;0
18720;66;155;255;sea;false;ocean;0
18721;87;124;255;sea;false;ocean;0
18722;132;106;255;sea;false;ocean;0
18723;119;122;255;sea;false;ocean;0
18724;67;127;255;sea;false;ocean;0
18725;62;92;255;sea;true;ocean;0
18726;140;129;255;sea;false;ocean;0
18727;22;137;255;sea;false;ocean;0
18728;55;120;255;sea;false;ocean;0
18729;55;101;255;sea;false;ocean;0
18730;20;108;255;sea;false;ocean;0
18731;22;106;255;sea;false;ocean;0
18732;54;102;255;sea;false;ocean;0
18733;29;65;255;sea;false;ocean;0
18734;5;65;255;sea;false;ocean;0
18735;73;72;255;sea;false;ocean;0
18736;110;113;255;sea;false;ocean;0
18737;55;35;255;sea;false;ocean;0
18738;51;37;255;sea;false;ocean;0
18739;4;17;255;sea;false;ocean;0
18740;34;24;255;sea;false;ocean;0
18741;31;49;255;sea;false;ocean;0
18742;51;11;255;sea;false;ocean;0
18743;6;8;255;sea;false;ocean;0
18744;131;109;255;sea;false;ocean;0
18745;112;115;255;sea;true;ocean;0
18746;99;65;255;sea;false;ocean;0
18747;136;56;255;sea;true;ocean;0
18748;84;129;255;sea;true;ocean;0
18749;101;111;255;sea;true;ocean;0
18750;87;120;255;sea;true;ocean;0
18751;95;121;255;sea;false;ocean;0
18752;115;103;255;sea;false;ocean;0
18753;44;52;255;sea;true;ocean;0
18754;34;50;255;sea;true;ocean;0
18755;21;2;255;sea;false;ocean;0
18756;0;20;255;sea;false;ocean;0
18757;9;47;255;sea;false;ocean;0
18758;27;8;255;sea;true;ocean;0
18759;50;4;255;sea;true;ocean;0
18760;4;39;255;sea;true;ocean;0
18761;31;31;255;sea;false;ocean;0
18762;56;106;255;sea;true;ocean;0
18763;116;68;255;sea;true;ocean;0
18764;125;45;255;sea;false;ocean;0
18765;119;66;255;sea;false;ocean;0
18766;79;20;255;sea;false;ocean;0
18767;57;44;255;sea;false;ocean;0
18768;101;40;255;sea;false;ocean;0
18769;78;81;255;sea;false;ocean;0
18770;58;17;255;sea;false;ocean;0
18771;75;35;255;sea;false;ocean;0
18772;116;54;255;sea;false;ocean;0
18773;82;83;255;sea;false;ocean;0
18774;109;59;255;sea;false;ocean;0
18775;78;91;255;sea;false;ocean;0
18776;6;81;255;sea;false;ocean;0
18777;10;146;255;sea;true;ocean;0
18778;21;97;255;sea;false;ocean;0
18779;14;90;255;sea;true;ocean;0
18780;12;142;255;sea;true;ocean;0
18781;41;119;255;sea;true;ocean;0
18782;126;14;255;sea;false;ocean;0
18783;90;8;255;sea;false;ocean;0
18784;126;39;255;sea;false;ocean;0
18785;158;27;255;sea;false;ocean;0
18786;109;50;255;sea;false;ocean;0
18787;133;13;255;sea;false;ocean;0
18788;123;20;255;sea;false;ocean;0
18789;129;47;255;sea;false;ocean;0
18790;147;49;255;sea;false;ocean;0
18791;161;3;255;sea;false;ocean;0
18792;94;106;255;sea;true;ocean;0
18793;51;41;255;sea;true;ocean;0
18794;95;35;255;sea;true;ocean;0
18795;102;110;255;sea;false;ocean;0
18796;82;34;255;sea;true;ocean;0
18797;17;14;255;sea;true;ocean;0
18798;56;37;255;sea;true;ocean;0
18799;17;21;255;sea;true;ocean;0
18800;61;67;255;sea;true;ocean;0
18801;30;77;255;sea;true;ocean;0
18802;69;51;255;sea;true;ocean;0
18803;15;38;255;sea;false;ocean;0
18804;40;5;255;sea;true;ocean;0
18805;53;64;255;sea;true;ocean;0
18806;7;108;255;sea;true;ocean;0
18807;30;103;255;sea;true;ocean;0
18808;39;87;255;sea;true;ocean;0
18809;40;62;255;sea;true;ocean;0
18810;5;93;255;sea;true;ocean;0
18811;36;76;255;sea;false;ocean;0
18812;41;111;255;sea;true;ocean;0
18813;11;99;255;sea;false;ocean;0
18814;2;88;255;sea;false;ocean;0
18815;3;136;255;sea;true;ocean;0
18816;34;112;255;sea;true;ocean;0
18817;26;111;255;sea;true;ocean;0
18818;8;66;255;sea;true;ocean;0
18819;107;39;255;sea;false;ocean;0
18820;85;38;255;sea;true;ocean;0
18821;60;30;255;sea;true;ocean;0
18822;84;77;255;sea;true;ocean;0
18823;41;90;255;sea;true;ocean;0
18824;114;43;255;sea;true;ocean;0
18825;45;66;255;sea;false;ocean;0
18826;95;115;255;sea;false;ocean;0
18827;103;147;255;sea;false;ocean;0
18828;62;142;255;sea;false;ocean;0
18829;110;154;255;sea;false;ocean;0
18830;67;90;255;sea;false;ocean;0
18831;59;131;255;sea;false;ocean;0
18832;120;131;255;sea;false;ocean;0
18833;86;87;255;sea;false;ocean;0
18834;78;122;255;sea;false;ocean;0
18835;122;109;255;sea;false;ocean;0
18836;58;141;255;sea;false;ocean;0
18837;77;19;255;sea;true;ocean;0
18838;97;37;255;sea;true;ocean;0
18839;21;6;255;sea;false;ocean;0
18840;21;46;255;sea;false;ocean;0
18841;6;11;255;sea;false;ocean;0
18842;33;22;255;sea;false;ocean;0
18843;30;9;255;sea;false;ocean;0
18844;44;55;255;sea;false;ocean;0
18845;91;23;255;sea;false;ocean;0
18846;45;20;255;sea;false;ocean;0
18847;75;126;255;sea;false;ocean;0
18848;90;94;255;sea;false;ocean;0
18849;121;88;255;sea;false;ocean;0
18850;134;92;255;sea;false;ocean;0
18851;142;70;255;sea;false;ocean;0
18852;71;123;255;sea;false;ocean;0
18853;66;72;255;sea;false;ocean;0
18854;78;124;255;sea;false;ocean;0
18855;111;131;255;sea;false;ocean;0
18856;11;120;255;sea;false;ocean;0
18857;1;54;255;sea;false;ocean;0
18858;40;68;255;sea;false;ocean;0
18859;6;121;255;sea;false;ocean;0
18860;20;100;255;sea;false;ocean;0
18861;16;68;255;sea;false;ocean;0
18862;37;94;255;sea;false;ocean;0
18863;9;58;255;sea;false;ocean;0
18864;12;58;255;sea;false;ocean;0
18865;16;94;255;sea;false;ocean;0
18866;18;76;255;sea;false;ocean;0
18867;42;82;255;sea;false;ocean;0
18868;74;104;255;sea;false;ocean;0
18869;148;67;255;sea;false;ocean;0
18870;88;84;255;sea;false;ocean;0
18871;138;109;255;sea;false;ocean;0
18872;76;55;255;sea;false;ocean;0
18873;133;57;255;sea;false;ocean;0
18874;78;113;255;sea;false;ocean;0
18875;124;83;255;sea;false;ocean;0
18876;129;101;255;sea;false;ocean;0
18877;34;72;255;sea;true;ocean;0
18878;50;41;255;sea;true;ocean;0
18879;76;101;255;sea;false;ocean;0
18880;23;101;255;sea;false;ocean;0
18881;62;59;255;sea;false;ocean;0
18882;70;29;255;sea;false;ocean;0
18883;36;77;255;sea;false;ocean;0
18884;39;66;255;sea;false;ocean;0
18885;43;29;255;sea;false;ocean;0
18886;21;3;255;sea;false;ocean;0
18887;62;31;255;sea;false;ocean;0
18888;19;39;255;sea;false;ocean;0
18889;0;27;255;sea;false;ocean;0
18890;71;48;255;sea;false;ocean;0
18891;31;17;255;sea;false;ocean;0
18892;38;29;255;sea;false;ocean;0
18893;35;47;255;sea;false;ocean;0
18894;33;30;255;sea;false;ocean;0
18895;67;4;255;sea;false;ocean;0
18896;40;16;255;sea;false;ocean;0
18897;74;51;255;sea;false;ocean;0
18898;24;56;255;sea;false;ocean;0
18899;70;9;255;sea;false;ocean;0
18900;97;65;255;sea;false;ocean;0
18901;117;102;255;sea;false;ocean;0
18902;82;65;255;sea;false;ocean;0
18903;95;80;255;sea;false;ocean;0
18904;113;99;255;sea;false;ocean;0
18905;92;52;255;sea;false;ocean;0
18906;103;126;255;sea;false;ocean;0
18907;150;95;255;sea;false;ocean;0
18908;108;55;255;sea;false;ocean;0
18909;44;87;255;sea;false;ocean;0
18910;74;87;255;sea;false;ocean;0
18911;88;141;255;sea;false;ocean;0
18912;37;147;255;sea;false;ocean;0
18913;91;86;255;sea;false;ocean;0
18914;37;117;255;sea;false;ocean;0
18915;40;122;255;sea;false;ocean;0
18916;47;115;255;sea;false;ocean;0
18917;82;126;255;sea;false;ocean;0
18918;87;90;255;sea;false;ocean;0
18919;70;85;255;sea;false;ocean;0
18920;71;70;255;sea;false;ocean;0
18921;67;82;255;sea;true;ocean;0
18922;115;30;255;sea;false;ocean;0
18923;112;83;255;sea;false;ocean;0
18924;115;24;255;sea;true;ocean;0
18925;92;40;255;sea;false;ocean;0
18926;46;18;255;sea;false;ocean;0
18927;85;11;255;sea;true;ocean;0
18928;43;24;255;sea;true;ocean;0
18929;44;5;255;sea;true;ocean;0
18930;53;22;255;sea;true;ocean;0
18931;43;20;255;sea;true;ocean;0
18932;24;10;255;sea;false;ocean;0
18933;60;12;255;sea;false;ocean;0
18934;38;49;255;sea;true;ocean;0
18935;53;4;255;sea;true;ocean;0
18936;63;30;255;sea;false;ocean;0
18937;68;1;255;sea;false;ocean;0
18938;144;57;255;sea;false;ocean;0
18939;108;103;255;sea;false;ocean;0
18940;114;94;255;sea;false;ocean;0
18941;155;86;255;sea;false;ocean;0
18942;115;75;255;sea;false;ocean;0
18943;150;103;255;sea;false;ocean;0
18944;138;68;255;sea;false;ocean;0
18945;153;59;255;sea;false;ocean;0
18946;82;29;255;sea;false;ocean;0
18947;118;99;255;sea;false;ocean;0
18948;118;96;255;sea;false;ocean;0
18949;149;101;255;sea;false;ocean;0
18950;144;83;255;sea;false;ocean;0
18951;88;40;255;sea;false;ocean;0
18952;103;63;255;sea;false;ocean;0
18953;135;65;255;sea;false;ocean;0
18954;85;46;255;sea;false;ocean;0
18955;127;68;255;sea;false;ocean;0
18956;119;98;255;sea;false;ocean;0
18957;118;98;255;sea;false;ocean;0
18958;31;23;255;sea;true;ocean;0
18959;58;15;255;sea;false;ocean;0
18960;66;26;255;sea;true;ocean;0
18961;27;7;255;sea;false;ocean;0
18962;8;11;255;sea;false;ocean;0
18963;5;40;255;sea;true;ocean;0
18964;58;52;255;sea;false;ocean;0
18965;87;122;255;sea;false;ocean;0
18966;127;71;255;sea;false;ocean;0
18967;124;114;255;sea;false;ocean;0
18968;136;70;255;sea;false;ocean;0
18969;138;74;255;sea;false;ocean;0
18970;60;57;255;sea;false;ocean;0
18971;44;30;255;sea;false;ocean;0
18972;12;4;255;sea;false;ocean;0
18973;39;18;255;sea;false;ocean;0
18974;73;55;255;sea;false;ocean;0
18975;44;8;255;sea;true;ocean;0
18976;49;7;255;sea;false;ocean;0
18977;22;9;255;sea;false;ocean;0
18978;22;6;255;sea;false;ocean;0
18979;0;47;255;sea;true;ocean;0
18980;65;12;255;sea;false;ocean;0
18981;65;49;255;sea;false;ocean;0
18982;3;34;255;sea;false;ocean;0
18983;39;48;255;sea;true;ocean;0
18984;79;56;255;sea;false;ocean;0
18985;55;41;255;sea;false;ocean;0
18986;68;57;255;sea;false;ocean;0
18987;3;42;255;sea;false;ocean;0
18988;18;37;255;sea;false;ocean;0
18989;4;66;255;sea;false;ocean;0
18990;11;110;255;sea;false;ocean;0
18991;14;80;255;sea;false;ocean;0
18992;18;62;255;sea;true;ocean;0
18993;7;71;255;sea;false;ocean;0
18994;15;105;255;sea;false;ocean;0
18995;31;109;255;sea;true;ocean;0
18996;34;51;255;sea;true;ocean;0
18997;109;78;255;sea;false;ocean;0
18998;120;40;255;sea;false;ocean;0
18999;147;73;255;sea;false;ocean;0
19000;159;24;255;sea;false;ocean;0
19001;113;78;255;sea;false;ocean;0
19002;105;50;255;sea;false;ocean;0
19003;104;43;255;sea;false;ocean;0
19004;125;67;255;sea;false;ocean;0
19005;148;68;255;sea;false;ocean;0
19006;93;5;255;sea;false;ocean;0
19007;160;69;255;sea;false;ocean;0
19008;154;4;255;sea;false;ocean;0
19009;101;10;255;sea;false;ocean;0
19010;134;58;255;sea;false;ocean;0
19011;81;7;255;sea;false;ocean;0
19012;117;18;255;sea;true;ocean;0
19013;60;61;255;sea;false;ocean;0
19014;115;51;255;sea;true;ocean;0
19015;92;41;255;sea;true;ocean;0
19016;67;53;255;sea;true;ocean;0
19017;116;25;255;sea;false;ocean;0
19018;102;58;255;sea;false;ocean;0
19019;98;39;255;sea;true;ocean;0
19020;113;48;255;sea;true;ocean;0
19021;17;82;255;sea;false;ocean;0
19022;23;126;255;sea;false;ocean;0
19023;55;87;255;sea;false;ocean;0
19024;1;89;255;sea;false;ocean;0
19025;38;135;255;sea;false;ocean;0
19026;40;82;255;sea;false;ocean;0
19027;43;120;255;sea;false;ocean;0
19028;48;109;255;sea;false;ocean;0
19029;4;51;255;sea;true;ocean;0
19030;3;52;255;sea;false;ocean;0
19031;39;103;255;sea;false;ocean;0
19032;46;49;255;sea;false;ocean;0
19033;8;64;255;sea;false;ocean;0
19034;44;85;255;sea;false;ocean;0
19035;49;52;255;sea;true;ocean;0
19036;0;87;255;sea;true;ocean;0
19037;19;89;255;sea;false;ocean;0
19038;18;90;255;sea;false;ocean;0
19039;29;105;255;sea;false;ocean;0
19040;12;99;255;sea;true;ocean;0
19041;23;104;255;sea;false;ocean;0
19042;6;24;255;sea;true;ocean;0
19043;39;8;255;sea;true;ocean;0
19044;1;20;255;sea;false;ocean;0
19045;9;51;255;sea;false;ocean;0
19046;24;85;255;sea;false;ocean;0
19047;42;91;255;sea;true;ocean;0
19048;23;98;255;sea;false;ocean;0
19049;24;110;255;sea;false;ocean;0
19050;73;67;255;sea;false;ocean;0
19051;42;95;255;sea;false;ocean;0
19052;0;57;255;sea;false;ocean;0
19053;55;70;255;sea;false;ocean;0
19054;42;45;255;sea;false;ocean;0
19055;45;129;255;sea;true;ocean;0
19056;20;112;255;sea;true;ocean;0
19057;11;140;255;sea;true;ocean;0
19058;18;118;255;sea;false;ocean;0
19059;42;113;255;sea;true;ocean;0
19060;12;143;255;sea;true;ocean;0
19061;83;10;255;sea;true;ocean;0
19062;82;30;255;sea;true;ocean;0
19063;98;63;255;sea;true;ocean;0
19064;91;128;255;sea;true;ocean;0
19065;128;85;255;sea;true;ocean;0
19066;72;134;255;sea;true;ocean;0
19067;111;97;255;sea;true;ocean;0
19068;93;127;255;sea;true;ocean;0
19069;104;78;255;sea;false;ocean;0
19070;94;135;255;sea;true;ocean;0
19071;121;92;255;sea;true;ocean;0
19072;129;121;255;sea;true;ocean;0
19073;152;12;255;sea;false;ocean;0
19074;144;21;255;sea;false;ocean;0
19075;135;43;255;sea;false;ocean;0
19076;142;50;255;sea;false;ocean;0
19077;104;61;255;sea;false;ocean;0
19078;127;43;255;sea;false;ocean;0
19079;155;27;255;sea;false;ocean;0
19080;89;60;255;sea;false;ocean;0
19081;152;41;255;sea;false;ocean;0
19082;114;40;255;sea;true;ocean;0
19083;56;101;255;sea;true;ocean;0
19084;37;105;255;sea;false;ocean;0
19085;77;151;255;sea;false;ocean;0
19086;63;122;255;sea;true;ocean;0
19087;16;144;255;sea;false;ocean;0
19088;25;147;255;sea;true;ocean;0
19089;17;166;255;sea;false;ocean;0
19090;16;107;255;sea;false;ocean;0
19091;91;166;255;sea;false;ocean;0
19092;92;108;255;sea;false;ocean;0
19093;85;130;255;sea;false;ocean;0
19094;44;102;255;sea;false;ocean;0
19095;24;138;255;sea;true;ocean;0
19096;92;31;255;sea;true;ocean;0
19097;56;32;255;sea;true;ocean;0
19098;38;77;255;sea;false;ocean;0
19099;59;23;255;sea;true;ocean;0
19100;63;50;255;sea;false;ocean;0
19101;67;30;255;sea;true;ocean;0
19102;56;65;255;sea;false;ocean;0
19103;86;1;255;sea;false;ocean;0
19104;83;49;255;sea;false;ocean;0
19105;60;54;255;sea;false;ocean;0
19106;34;41;255;sea;false;ocean;0
19107;82;9;255;sea;false;ocean;0
19108;64;37;255;sea;false;ocean;0
19109;78;35;255;sea;false;ocean;0
19110;96;32;255;sea;false;ocean;0
19111;93;29;255;sea;false;ocean;0
19112;87;12;255;sea;false;ocean;0
19113;66;34;255;sea;false;ocean;0
19114;96;17;255;sea;false;ocean;0
19115;7;70;255;sea;false;ocean;0
19116;27;116;255;sea;false;ocean;0
19117;56;42;255;sea;true;ocean;0
19118;1;91;255;sea;true;ocean;0
19119;53;46;255;sea;true;ocean;0
19120;29;74;255;sea;false;ocean;0
19121;17;67;255;sea;false;ocean;0
19122;38;105;255;sea;false;ocean;0
19123;56;98;255;sea;true;ocean;0
19124;52;55;255;sea;false;ocean;0
19125;56;80;255;sea;false;ocean;0
19126;38;28;255;sea;false;ocean;0
19127;37;22;255;sea;true;ocean;0
19128;22;74;255;sea;false;ocean;0
19129;45;36;255;sea;false;ocean;0
19130;10;76;255;sea;false;ocean;0
19131;53;79;255;sea;true;ocean;0
19132;1;88;255;sea;true;ocean;0
19133;12;38;255;sea;false;ocean;0
19134;15;95;255;sea;false;ocean;0
19135;56;78;255;sea;true;ocean;0
19136;38;30;255;sea;false;ocean;0
19137;17;81;255;sea;false;ocean;0
19138;56;64;255;sea;false;ocean;0
19139;20;81;255;sea;false;ocean;0
19140;46;79;255;sea;true;ocean;0
19141;48;42;255;sea;false;ocean;0
19142;48;70;255;sea;false;ocean;0
19143;6;69;255;sea;false;ocean;0
19144;21;63;255;sea;false;ocean;0
19145;32;26;255;sea;false;ocean;0
19146;40;36;255;sea;false;ocean;0
19147;21;21;255;sea;false;ocean;0
19148;6;30;255;sea;false;ocean;0
19149;34;56;255;sea;true;ocean;0
19150;2;55;255;sea;false;ocean;0
19151;3;67;255;sea;false;ocean;0
19152;18;20;255;sea;false;ocean;0
19153;5;39;255;sea;false;ocean;0
19154;8;27;255;sea;false;ocean;0
19155;20;39;255;sea;false;ocean;0
19156;7;40;255;sea;false;ocean;0
19157;23;37;255;sea;false;ocean;0
19158;43;11;255;sea;false;ocean;0
19159;24;28;255;sea;false;ocean;0
19160;14;50;255;sea;false;ocean;0
19161;25;37;255;sea;false;ocean;0
19162;2;20;255;sea;false;ocean;0
19163;1;2;255;sea;false;ocean;0
19164;48;17;255;sea;false;ocean;0
19165;63;54;255;sea;false;ocean;0
19166;132;31;255;sea;false;ocean;0
19167;77;83;255;sea;false;ocean;0
19168;132;93;255;sea;true;ocean;0
19169;90;45;255;sea;false;ocean;0
19170;62;34;255;sea;false;ocean;0
19171;138;76;255;sea;true;ocean;0
19172;70;72;255;sea;false;ocean;0
19173;78;44;255;sea;false;ocean;0
19174;99;29;255;sea;false;ocean;0
19175;70;58;255;sea;false;ocean;0
19176;68;45;255;sea;false;ocean;0
19177;109;70;255;sea;false;ocean;0
19178;67;93;255;sea;false;ocean;0
19179;119;65;255;sea;true;ocean;0
19180;131;111;255;sea;false;ocean;0
19181;132;73;255;sea;false;ocean;0
19182;94;61;255;sea;false;ocean;0
19183;93;84;255;sea;false;ocean;0
19184;60;78;255;sea;false;ocean;0
19185;103;104;255;sea;false;ocean;0
19186;58;118;255;sea;false;ocean;0
19187;81;77;255;sea;false;ocean;0
19188;68;51;255;sea;false;ocean;0
19189;93;54;255;sea;false;ocean;0
19190;132;46;255;sea;false;ocean;0
19191;97;106;255;sea;false;ocean;0
19192;50;43;255;sea;false;ocean;0
19193;37;21;255;sea;false;ocean;0
19194;7;8;255;sea;false;ocean;0
19195;54;15;255;sea;false;ocean;0
19196;23;57;255;sea;true;ocean;0
19197;83;61;255;sea;true;ocean;0
19198;94;84;255;sea;true;ocean;0
19199;28;25;128;sea;false;ocean;0
19200;8;57;128;sea;false;ocean;0
19201;39;17;128;sea;false;ocean;0
19202;26;39;128;sea;false;ocean;0
19203;11;19;128;sea;false;ocean;0
19204;112;157;128;sea;false;ocean;0
19205;117;84;128;sea;false;ocean;0
19206;137;80;128;sea;false;ocean;0
19207;98;118;128;sea;false;ocean;0
19208;100;107;128;sea;false;ocean;0
19209;71;118;128;sea;false;ocean;0
19210;101;110;128;sea;false;ocean;0
19211;67;136;128;sea;false;ocean;0
19212;140;136;128;sea;false;ocean;0
19213;136;0;128;sea;false;ocean;0
19214;62;39;128;sea;false;ocean;0
19215;41;40;128;sea;false;ocean;0
19216;46;6;128;sea;false;ocean;0
19217;109;29;128;sea;false;ocean;0
19218;108;14;128;sea;false;ocean;0
19219;81;47;128;sea;false;ocean;0
19220;54;55;128;sea;false;ocean;0
19221;108;56;128;sea;false;ocean;0
19222;67;64;128;sea;false;ocean;0
19223;31;37;128;sea;false;ocean;0
19224;123;84;128;sea;false;ocean;0
19225;128;72;128;sea;false;ocean;0
19226;120;65;128;sea;false;ocean;0
19227;125;85;128;sea;false;ocean;0
19228;79;60;128;sea;false;ocean;0
19229;115;89;128;sea;false;ocean;0
19230;56;101;128;sea;false;ocean;0
19231;99;79;128;sea;false;ocean;0
19232;57;127;128;sea;false;ocean;0
19233;135;106;128;sea;false;ocean;0
19234;95;89;128;sea;false;ocean;0
19235;27;85;128;lake;false;lakes;0
19236;30;104;128;lake;false;lakes;0
19237;29;133;128;lake;false;lakes;0
19238;132;54;128;lake;false;lakes;0
19239;140;75;128;lake;false;lakes;0
19240;93;66;128;lake;false;lakes;0
19241;131;20;128;lake;false;lakes;0
19242;121;55;128;lake;false;lakes;0
19243;81;12;128;lake;false;lakes;0
19244;105;18;128;lake;false;lakes;0
19245;95;42;128;lake;false;lakes;0
19246;147;15;128;lake;false;lakes;0
19247;141;78;128;lake;false;lakes;0
19248;106;10;128;lake;false;lakes;0
19249;105;25;128;lake;false;lakes;0
19250;94;82;128;lake;false;lakes;0
19251;139;68;128;lake;false;lakes;0
19252;76;67;128;lake;false;lakes;0
19253;139;46;128;lake;false;lakes;0
19254;86;65;128;lake;false;lakes;0
19255;72;37;128;lake;false;lakes;0
19256;141;68;128;lake;false;lakes;0
19257;129;7;128;lake;false;lakes;0
19258;96;85;128;lake;false;lakes;0
19259;113;25;128;lake;false;lakes;0
19260;122;22;128;lake;false;lakes;0
19261;132;56;128;lake;false;lakes;0
19262;114;67;128;lake;false;lakes;0
19263;93;76;128;lake;false;lakes;0
19264;86;36;128;lake;false;lakes;0
19265;117;105;128;lake;false;lakes;0
19266;100;70;128;lake;false;lakes;0
19267;48;63;128;lake;false;lakes;0
19268;67;79;128;lake;false;lakes;0
19269;76;4;128;lake;false;lakes;0
19270;82;21;128;lake;false;lakes;0
19271;147;17;128;lake;false;lakes;0
19272;0;116;128;lake;false;lakes;0
19273;83;63;128;lake;false;lakes;0
19274;102;24;128;lake;false;lakes;0
19275;52;68;128;lake;false;lakes;0
19276;85;23;128;lake;false;lakes;0
19277;17;61;128;lake;false;lakes;0
19278;45;124;128;lake;false;lakes;0
19279;43;41;128;lake;false;lakes;0
19280;100;38;128;lake;false;lakes;0
19281;54;142;128;lake;false;lakes;0
19282;149;63;128;lake;false;lakes;0
19283;11;26;128;lake;false;lakes;0
19284;6;30;128;lake;false;lakes;0
19285;75;38;128;lake;false;lakes;0
19286;75;57;128;lake;false;lakes;0
19287;102;21;128;lake;false;lakes;0
19288;30;30;128;lake;false;lakes;0
19289;98;88;128;lake;false;lakes;0
19290;16;85;128;lake;false;lakes;0
19291;10;44;128;lake;false;lakes;0
19292;56;98;128;lake;false;lakes;0
19293;68;126;128;lake;false;lakes;0
19294;55;12;128;lake;false;lakes;0
19295;62;118;128;lake;false;lakes;0
19296;92;67;128;lake;false;lakes;0
19297;22;36;128;lake;false;lakes;0
19298;31;7;128;lake;false;lakes;0
19299;105;117;128;lake;false;lakes;0
19300;129;95;128;lake;false;lakes;0
19301;4;0;128;lake;false;lakes;0
19302;18;91;128;lake;false;lakes;0
19303;0;255;255;land;false;urban;4
19304;9;55;1;land;false;urban;4
19305;89;108;1;land;false;urban;4
19306;144;182;1;land;false;urban;4
19307;222;78;1;land;true;plains;4
19308;88;10;89;land;true;urban;4
19309;124;10;1;land;true;plains;4
19310;151;183;56;land;true;plains;6
19311;0;17;90;lake;false;lakes;0
